RowNumber,CustomerId,CreditScore,Geography,Gender,Age,Tenure,Balance,NumOfProducts,HasCrCard,IsActiveMember,EstimatedSalary,Exited
15000001,Cust00001,543,Spain,Male,43,4,67427.61,1,0,0,149.35,0
15000002,Cust00002,723,Germany,Male,41,9,173911.19,1,0,0,40.48,1
15000003,Cust00003,595,Spain,Male,32,8,109638.72,1,1,0,45.36,0
15000004,Cust00004,596,France,Male,27,2,0.0,2,1,1,110.18,0
15000005,Cust00005,582,Germany,Female,26,1,95483.33,1,0,1,66.22,0
15000006,Cust00006,513,Spain,Male,18,7,80186.75,2,1,0,159.4,0
15000007,Cust00007,592,Germany,Female,32,9,82877.2,1,0,0,125.83,0
15000008,Cust00008,827,Germany,Male,48,3,38694.19,2,1,1,29.46,0
15000009,Cust00009,627,Germany,Male,37,5,10421.92,1,1,0,17.5,0
15000010,Cust00010,461,France,Male,42,2,88949.54,2,1,0,136.22,0
15000011,Cust00011,670,Germany,Male,23,3,88205.4,2,1,1,194.25,0
15000012,Cust00012,621,France,Female,47,3,68829.81,2,1,1,185.23,1
15000013,Cust00013,520,France,Female,21,9,31369.66,1,1,1,167.63,0
15000014,Cust00014,613,Germany,Female,28,1,96093.21,2,0,0,113.57,0
15000015,Cust00015,705,Germany,Female,30,9,113923.93,1,1,1,12.04,0
15000016,Cust00016,620,Germany,Male,47,10,23968.51,2,1,1,148.78,1
15000017,Cust00017,632,France,Female,41,0,136483.8,3,1,0,73.54,0
15000018,Cust00018,780,France,Female,33,10,126376.6,2,0,0,72.46,0
15000019,Cust00019,743,France,Male,37,9,138219.04,1,0,0,33.6,0
15000020,Cust00020,800,Germany,Female,46,3,73778.79,1,0,0,117.08,0
15000021,Cust00021,513,Germany,Male,18,2,126957.96,2,0,1,15.8,0
15000022,Cust00022,684,Spain,Male,49,8,62380.34,2,0,1,107.12,0
15000023,Cust00023,629,Spain,Female,54,7,43867.25,2,1,0,54.24,1
15000024,Cust00024,681,France,Male,33,9,132754.93,2,0,0,41.47,1
15000025,Cust00025,781,Spain,Male,32,1,107822.58,3,1,0,179.69,0
15000026,Cust00026,618,France,Female,39,3,32472.71,2,1,0,180.36,0
15000027,Cust00027,395,Germany,Male,33,1,0.0,1,1,1,165.6,0
15000028,Cust00028,572,France,Male,41,10,54751.7,2,0,0,52.98,0
15000029,Cust00029,559,France,Male,36,3,101051.15,1,1,0,109.05,0
15000030,Cust00030,647,France,Male,53,1,0.0,1,0,0,194.67,0
15000031,Cust00031,695,Spain,Male,38,1,228721.01,3,0,0,20.73,1
15000032,Cust00032,537,France,Female,35,0,73847.87,1,0,1,56.28,0
15000033,Cust00033,573,Germany,Female,50,4,122619.85,1,1,0,55.91,1
15000034,Cust00034,850,France,Male,53,9,112385.14,2,0,1,130.51,1
15000035,Cust00035,813,Spain,Male,27,0,40889.54,3,0,0,18.71,1
15000036,Cust00036,656,France,Male,47,6,0.0,1,0,0,14.14,0
15000037,Cust00037,709,France,Female,26,4,105362.73,1,1,0,141.59,0
15000038,Cust00038,619,France,Female,36,7,27438.3,1,0,0,36.99,0
15000039,Cust00039,780,Germany,Male,46,1,0.0,2,1,0,165.45,0
15000040,Cust00040,725,Germany,Male,65,5,92112.73,1,1,1,56.71,0
15000041,Cust00041,709,Germany,Male,24,10,0.0,2,1,0,148.21,0
15000042,Cust00042,581,France,Male,51,1,94170.49,2,0,1,26.9,0
15000043,Cust00043,720,France,Female,58,3,105377.64,2,1,1,134.22,0
15000044,Cust00044,571,Germany,Male,27,1,147832.93,2,1,0,55.84,1
15000045,Cust00045,566,Germany,Female,48,2,101592.42,2,1,0,135.29,1
15000046,Cust00046,571,Germany,Male,39,8,20850.11,1,1,0,80.5,0
15000047,Cust00047,766,France,Female,37,0,97151.42,2,0,0,179.6,0
15000048,Cust00048,850,France,Female,43,9,59591.28,2,0,0,106.0,0
15000049,Cust00049,654,Germany,Female,44,0,22856.23,1,1,1,64.07,0
15000050,Cust00050,718,Germany,Male,36,4,62145.31,1,0,1,44.47,0
15000051,Cust00051,606,Germany,Male,43,3,71484.61,2,1,1,193.12,0
15000052,Cust00052,732,Germany,Male,46,3,48316.07,1,0,1,83.78,0
15000053,Cust00053,710,Germany,Female,40,5,0.0,2,1,1,187.93,0
15000054,Cust00054,540,France,Female,57,2,79608.94,2,1,0,29.37,1
15000055,Cust00055,557,France,Female,41,6,110768.64,2,0,1,142.74,0
15000056,Cust00056,699,France,Male,53,6,107932.19,1,0,1,66.49,0
15000057,Cust00057,777,Germany,Female,43,9,314869.35,1,0,1,161.88,0
15000058,Cust00058,722,Spain,Female,48,6,56453.31,2,0,0,161.4,0
15000059,Cust00059,646,Germany,Male,29,9,61317.25,2,1,0,120.29,1
15000060,Cust00060,495,France,Female,32,7,118548.13,1,0,1,113.56,0
15000061,Cust00061,799,Germany,Male,32,10,143514.94,1,1,0,35.01,0
15000062,Cust00062,670,Germany,Female,39,3,30717.27,2,0,0,51.79,1
15000063,Cust00063,780,Germany,Male,38,7,35600.78,1,0,1,113.18,0
15000064,Cust00064,667,France,Male,47,1,0.0,2,0,0,195.44,0
15000065,Cust00065,575,Spain,Female,30,0,128850.87,2,0,1,93.97,1
15000066,Cust00066,587,France,Female,56,7,46553.39,2,1,1,43.75,0
15000067,Cust00067,686,Spain,Female,57,7,101108.87,1,0,1,135.78,0
15000068,Cust00068,603,Spain,Male,56,4,0.0,1,1,0,126.62,1
15000069,Cust00069,627,France,Male,51,2,32124.49,1,1,0,13.72,0
15000070,Cust00070,551,France,Female,58,5,0.0,2,1,0,29.49,1
15000071,Cust00071,798,France,Male,35,9,0.0,1,0,1,86.32,0
15000072,Cust00072,512,France,Female,52,8,165358.94,2,0,1,19.56,1
15000073,Cust00073,630,France,Male,50,6,76634.45,1,1,0,135.49,0
15000074,Cust00074,713,Germany,Male,38,6,83038.08,2,0,0,121.71,0
15000075,Cust00075,715,France,Female,55,2,0.0,1,1,1,97.61,1
15000076,Cust00076,590,France,Female,38,4,93421.5,2,1,1,83.97,0
15000077,Cust00077,590,France,Male,35,5,45433.94,1,0,0,170.68,0
15000078,Cust00078,679,Germany,Male,34,0,131775.19,2,0,0,142.68,0
15000079,Cust00079,702,France,Male,46,7,115036.99,2,1,0,64.3,0
15000080,Cust00080,661,Germany,Male,30,2,74704.1,3,0,0,163.49,0
15000081,Cust00081,799,Spain,Female,52,6,39322.57,3,0,0,75.41,0
15000082,Cust00082,652,Germany,Male,33,1,156939.69,2,1,0,153.61,0
15000083,Cust00083,623,Spain,Male,45,5,56763.46,2,1,0,84.56,0
15000084,Cust00084,707,France,Female,31,7,82013.75,1,1,1,190.56,0
15000085,Cust00085,765,France,Female,28,9,205728.01,2,1,1,66.42,0
15000086,Cust00086,710,Spain,Female,24,5,114695.43,2,0,1,153.2,0
15000087,Cust00087,449,France,Female,37,9,20370.23,2,1,1,21.88,1
15000088,Cust00088,619,Germany,Male,57,7,24819.17,1,1,1,178.78,1
15000089,Cust00089,608,Spain,Female,42,8,41049.08,1,0,0,127.84,1
15000090,Cust00090,672,France,Male,40,7,46795.63,2,1,1,166.33,0
15000091,Cust00091,586,France,Male,22,6,0.0,2,1,1,164.62,0
15000092,Cust00092,791,Spain,Female,52,8,95276.27,1,1,1,26.78,0
15000093,Cust00093,620,France,Male,47,5,66083.81,1,0,0,32.02,1
15000094,Cust00094,570,France,Female,37,1,96008.55,2,1,0,99.58,0
15000095,Cust00095,511,France,Male,43,4,171029.81,1,0,1,192.85,0
15000096,Cust00096,651,France,Female,28,1,89893.73,2,1,1,175.17,0
15000097,Cust00097,850,France,Male,39,4,28073.39,3,1,0,194.2,0
15000098,Cust00098,576,France,Male,42,9,209497.31,2,0,0,142.5,1
15000099,Cust00099,639,Spain,Female,47,1,87367.2,4,0,1,19.59,0
15000100,Cust00100,592,Germany,Male,48,8,23937.25,1,1,1,128.21,0
15000101,Cust00101,466,Germany,Female,18,9,43403.19,2,0,0,121.31,0
15000102,Cust00102,697,France,Male,41,2,20298.29,1,0,0,164.81,1
15000103,Cust00103,642,France,Female,23,4,189550.44,1,1,1,187.29,0
15000104,Cust00104,779,France,Male,34,4,0.0,2,0,1,164.19,1
15000105,Cust00105,639,France,Male,36,4,152744.61,2,0,0,89.4,1
15000106,Cust00106,654,France,Female,37,7,76325.11,1,1,1,174.43,0
15000107,Cust00107,518,Spain,Female,33,7,114616.7,1,0,1,96.15,0
15000108,Cust00108,772,Spain,Male,43,1,0.0,1,0,1,137.95,0
15000109,Cust00109,661,Germany,Male,41,7,29593.83,2,1,1,109.34,0
15000110,Cust00110,818,Spain,Female,55,1,203766.37,2,1,1,172.06,0
15000111,Cust00111,792,France,Male,35,5,136237.4,1,1,1,36.33,0
15000112,Cust00112,481,France,Male,47,7,141622.32,1,1,1,51.25,1
15000113,Cust00113,669,Germany,Male,24,10,0.0,2,1,1,181.89,1
15000114,Cust00114,517,Spain,Female,18,10,176974.16,1,0,0,159.11,0
15000115,Cust00115,649,France,Female,19,7,72556.04,2,1,0,97.78,1
15000116,Cust00116,714,Spain,Male,42,2,0.0,1,0,1,73.13,1
15000117,Cust00117,721,Germany,Male,42,7,17727.45,3,0,1,45.38,0
15000118,Cust00118,698,France,Female,34,6,14884.99,2,1,0,100.58,0
15000119,Cust00119,512,France,Male,32,9,26841.88,2,0,0,44.45,0
15000120,Cust00120,653,Germany,Female,35,5,197812.96,3,1,0,79.85,1
15000121,Cust00121,731,France,Female,30,2,89266.75,1,1,1,176.11,0
15000122,Cust00122,594,Germany,Female,31,7,43108.93,3,0,0,152.42,0
15000123,Cust00123,589,France,Female,34,0,0.0,1,1,1,127.85,0
15000124,Cust00124,679,Spain,Male,18,7,111746.53,3,0,1,152.27,0
15000125,Cust00125,796,Germany,Female,71,1,145413.64,2,1,0,31.26,0
15000126,Cust00126,513,France,Male,18,1,29106.25,2,1,1,56.83,0
15000127,Cust00127,670,France,Male,30,5,8944.02,2,1,1,33.64,0
15000128,Cust00128,792,Germany,Female,48,8,75505.7,1,0,0,139.35,0
15000129,Cust00129,607,Germany,Male,38,1,22600.38,1,0,0,121.91,0
15000130,Cust00130,517,Spain,Male,55,0,21711.67,1,0,1,35.11,0
15000131,Cust00131,652,France,Male,48,8,194383.83,1,0,0,78.3,1
15000132,Cust00132,603,Spain,Female,39,9,35660.16,2,1,0,55.84,1
15000133,Cust00133,409,Spain,Female,31,4,22432.57,2,1,1,43.77,0
15000134,Cust00134,562,France,Female,45,5,61185.22,4,1,1,196.67,0
15000135,Cust00135,700,France,Female,31,3,122834.26,4,1,0,43.3,1
15000136,Cust00136,702,Spain,Female,40,4,0.0,1,1,1,116.23,1
15000137,Cust00137,676,Germany,Male,30,9,111377.12,2,1,0,72.18,0
15000138,Cust00138,563,France,Male,18,9,92102.8,1,0,0,56.82,0
15000139,Cust00139,850,Spain,Female,45,7,0.0,1,1,0,40.17,1
15000140,Cust00140,613,France,Female,20,2,22654.37,1,1,1,20.79,0
15000141,Cust00141,756,France,Female,49,4,40232.7,2,1,0,59.13,0
15000142,Cust00142,573,France,Male,46,10,0.0,2,1,1,123.58,1
15000143,Cust00143,666,France,Female,44,8,63411.19,1,1,1,167.99,0
15000144,Cust00144,635,Germany,Female,38,1,81368.57,2,1,0,45.25,0
15000145,Cust00145,592,Germany,Female,50,9,91774.09,1,0,1,37.42,0
15000146,Cust00146,609,France,Female,44,1,100456.03,1,0,1,41.93,0
15000147,Cust00147,624,France,Male,41,8,204674.85,1,1,1,78.82,0
15000148,Cust00148,553,Spain,Female,48,9,0.0,2,0,1,165.34,0
15000149,Cust00149,498,Germany,Female,18,4,54206.16,1,1,0,152.3,0
15000150,Cust00150,437,Germany,Female,38,1,127423.15,4,1,1,181.02,1
15000151,Cust00151,665,France,Male,40,7,123793.64,1,0,0,33.09,1
15000152,Cust00152,610,France,Male,44,9,96986.78,1,0,0,74.3,0
15000153,Cust00153,603,France,Male,44,9,216782.96,1,0,0,179.95,0
15000154,Cust00154,567,Germany,Male,42,10,127480.82,2,0,0,69.92,0
15000155,Cust00155,616,Germany,Female,38,0,46385.24,1,0,0,155.1,0
15000156,Cust00156,556,Spain,Male,47,7,59267.75,1,1,0,166.22,0
15000157,Cust00157,742,France,Male,33,10,99392.63,2,1,0,54.33,1
15000158,Cust00158,830,France,Female,48,6,101632.96,2,1,1,132.18,1
15000159,Cust00159,666,France,Male,29,1,0.0,1,1,1,45.32,0
15000160,Cust00160,644,Spain,Female,47,8,116570.67,2,0,0,86.76,0
15000161,Cust00161,630,Spain,Male,41,6,6219.68,2,0,1,106.61,0
15000162,Cust00162,719,France,Female,38,1,82782.48,1,1,1,175.83,0
15000163,Cust00163,674,France,Female,43,1,89880.81,1,0,0,144.67,0
15000164,Cust00164,600,Spain,Female,25,2,174777.57,2,1,0,125.67,0
15000165,Cust00165,850,Germany,Female,27,0,68201.21,3,1,1,197.13,1
15000166,Cust00166,609,Spain,Male,43,10,66203.51,2,0,1,86.41,0
15000167,Cust00167,627,France,Female,26,9,0.0,1,1,0,112.57,0
15000168,Cust00168,810,Spain,Female,44,0,55181.35,1,1,1,76.57,0
15000169,Cust00169,649,France,Male,35,9,0.0,2,0,0,37.62,0
15000170,Cust00170,716,Germany,Male,23,8,61682.06,1,1,1,90.18,0
15000171,Cust00171,552,France,Female,58,9,145847.03,2,0,0,13.47,1
15000172,Cust00172,543,Spain,Male,43,4,59328.9,1,1,1,192.64,0
15000173,Cust00173,574,France,Male,66,8,79671.54,1,1,0,23.68,1
15000174,Cust00174,597,Spain,Female,45,8,40432.96,2,0,0,180.73,0
15000175,Cust00175,783,Spain,Male,37,3,42307.66,1,0,0,117.75,0
15000176,Cust00176,450,France,Male,18,0,153257.28,2,1,0,94.3,1
15000177,Cust00177,635,Spain,Male,34,8,52970.67,2,1,0,173.88,0
15000178,Cust00178,818,Spain,Female,43,0,7144.3,2,0,1,62.17,0
15000179,Cust00179,582,Spain,Female,48,4,154836.42,1,0,1,16.12,1
15000180,Cust00180,696,Germany,Female,29,5,43479.74,1,0,0,137.99,0
15000181,Cust00181,728,France,Male,24,6,120205.9,2,1,0,29.79,0
15000182,Cust00182,761,France,Male,27,8,53620.1,2,1,1,172.73,0
15000183,Cust00183,489,Germany,Male,26,3,114188.01,1,1,0,66.4,1
15000184,Cust00184,750,France,Male,57,2,43591.17,3,1,1,179.71,0
15000185,Cust00185,722,Germany,Female,30,10,0.0,3,1,1,122.57,1
15000186,Cust00186,812,France,Female,22,10,0.0,1,1,0,88.38,0
15000187,Cust00187,743,France,Female,40,7,70003.79,1,1,1,155.32,1
15000188,Cust00188,644,Germany,Male,37,9,53456.04,2,1,1,162.17,0
15000189,Cust00189,590,Germany,Male,41,7,0.0,3,0,1,130.73,0
15000190,Cust00190,683,Spain,Male,33,7,77142.9,1,1,0,168.8,0
15000191,Cust00191,493,France,Male,32,7,27745.11,4,0,1,14.48,0
15000192,Cust00192,695,France,Female,44,5,139807.65,2,0,1,115.74,1
15000193,Cust00193,553,France,Female,40,4,136926.84,1,0,1,124.5,1
15000194,Cust00194,527,Spain,Female,43,4,0.0,3,1,0,183.82,0
15000195,Cust00195,616,Germany,Female,31,8,77617.65,1,1,0,42.43,0
15000196,Cust00196,514,Germany,Male,40,10,38085.9,2,1,0,125.0,0
15000197,Cust00197,705,France,Male,27,5,0.0,3,1,0,146.9,1
15000198,Cust00198,667,France,Male,18,4,106585.71,2,0,0,100.97,0
15000199,Cust00199,708,Germany,Male,28,9,119419.21,1,0,0,16.89,0
15000200,Cust00200,640,Germany,Male,21,7,234725.24,1,1,0,20.72,0
15000201,Cust00201,667,Spain,Female,50,3,32403.06,2,1,1,31.15,0
15000202,Cust00202,823,France,Female,34,7,37128.04,2,1,1,104.65,0
15000203,Cust00203,545,Germany,Male,45,4,41127.06,1,1,1,162.09,0
15000204,Cust00204,626,France,Male,48,4,30917.5,1,0,1,122.55,0
15000205,Cust00205,752,Spain,Female,37,1,114481.67,3,0,1,45.99,0
15000206,Cust00206,753,Germany,Female,39,0,110707.01,1,1,0,149.39,0
15000207,Cust00207,503,France,Male,47,0,104469.16,1,0,1,58.19,0
15000208,Cust00208,669,France,Female,37,7,102636.33,2,0,1,197.67,0
15000209,Cust00209,692,France,Male,40,0,0.0,1,0,1,184.03,1
15000210,Cust00210,715,France,Female,35,1,73547.58,1,1,1,194.53,1
15000211,Cust00211,515,Germany,Female,38,9,77844.88,2,0,0,71.31,1
15000212,Cust00212,604,France,Female,43,3,89772.29,2,0,0,33.79,0
15000213,Cust00213,689,France,Male,51,6,20534.35,2,0,1,23.35,0
15000214,Cust00214,507,France,Male,18,5,139974.36,2,1,0,160.45,0
15000215,Cust00215,718,Spain,Female,40,2,131157.11,1,1,0,55.03,0
15000216,Cust00216,785,Spain,Female,38,10,43928.12,1,0,0,161.97,0
15000217,Cust00217,488,Germany,Male,63,4,53504.01,1,0,0,176.12,1
15000218,Cust00218,622,France,Female,18,8,49948.42,2,0,0,150.4,0
15000219,Cust00219,464,Germany,Male,23,10,19043.58,1,0,1,67.0,0
15000220,Cust00220,629,France,Female,24,6,137027.99,1,0,1,139.45,0
15000221,Cust00221,762,France,Female,37,1,117838.81,2,0,1,126.93,0
15000222,Cust00222,599,Germany,Female,55,5,36460.12,1,1,1,107.9,0
15000223,Cust00223,602,Spain,Female,31,2,41560.42,2,1,1,158.34,1
15000224,Cust00224,595,Germany,Female,36,9,164071.26,4,1,0,194.16,1
15000225,Cust00225,582,Spain,Female,28,8,105227.76,2,0,0,165.19,1
15000226,Cust00226,822,Spain,Female,30,0,171945.32,1,0,1,112.49,0
15000227,Cust00227,702,Germany,Male,31,9,51962.5,1,1,1,178.97,0
15000228,Cust00228,573,Germany,Male,49,8,65029.27,1,1,1,115.11,1
15000229,Cust00229,569,France,Male,22,7,30682.34,2,0,1,147.73,0
15000230,Cust00230,671,Spain,Male,37,9,43908.1,1,1,0,52.61,1
15000231,Cust00231,765,Germany,Female,37,2,149680.38,2,1,0,101.83,0
15000232,Cust00232,827,Germany,Female,41,10,118277.27,1,0,1,76.74,0
15000233,Cust00233,739,Germany,Male,44,5,53723.89,2,0,0,161.71,0
15000234,Cust00234,698,France,Female,42,0,126869.9,1,1,1,174.92,0
15000235,Cust00235,587,Spain,Male,49,1,148496.33,1,1,1,127.92,0
15000236,Cust00236,664,Germany,Male,43,2,65638.68,4,0,1,177.48,0
15000237,Cust00237,690,Spain,Male,51,8,25349.99,2,0,0,41.38,0
15000238,Cust00238,654,Germany,Male,42,1,87848.14,2,1,0,106.91,1
15000239,Cust00239,793,Germany,Male,23,5,122267.72,3,1,0,130.83,1
15000240,Cust00240,801,Spain,Female,40,2,91461.79,2,0,0,31.22,0
15000241,Cust00241,666,Spain,Male,36,10,93299.33,2,1,0,130.57,0
15000242,Cust00242,551,France,Male,42,10,142565.17,2,1,0,23.82,0
15000243,Cust00243,603,France,Male,39,7,32592.51,2,1,1,76.37,0
15000244,Cust00244,686,Germany,Female,39,4,41346.85,2,0,0,175.72,0
15000245,Cust00245,486,France,Male,55,5,71923.48,2,1,1,140.14,0
15000246,Cust00246,438,Germany,Female,33,2,0.0,2,0,1,199.46,0
15000247,Cust00247,757,France,Female,42,3,44872.64,1,0,1,142.11,0
15000248,Cust00248,640,Germany,Female,52,3,116312.47,3,0,1,62.65,0
15000249,Cust00249,736,Spain,Male,58,2,9654.74,2,1,1,86.15,0
15000250,Cust00250,788,France,Male,35,6,0.0,2,0,0,54.46,0
15000251,Cust00251,675,France,Female,37,7,145272.34,2,1,1,193.99,0
15000252,Cust00252,692,Germany,Female,35,2,111325.57,2,1,1,157.78,0
15000253,Cust00253,769,France,Male,45,5,158407.46,2,0,1,35.81,0
15000254,Cust00254,822,Germany,Female,43,9,34063.68,2,0,0,102.01,0
15000255,Cust00255,497,France,Female,37,8,0.0,3,0,0,23.14,0
15000256,Cust00256,468,France,Male,44,0,48336.63,1,1,1,161.74,0
15000257,Cust00257,748,France,Male,33,5,0.0,3,1,0,124.4,1
15000258,Cust00258,645,Spain,Female,25,9,16047.48,1,1,1,173.56,0
15000259,Cust00259,700,France,Female,37,10,4181.39,1,1,1,127.83,0
15000260,Cust00260,453,Spain,Male,57,9,88919.73,2,0,0,12.85,0
15000261,Cust00261,632,France,Female,35,2,33716.98,2,0,0,17.28,0
15000262,Cust00262,711,Spain,Male,29,0,187456.56,1,1,0,36.08,0
15000263,Cust00263,676,France,Female,31,0,111500.13,2,0,1,42.65,0
15000264,Cust00264,587,France,Female,29,5,79697.08,3,1,1,144.52,0
15000265,Cust00265,594,Spain,Female,45,9,100396.09,2,0,1,145.96,0
15000266,Cust00266,668,France,Female,49,4,157678.43,2,1,1,165.0,0
15000267,Cust00267,614,Spain,Female,60,4,33270.36,1,1,1,110.49,0
15000268,Cust00268,603,Germany,Male,40,4,35612.08,1,0,1,22.41,0
15000269,Cust00269,550,Spain,Female,34,3,102298.29,1,1,1,195.44,0
15000270,Cust00270,850,Spain,Male,32,3,74490.02,1,0,0,160.25,1
15000271,Cust00271,541,France,Female,57,1,103052.07,2,0,0,54.18,0
15000272,Cust00272,489,Germany,Male,44,6,60042.65,2,1,1,139.56,0
15000273,Cust00273,471,Germany,Female,42,5,116126.15,1,0,0,151.37,0
15000274,Cust00274,750,France,Male,28,2,89916.01,1,0,0,81.13,0
15000275,Cust00275,493,France,Female,56,2,47549.18,3,1,0,102.98,1
15000276,Cust00276,782,Spain,Male,31,5,167545.5,1,1,0,122.95,0
15000277,Cust00277,681,France,Male,31,1,100539.82,1,1,1,146.29,0
15000278,Cust00278,614,France,Female,34,4,109703.21,2,0,0,104.04,0
15000279,Cust00279,539,Spain,Female,46,6,0.0,2,0,1,78.9,0
15000280,Cust00280,761,France,Male,41,7,0.0,1,0,0,84.91,1
15000281,Cust00281,500,France,Female,32,5,97483.24,1,0,1,194.3,0
15000282,Cust00282,526,Spain,Male,35,10,80762.96,1,1,0,24.89,0
15000283,Cust00283,712,Spain,Female,48,1,45387.09,2,1,1,92.44,0
15000284,Cust00284,616,France,Male,22,7,54383.57,1,1,1,144.58,0
15000285,Cust00285,684,Germany,Male,34,3,204758.37,2,0,1,170.55,0
15000286,Cust00286,631,France,Male,52,0,59939.39,2,0,0,175.1,1
15000287,Cust00287,637,Germany,Female,37,1,73692.22,2,1,0,111.39,0
15000288,Cust00288,458,France,Male,26,7,80875.38,1,1,1,187.5,0
15000289,Cust00289,448,Spain,Female,48,0,97482.29,1,0,0,96.95,0
15000290,Cust00290,550,France,Female,70,1,144707.33,2,0,0,137.04,0
15000291,Cust00291,676,France,Female,44,6,10688.24,1,0,1,194.31,0
15000292,Cust00292,670,Germany,Female,30,6,64177.69,1,0,1,94.87,1
15000293,Cust00293,647,Germany,Female,47,8,106732.28,1,0,0,189.53,0
15000294,Cust00294,750,Germany,Female,60,10,88468.14,2,1,1,127.77,0
15000295,Cust00295,545,France,Female,50,2,149595.88,1,0,0,51.76,0
15000296,Cust00296,577,France,Male,55,3,94763.4,1,0,0,134.08,0
15000297,Cust00297,682,Spain,Male,37,3,96383.27,2,1,1,175.57,0
15000298,Cust00298,742,France,Male,53,2,60862.29,2,1,0,150.57,0
15000299,Cust00299,719,Spain,Female,51,9,0.0,2,1,0,163.68,1
15000300,Cust00300,662,France,Male,44,6,66696.55,1,0,0,93.33,0
15000301,Cust00301,527,France,Female,36,0,76965.9,4,1,1,72.35,0
15000302,Cust00302,443,France,Female,19,6,14533.67,1,1,0,142.44,0
15000303,Cust00303,666,France,Male,30,7,0.0,3,1,1,53.95,0
15000304,Cust00304,850,France,Male,30,4,33334.68,1,0,1,137.29,0
15000305,Cust00305,606,France,Male,48,0,55860.45,1,0,0,109.11,1
15000306,Cust00306,492,Germany,Male,37,7,0.0,1,1,1,75.5,0
15000307,Cust00307,715,France,Male,49,1,227264.65,2,1,0,125.89,0
15000308,Cust00308,676,Spain,Female,44,3,123053.57,2,1,1,146.73,0
15000309,Cust00309,631,Spain,Female,39,4,72119.23,1,1,1,22.39,1
15000310,Cust00310,640,Germany,Female,44,5,0.0,3,1,1,30.17,1
15000311,Cust00311,466,Spain,Male,27,2,7577.46,1,1,1,162.77,0
15000312,Cust00312,740,France,Female,42,9,14643.06,2,1,1,126.35,0
15000313,Cust00313,556,Germany,Female,27,7,62072.74,1,1,0,45.24,1
15000314,Cust00314,680,Spain,Male,44,8,38715.21,4,0,0,110.26,0
15000315,Cust00315,784,France,Male,20,0,103309.43,1,0,0,192.99,0
15000316,Cust00316,608,France,Female,37,5,83763.92,1,1,1,114.99,1
15000317,Cust00317,622,Spain,Female,39,0,109684.48,1,1,1,165.83,1
15000318,Cust00318,817,Germany,Female,42,2,0.0,1,0,0,51.08,1
15000319,Cust00319,727,Spain,Female,24,5,33039.88,1,1,0,158.52,0
15000320,Cust00320,676,France,Male,31,3,34243.58,1,0,0,91.09,1
15000321,Cust00321,700,France,Female,28,0,208999.25,2,0,0,121.87,0
15000322,Cust00322,637,France,Female,29,9,64512.17,4,0,0,174.07,1
15000323,Cust00323,502,Germany,Female,38,4,66885.88,1,0,1,125.74,0
15000324,Cust00324,850,Spain,Male,40,2,70526.51,3,1,0,84.88,0
15000325,Cust00325,743,Spain,Female,29,1,177625.24,1,0,1,91.93,0
15000326,Cust00326,806,Spain,Female,50,2,111276.95,2,0,1,198.35,1
15000327,Cust00327,544,France,Male,33,5,63378.02,2,1,1,27.19,1
15000328,Cust00328,576,France,Female,30,7,78113.18,1,1,1,78.09,0
15000329,Cust00329,694,Spain,Female,40,1,0.0,2,1,0,177.33,0
15000330,Cust00330,533,France,Male,61,6,152115.48,2,0,1,72.3,0
15000331,Cust00331,659,France,Male,56,4,101979.18,1,1,0,98.92,1
15000332,Cust00332,561,France,Female,30,8,109402.87,2,1,0,191.99,1
15000333,Cust00333,802,France,Male,39,9,0.0,2,1,1,29.27,1
15000334,Cust00334,708,France,Male,34,8,143661.23,3,0,0,76.69,0
15000335,Cust00335,657,France,Female,25,4,56382.68,1,0,0,198.58,1
15000336,Cust00336,687,France,Female,46,7,219798.43,2,1,1,170.14,0
15000337,Cust00337,698,Spain,Female,40,9,56834.78,2,1,0,35.14,1
15000338,Cust00338,522,France,Female,44,5,27268.65,2,1,1,144.95,0
15000339,Cust00339,850,France,Male,18,4,107495.46,1,0,1,86.03,0
15000340,Cust00340,730,Germany,Female,25,4,75623.6,2,1,0,108.46,1
15000341,Cust00341,704,France,Female,38,5,69868.84,1,0,0,82.94,0
15000342,Cust00342,577,Spain,Female,44,3,65152.5,1,1,0,68.58,0
15000343,Cust00343,654,Germany,Female,43,10,20294.99,2,1,0,76.41,1
15000344,Cust00344,728,France,Female,39,6,74448.33,1,1,1,166.45,0
15000345,Cust00345,407,Germany,Female,53,8,110584.24,1,1,0,44.04,1
15000346,Cust00346,632,France,Female,38,2,38210.24,2,0,1,38.66,0
15000347,Cust00347,476,France,Female,38,1,108840.95,1,1,0,193.54,0
15000348,Cust00348,636,Spain,Male,30,7,17761.21,1,1,0,106.66,0
15000349,Cust00349,557,France,Male,24,4,113195.58,1,0,0,128.1,0
15000350,Cust00350,793,Spain,Female,42,4,62766.54,1,0,1,22.6,0
15000351,Cust00351,595,France,Female,39,5,55100.67,1,0,0,196.92,1
15000352,Cust00352,620,France,Male,33,10,37969.03,2,0,0,33.94,0
15000353,Cust00353,502,France,Female,33,7,86565.81,1,1,0,107.28,1
15000354,Cust00354,739,Spain,Female,48,0,0.0,2,0,1,128.92,0
15000355,Cust00355,765,France,Male,22,3,62064.55,1,0,0,80.51,0
15000356,Cust00356,401,Spain,Female,34,5,40256.36,1,0,1,149.65,0
15000357,Cust00357,554,France,Female,31,9,100291.85,1,1,0,112.17,0
15000358,Cust00358,634,Germany,Male,37,10,150187.43,2,1,0,114.56,0
15000359,Cust00359,762,France,Male,37,4,18137.39,1,1,0,39.36,0
15000360,Cust00360,495,France,Male,28,9,0.0,1,0,1,100.97,0
15000361,Cust00361,759,Spain,Male,54,8,63021.93,1,1,0,179.6,1
15000362,Cust00362,603,Germany,Male,25,5,118031.4,3,1,0,93.71,1
15000363,Cust00363,676,France,Female,61,6,38445.67,2,1,1,135.62,0
15000364,Cust00364,577,France,Male,46,3,77984.26,1,1,0,127.03,0
15000365,Cust00365,628,France,Female,43,9,33981.65,2,1,0,107.81,0
15000366,Cust00366,667,France,Female,38,8,53350.06,2,0,1,27.03,0
15000367,Cust00367,715,Germany,Male,23,10,15759.93,2,1,0,77.09,0
15000368,Cust00368,719,France,Male,50,7,149513.66,2,0,0,46.0,1
15000369,Cust00369,529,Spain,Female,48,9,29078.7,2,0,0,129.06,0
15000370,Cust00370,703,Germany,Male,32,9,158348.04,1,1,0,33.94,1
15000371,Cust00371,789,Spain,Female,43,9,210230.15,1,0,0,18.93,0
15000372,Cust00372,752,Germany,Male,57,4,109374.36,2,0,0,152.39,1
15000373,Cust00373,592,Spain,Male,33,10,23969.0,1,0,1,186.41,0
15000374,Cust00374,544,France,Male,23,10,203484.84,2,0,1,92.66,0
15000375,Cust00375,521,France,Female,35,7,58837.58,3,1,0,178.63,0
15000376,Cust00376,677,Germany,Male,48,7,65638.45,2,1,0,165.21,0
15000377,Cust00377,735,France,Female,35,3,175655.43,2,1,1,170.14,0
15000378,Cust00378,525,Spain,Female,46,5,87223.34,2,0,0,135.01,1
15000379,Cust00379,652,Germany,Female,42,0,35615.87,1,0,1,165.56,0
15000380,Cust00380,813,Germany,Female,21,3,95147.65,4,0,1,169.89,1
15000381,Cust00381,823,Germany,Female,40,1,237304.35,2,1,0,67.24,1
15000382,Cust00382,714,Germany,Male,44,0,155964.67,1,1,0,176.06,0
15000383,Cust00383,729,France,Male,36,0,93.51,1,0,0,12.76,0
15000384,Cust00384,568,Spain,Female,27,0,63040.56,1,1,0,198.45,0
15000385,Cust00385,719,France,Male,31,7,112491.86,1,1,0,115.91,0
15000386,Cust00386,591,France,Female,53,5,150191.15,2,0,1,46.54,0
15000387,Cust00387,510,Germany,Male,36,10,76910.67,4,0,0,154.83,0
15000388,Cust00388,614,France,Male,25,7,120787.64,1,0,0,39.14,0
15000389,Cust00389,486,Spain,Female,56,3,51222.56,1,0,0,178.49,0
15000390,Cust00390,771,Spain,Female,54,5,0.0,3,1,0,88.99,1
15000391,Cust00391,662,Spain,Male,31,8,234608.36,2,1,0,132.4,0
15000392,Cust00392,766,Spain,Female,30,3,203813.22,2,0,1,117.12,0
15000393,Cust00393,649,France,Male,49,7,112736.67,1,0,1,62.0,0
15000394,Cust00394,606,France,Male,52,5,65448.55,3,0,1,25.56,0
15000395,Cust00395,383,Spain,Female,45,8,135228.92,2,1,0,160.05,1
15000396,Cust00396,470,France,Female,46,3,31557.02,1,0,1,38.87,0
15000397,Cust00397,668,Spain,Female,37,6,68451.65,2,0,0,124.06,0
15000398,Cust00398,705,France,Male,44,2,151704.09,2,1,0,90.62,0
15000399,Cust00399,765,France,Male,35,0,16514.77,1,1,0,169.72,0
15000400,Cust00400,542,Spain,Female,18,10,45691.34,2,0,0,122.09,1
15000401,Cust00401,749,France,Male,39,2,0.0,2,1,1,67.46,0
15000402,Cust00402,598,France,Female,35,1,107843.21,2,0,1,170.13,0
15000403,Cust00403,669,France,Male,25,4,0.0,2,0,1,36.23,0
15000404,Cust00404,606,France,Female,33,9,178998.07,1,0,1,104.83,0
15000405,Cust00405,687,Germany,Male,31,3,105064.0,2,0,0,126.33,0
15000406,Cust00406,630,France,Male,31,7,69790.45,1,0,0,135.16,0
15000407,Cust00407,569,Germany,Female,28,3,24733.42,1,1,1,182.28,0
15000408,Cust00408,623,France,Female,27,1,168546.69,2,0,0,154.53,1
15000409,Cust00409,659,Spain,Male,37,6,29672.88,1,1,1,17.35,0
15000410,Cust00410,622,France,Male,25,8,121684.32,2,1,0,88.7,0
15000411,Cust00411,639,Germany,Male,38,7,107988.23,1,1,0,188.06,0
15000412,Cust00412,529,Spain,Male,31,2,125244.41,1,1,0,60.17,1
15000413,Cust00413,657,France,Male,41,5,0.0,1,1,1,98.68,1
15000414,Cust00414,572,Spain,Male,41,6,30455.32,2,0,0,77.06,0
15000415,Cust00415,621,France,Male,40,8,147215.52,1,1,1,109.92,0
15000416,Cust00416,658,France,Male,39,8,24689.41,1,1,0,144.78,0
15000417,Cust00417,606,France,Male,26,3,0.0,1,1,1,42.33,0
15000418,Cust00418,847,Spain,Female,60,7,114387.56,1,0,0,88.82,1
15000419,Cust00419,587,Germany,Male,38,2,30863.82,1,1,1,163.41,0
15000420,Cust00420,573,France,Female,37,3,35950.22,2,1,1,159.61,0
15000421,Cust00421,511,France,Female,32,9,16893.63,1,1,0,154.03,1
15000422,Cust00422,499,France,Female,39,6,57907.7,2,1,1,176.91,0
15000423,Cust00423,556,France,Female,47,7,71174.09,2,0,0,112.81,0
15000424,Cust00424,760,Germany,Male,37,1,49565.83,1,0,0,135.13,1
15000425,Cust00425,684,France,Male,39,9,0.0,2,0,0,65.27,0
15000426,Cust00426,772,France,Female,53,2,48266.04,1,1,0,130.94,1
15000427,Cust00427,744,France,Male,38,9,128871.97,1,1,1,40.85,1
15000428,Cust00428,611,Spain,Male,45,5,55243.93,1,0,1,70.87,0
15000429,Cust00429,579,Germany,Male,27,9,102263.14,2,0,1,94.22,0
15000430,Cust00430,785,Germany,Female,40,0,77501.61,1,1,0,177.78,0
15000431,Cust00431,760,Spain,Male,37,10,104047.05,4,0,1,197.0,0
15000432,Cust00432,744,France,Female,53,5,64397.06,3,1,1,42.37,1
15000433,Cust00433,572,France,Male,51,0,236552.95,2,1,0,146.96,0
15000434,Cust00434,776,France,Female,44,9,86444.58,4,0,0,173.2,1
15000435,Cust00435,634,France,Male,26,3,146672.47,2,1,1,100.05,0
15000436,Cust00436,647,Germany,Male,52,2,156413.66,1,1,1,78.62,0
15000437,Cust00437,595,France,Female,27,9,44703.95,2,0,1,145.57,0
15000438,Cust00438,619,France,Male,33,1,176153.29,1,0,0,76.76,0
15000439,Cust00439,640,France,Male,51,2,170321.6,1,0,1,77.6,1
15000440,Cust00440,681,France,Male,51,1,19970.48,2,1,0,196.05,1
15000441,Cust00441,611,Germany,Female,25,9,149636.12,1,1,1,140.72,1
15000442,Cust00442,520,France,Female,43,10,130020.43,3,1,0,169.2,0
15000443,Cust00443,748,Spain,Female,39,3,196213.6,2,0,1,68.7,0
15000444,Cust00444,696,Spain,Male,23,2,97739.07,2,1,0,188.34,1
15000445,Cust00445,676,France,Male,44,10,144801.39,2,1,0,60.19,0
15000446,Cust00446,556,France,Female,45,5,67776.71,1,0,1,116.92,0
15000447,Cust00447,674,France,Male,50,1,68536.37,1,0,0,114.32,1
15000448,Cust00448,641,France,Female,37,2,42809.65,2,1,1,31.93,0
15000449,Cust00449,608,France,Female,41,9,87810.98,2,0,0,63.93,0
15000450,Cust00450,709,Germany,Male,46,4,121806.25,1,1,0,183.14,1
15000451,Cust00451,713,France,Female,27,2,143330.89,2,0,1,167.76,0
15000452,Cust00452,826,Spain,Female,33,0,98771.81,1,0,1,32.28,0
15000453,Cust00453,469,France,Male,35,3,54342.36,1,1,1,13.34,0
15000454,Cust00454,547,France,Female,34,9,10671.69,2,1,0,124.09,1
15000455,Cust00455,720,France,Male,48,4,182058.03,2,1,0,179.65,1
15000456,Cust00456,761,France,Female,30,1,80343.23,2,0,1,17.55,0
15000457,Cust00457,675,France,Female,27,1,90778.88,2,1,0,28.74,0
15000458,Cust00458,746,France,Male,45,7,87754.06,1,1,1,167.74,0
15000459,Cust00459,791,Germany,Male,18,2,118028.27,2,0,0,70.9,0
15000460,Cust00460,741,Germany,Female,34,9,67478.19,1,0,1,124.76,0
15000461,Cust00461,552,France,Female,55,9,157524.7,2,1,1,122.83,1
15000462,Cust00462,569,Germany,Male,46,8,60744.13,2,0,0,107.84,0
15000463,Cust00463,791,France,Male,61,3,65095.08,2,0,0,190.65,0
15000464,Cust00464,668,Germany,Female,44,3,37395.74,4,0,1,106.68,1
15000465,Cust00465,628,Spain,Male,29,1,0.0,1,1,1,100.3,0
15000466,Cust00466,722,Spain,Male,18,9,0.0,2,1,0,48.06,0
15000467,Cust00467,754,France,Male,38,1,0.0,2,0,1,12.04,0
15000468,Cust00468,661,Germany,Female,31,4,0.0,1,1,1,119.12,1
15000469,Cust00469,564,France,Male,36,9,117623.08,2,1,0,27.46,0
15000470,Cust00470,652,Germany,Male,40,0,142712.44,2,1,1,76.25,1
15000471,Cust00471,611,Germany,Female,58,4,72239.03,1,1,0,198.64,0
15000472,Cust00472,497,France,Female,30,7,0.0,2,1,1,85.57,0
15000473,Cust00473,738,Spain,Male,40,3,107540.95,1,1,1,125.89,0
15000474,Cust00474,664,Germany,Male,32,8,46050.21,2,0,1,191.51,0
15000475,Cust00475,570,France,Male,55,2,131604.04,1,0,0,32.64,1
15000476,Cust00476,555,France,Female,18,3,62909.93,1,1,1,80.75,0
15000477,Cust00477,699,France,Male,36,3,80764.82,1,1,0,26.15,0
15000478,Cust00478,785,France,Female,36,5,8395.26,1,1,0,137.36,0
15000479,Cust00479,669,France,Male,36,9,77168.68,2,0,0,131.22,0
15000480,Cust00480,684,Spain,Female,46,10,38028.88,1,0,0,176.13,0
15000481,Cust00481,487,France,Male,25,9,82730.7,2,0,1,13.21,0
15000482,Cust00482,658,Germany,Female,30,6,41979.06,2,1,1,102.85,0
15000483,Cust00483,732,France,Female,39,9,12284.14,1,1,1,75.86,0
15000484,Cust00484,820,France,Male,52,5,35933.91,4,1,1,170.82,1
15000485,Cust00485,624,Spain,Female,24,3,132987.56,1,0,0,68.89,0
15000486,Cust00486,674,Germany,Female,53,10,93899.01,1,0,0,161.89,0
15000487,Cust00487,473,Germany,Female,36,6,126270.11,1,0,0,71.27,0
15000488,Cust00488,758,Spain,Female,50,10,140017.86,1,1,0,124.6,0
15000489,Cust00489,557,Germany,Male,25,4,50529.51,1,0,1,92.37,0
15000490,Cust00490,783,Spain,Male,33,10,157239.14,2,0,0,15.81,0
15000491,Cust00491,756,Spain,Female,31,6,63028.24,2,1,1,88.42,0
15000492,Cust00492,593,France,Male,24,7,0.0,1,0,1,125.49,0
15000493,Cust00493,645,Spain,Female,37,8,93369.99,1,0,0,141.08,1
15000494,Cust00494,650,France,Female,25,9,109869.62,2,1,0,16.2,0
15000495,Cust00495,544,Spain,Male,33,7,69204.19,1,0,1,16.85,0
15000496,Cust00496,803,France,Female,34,3,59954.64,2,0,0,15.41,0
15000497,Cust00497,641,Germany,Male,44,2,57680.22,2,1,1,32.95,0
15000498,Cust00498,685,France,Male,40,0,148733.73,2,1,0,178.91,0
15000499,Cust00499,700,Germany,Male,36,0,103758.45,2,0,0,83.86,0
15000500,Cust00500,850,France,Male,18,1,183415.93,1,1,0,40.13,1
15000501,Cust00501,547,France,Female,45,7,107052.36,2,1,1,94.24,0
15000502,Cust00502,604,Germany,Female,28,7,65575.08,1,0,0,47.78,0
15000503,Cust00503,633,Germany,Female,18,0,122370.44,1,0,0,120.71,0
15000504,Cust00504,622,Spain,Male,25,1,0.0,1,0,1,129.36,0
15000505,Cust00505,607,France,Male,50,9,197417.54,4,0,0,128.3,1
15000506,Cust00506,505,France,Female,23,6,239949.29,1,1,1,18.46,0
15000507,Cust00507,615,France,Male,40,4,104996.98,1,0,1,111.81,0
15000508,Cust00508,614,Spain,Female,41,1,114537.46,2,0,1,161.11,1
15000509,Cust00509,674,France,Male,42,9,74185.71,1,1,0,102.36,0
15000510,Cust00510,587,France,Male,49,0,19844.6,2,0,1,81.94,0
15000511,Cust00511,850,France,Male,31,1,161215.16,2,1,0,107.63,0
15000512,Cust00512,677,Germany,Male,35,1,72596.57,3,0,1,174.59,0
15000513,Cust00513,761,France,Female,43,0,116003.37,1,0,0,119.4,0
15000514,Cust00514,367,France,Female,35,6,112800.52,2,0,0,179.79,1
15000515,Cust00515,837,France,Male,45,5,88073.64,1,1,1,14.61,0
15000516,Cust00516,689,France,Female,35,2,28081.58,1,1,1,147.59,0
15000517,Cust00517,564,France,Female,27,6,0.0,2,0,0,163.04,1
15000518,Cust00518,699,Spain,Male,30,1,135093.75,1,1,1,191.96,0
15000519,Cust00519,690,France,Female,45,9,108003.05,1,0,1,150.95,0
15000520,Cust00520,717,France,Female,31,7,149712.63,1,1,1,156.33,1
15000521,Cust00521,571,Germany,Male,41,10,142349.31,2,0,1,27.75,0
15000522,Cust00522,636,France,Female,37,10,34138.95,2,1,0,88.03,0
15000523,Cust00523,652,Spain,Male,29,0,56906.39,2,0,1,163.76,0
15000524,Cust00524,571,Germany,Male,44,7,76074.74,1,1,1,67.62,1
15000525,Cust00525,634,France,Female,45,6,134129.35,2,0,1,20.49,0
15000526,Cust00526,559,Spain,Male,30,7,28313.17,1,0,1,66.81,0
15000527,Cust00527,502,France,Female,47,6,63982.78,1,0,0,71.76,0
15000528,Cust00528,676,Germany,Female,36,8,79715.82,2,1,1,132.05,0
15000529,Cust00529,650,France,Male,52,7,0.0,1,1,1,34.23,0
15000530,Cust00530,768,France,Male,49,0,187631.69,1,1,1,95.93,0
15000531,Cust00531,730,France,Male,40,7,45518.56,1,1,0,56.73,0
15000532,Cust00532,850,France,Male,44,6,141733.01,1,0,1,162.95,0
15000533,Cust00533,473,France,Male,42,7,44444.26,2,0,1,62.3,1
15000534,Cust00534,664,Spain,Female,37,9,43506.52,2,0,0,36.29,0
15000535,Cust00535,589,France,Female,28,10,145503.9,2,1,1,11.03,0
15000536,Cust00536,664,Spain,Male,38,4,55670.53,1,1,1,63.2,0
15000537,Cust00537,623,France,Female,47,9,22237.93,2,1,1,70.78,0
15000538,Cust00538,733,Germany,Male,29,3,46474.31,1,1,1,62.1,0
15000539,Cust00539,628,France,Male,40,8,88002.57,2,1,0,92.99,0
15000540,Cust00540,594,Spain,Female,46,10,92452.47,2,1,1,193.21,0
15000541,Cust00541,700,Spain,Male,18,6,67674.69,1,0,0,130.58,0
15000542,Cust00542,668,Germany,Female,29,10,81496.77,1,0,1,136.95,0
15000543,Cust00543,607,Spain,Female,31,7,56403.48,1,0,1,158.76,0
15000544,Cust00544,707,Germany,Female,39,10,76032.73,1,1,1,79.05,0
15000545,Cust00545,515,Germany,Female,22,8,0.0,1,1,0,50.48,0
15000546,Cust00546,789,Germany,Female,22,3,47898.6,3,1,0,20.9,0
15000547,Cust00547,614,Germany,Female,41,7,94629.41,1,0,0,51.07,0
15000548,Cust00548,547,Spain,Male,61,6,117569.8,1,1,1,177.35,1
15000549,Cust00549,772,Spain,Female,20,0,126709.16,1,0,0,36.82,1
15000550,Cust00550,807,France,Male,46,10,2256.46,2,1,1,70.65,0
15000551,Cust00551,565,Spain,Male,28,5,115580.3,2,0,0,179.25,0
15000552,Cust00552,553,France,Female,22,1,78536.99,1,0,1,21.98,0
15000553,Cust00553,503,France,Female,46,8,44180.76,2,0,0,13.78,0
15000554,Cust00554,554,France,Male,25,0,61826.81,2,1,1,14.65,0
15000555,Cust00555,642,Germany,Female,18,4,64156.28,2,1,0,111.35,0
15000556,Cust00556,702,Germany,Female,38,8,77392.89,2,1,1,98.71,1
15000557,Cust00557,661,Germany,Male,25,5,145087.95,2,0,0,157.28,0
15000558,Cust00558,706,Germany,Male,55,10,117717.4,1,0,1,195.47,0
15000559,Cust00559,744,France,Female,34,10,40436.69,2,0,0,14.32,1
15000560,Cust00560,509,Spain,Male,29,1,0.0,1,0,1,108.89,0
15000561,Cust00561,714,Spain,Male,39,4,79155.04,1,1,1,171.09,0
15000562,Cust00562,570,France,Male,45,8,0.0,1,0,0,97.56,0
15000563,Cust00563,583,France,Male,36,4,0.0,2,1,0,152.27,1
15000564,Cust00564,672,Germany,Female,37,6,77294.96,2,0,1,192.02,1
15000565,Cust00565,682,France,Female,24,8,37785.59,1,0,1,48.01,0
15000566,Cust00566,673,Germany,Female,27,0,7089.61,2,0,0,158.67,1
15000567,Cust00567,537,Spain,Female,43,8,146689.24,2,0,1,84.36,0
15000568,Cust00568,694,Spain,Female,47,3,61490.77,1,0,0,76.24,1
15000569,Cust00569,545,Spain,Female,48,3,71291.04,1,0,1,144.76,0
15000570,Cust00570,667,France,Male,36,4,0.0,1,1,1,192.05,0
15000571,Cust00571,730,Spain,Male,60,1,76421.59,1,0,0,25.41,1
15000572,Cust00572,797,France,Female,31,9,0.0,1,1,1,97.88,0
15000573,Cust00573,692,France,Female,22,3,59467.56,2,1,1,20.45,0
15000574,Cust00574,694,France,Female,42,7,0.0,2,1,1,56.73,0
15000575,Cust00575,665,France,Male,60,4,0.0,2,0,0,24.81,1
15000576,Cust00576,651,Germany,Male,38,1,102405.01,2,0,1,46.93,0
15000577,Cust00577,557,France,Male,30,8,106248.08,1,1,0,101.13,0
15000578,Cust00578,695,France,Female,47,2,16700.94,2,0,1,132.08,0
15000579,Cust00579,709,France,Male,54,9,98048.03,2,0,1,105.29,1
15000580,Cust00580,708,Spain,Male,35,7,0.0,3,0,0,54.22,0
15000581,Cust00581,635,France,Female,47,5,47970.4,1,0,1,148.75,0
15000582,Cust00582,626,Germany,Male,28,0,206182.75,4,1,0,16.51,0
15000583,Cust00583,520,Spain,Female,34,4,35852.41,2,0,1,86.19,0
15000584,Cust00584,746,France,Male,20,8,0.0,1,0,1,153.56,0
15000585,Cust00585,782,Germany,Female,30,7,125018.79,2,0,0,117.61,0
15000586,Cust00586,558,France,Female,24,3,76884.93,1,0,1,56.44,0
15000587,Cust00587,502,Germany,Male,33,6,118551.74,2,0,1,190.64,0
15000588,Cust00588,660,France,Male,59,10,176267.18,2,0,0,120.64,1
15000589,Cust00589,785,Spain,Male,28,2,0.0,2,0,0,179.98,1
15000590,Cust00590,648,France,Male,33,8,0.0,3,0,1,101.03,0
15000591,Cust00591,614,France,Female,24,7,98545.18,1,1,0,73.67,0
15000592,Cust00592,669,Germany,Male,42,9,0.0,2,1,0,24.45,0
15000593,Cust00593,749,France,Female,42,9,101066.27,2,0,1,73.78,0
15000594,Cust00594,680,France,Male,46,8,0.0,2,1,0,134.73,0
15000595,Cust00595,716,France,Male,32,8,70945.59,2,0,0,35.17,0
15000596,Cust00596,545,France,Male,18,10,8590.75,2,1,1,21.33,0
15000597,Cust00597,625,Spain,Female,45,3,4774.77,3,1,1,151.22,0
15000598,Cust00598,555,Germany,Male,50,6,150034.78,1,1,0,68.25,0
15000599,Cust00599,790,France,Female,32,4,104647.78,1,0,0,81.11,0
15000600,Cust00600,572,France,Male,19,5,81289.72,1,0,0,135.93,0
15000601,Cust00601,704,Spain,Female,28,8,108395.87,1,1,1,158.54,0
15000602,Cust00602,505,France,Male,39,6,116327.91,2,1,0,19.02,0
15000603,Cust00603,653,Spain,Female,49,4,14120.24,2,1,0,154.45,0
15000604,Cust00604,632,Spain,Male,27,7,113616.83,2,0,0,107.18,1
15000605,Cust00605,728,France,Female,43,8,131034.64,2,0,0,146.01,0
15000606,Cust00606,690,Spain,Male,37,2,117287.3,2,1,0,142.28,1
15000607,Cust00607,525,France,Male,47,9,37730.3,1,1,1,47.9,0
15000608,Cust00608,724,Spain,Male,24,2,103249.08,2,1,0,195.94,1
15000609,Cust00609,420,Spain,Female,43,3,179818.53,1,0,0,190.0,0
15000610,Cust00610,731,France,Male,37,2,119123.34,1,1,1,41.81,0
15000611,Cust00611,644,France,Male,34,8,71560.85,1,0,0,169.57,0
15000612,Cust00612,705,Spain,Female,43,5,131203.76,3,1,0,55.41,0
15000613,Cust00613,824,France,Female,43,9,79085.97,1,0,1,20.77,0
15000614,Cust00614,599,Spain,Female,38,5,106505.17,3,1,1,174.04,0
15000615,Cust00615,542,Germany,Female,18,3,144023.47,2,1,1,35.89,0
15000616,Cust00616,709,Germany,Female,26,1,141716.06,1,1,0,175.7,0
15000617,Cust00617,656,France,Female,45,6,0.0,3,0,1,119.06,1
15000618,Cust00618,520,France,Female,30,1,12178.97,2,0,1,65.36,0
15000619,Cust00619,584,France,Female,21,2,144986.68,3,0,1,149.48,0
15000620,Cust00620,486,France,Male,36,4,42780.31,1,0,0,159.13,0
15000621,Cust00621,701,France,Male,25,1,152620.32,3,1,0,21.69,0
15000622,Cust00622,789,Spain,Male,36,7,145278.73,1,1,1,132.29,0
15000623,Cust00623,621,Germany,Female,34,7,0.0,1,1,1,152.93,1
15000624,Cust00624,645,Spain,Male,32,8,97314.85,2,1,0,63.22,0
15000625,Cust00625,795,France,Male,38,7,28973.29,4,1,1,44.9,0
15000626,Cust00626,560,France,Male,31,6,0.0,2,1,1,144.16,0
15000627,Cust00627,482,France,Female,21,3,35698.52,1,1,1,49.81,0
15000628,Cust00628,656,France,Female,36,5,88850.57,1,1,1,65.33,0
15000629,Cust00629,641,Spain,Male,30,1,86962.89,2,0,1,25.29,0
15000630,Cust00630,778,France,Male,40,7,179754.03,2,0,1,28.4,0
15000631,Cust00631,764,Germany,Female,23,7,127443.41,1,0,1,13.86,1
15000632,Cust00632,561,France,Male,49,4,6402.22,2,0,1,126.29,0
15000633,Cust00633,629,France,Female,49,8,92832.71,2,1,1,189.93,1
15000634,Cust00634,762,France,Male,41,9,140933.7,2,0,1,122.05,0
15000635,Cust00635,618,Spain,Female,35,7,73304.43,2,1,1,121.17,0
15000636,Cust00636,617,Germany,Male,20,10,145709.91,2,1,1,191.98,0
15000637,Cust00637,567,Spain,Male,44,1,12780.81,1,0,1,195.65,0
15000638,Cust00638,729,France,Female,36,9,67848.7,2,1,1,152.44,0
15000639,Cust00639,651,Germany,Female,33,6,0.0,1,0,0,147.73,0
15000640,Cust00640,716,Spain,Male,37,3,0.0,1,0,0,126.91,1
15000641,Cust00641,684,Germany,Male,32,0,92336.21,2,0,0,48.66,1
15000642,Cust00642,583,France,Female,44,4,27406.53,1,1,1,13.6,0
15000643,Cust00643,813,France,Male,27,0,24427.02,1,1,1,22.82,0
15000644,Cust00644,672,France,Female,34,8,40036.7,1,0,1,125.67,0
15000645,Cust00645,515,Spain,Female,43,8,105264.14,2,1,1,187.28,0
15000646,Cust00646,735,France,Male,40,7,129887.68,1,1,1,127.57,0
15000647,Cust00647,664,France,Male,29,5,78352.15,1,0,1,81.14,0
15000648,Cust00648,517,France,Male,46,6,27268.87,2,0,0,112.74,0
15000649,Cust00649,850,France,Female,41,6,120736.88,1,1,1,159.82,0
15000650,Cust00650,815,France,Male,29,8,38436.63,2,1,1,57.94,0
15000651,Cust00651,604,Spain,Female,59,6,28467.29,1,0,0,187.96,1
15000652,Cust00652,465,France,Female,18,9,77574.08,2,1,0,15.14,0
15000653,Cust00653,674,France,Male,37,2,33236.88,4,1,1,186.22,1
15000654,Cust00654,728,France,Male,33,3,0.0,1,0,1,88.43,0
15000655,Cust00655,702,France,Female,34,5,58654.87,2,0,1,24.32,1
15000656,Cust00656,742,Germany,Male,26,0,111378.01,1,1,0,177.64,0
15000657,Cust00657,659,France,Female,34,6,38041.32,2,0,0,69.55,0
15000658,Cust00658,523,Germany,Male,19,0,0.0,1,0,0,112.22,0
15000659,Cust00659,540,Spain,Female,43,5,109930.42,1,0,0,69.17,0
15000660,Cust00660,568,Spain,Male,23,5,61752.42,2,0,0,106.56,1
15000661,Cust00661,690,France,Male,39,2,261086.06,2,0,1,47.64,0
15000662,Cust00662,708,France,Male,47,9,102045.86,2,1,0,169.36,0
15000663,Cust00663,555,France,Male,60,7,5884.92,1,1,0,41.31,1
15000664,Cust00664,621,Spain,Male,43,2,50123.26,2,1,1,142.16,0
15000665,Cust00665,623,France,Male,48,0,132944.18,2,1,0,108.32,1
15000666,Cust00666,620,France,Female,42,8,62544.94,1,1,0,77.96,0
15000667,Cust00667,635,Spain,Female,64,7,102843.51,1,0,0,57.37,0
15000668,Cust00668,850,France,Female,31,8,139325.76,1,0,1,55.26,0
15000669,Cust00669,754,Germany,Female,20,9,0.0,1,0,1,113.23,1
15000670,Cust00670,650,Spain,Male,49,9,0.0,1,1,1,43.45,1
15000671,Cust00671,674,Spain,Male,41,0,133304.75,2,0,0,111.64,0
15000672,Cust00672,610,France,Female,27,3,20488.53,1,1,1,33.15,0
15000673,Cust00673,637,Spain,Female,27,0,116370.45,1,0,0,85.06,0
15000674,Cust00674,645,France,Female,39,1,57420.05,2,0,1,106.98,0
15000675,Cust00675,544,Germany,Female,66,5,7058.04,2,0,1,129.77,0
15000676,Cust00676,818,Spain,Female,47,1,93399.46,3,0,0,12.89,0
15000677,Cust00677,449,Spain,Male,42,3,100127.87,2,0,0,170.39,0
15000678,Cust00678,630,Spain,Male,35,10,0.0,2,1,1,160.6,0
15000679,Cust00679,623,France,Male,29,8,72061.48,1,1,0,84.3,0
15000680,Cust00680,670,Spain,Female,48,5,38384.58,2,1,1,113.39,0
15000681,Cust00681,546,Spain,Female,51,9,45502.05,1,0,1,92.93,0
15000682,Cust00682,632,Germany,Female,30,5,37290.59,3,1,1,77.25,1
15000683,Cust00683,773,France,Female,31,9,0.0,1,0,1,147.6,1
15000684,Cust00684,540,Germany,Male,48,5,116394.36,1,1,0,12.58,1
15000685,Cust00685,675,France,Male,35,2,75595.68,1,0,0,163.05,0
15000686,Cust00686,789,France,Female,54,9,104351.39,3,0,1,23.56,0
15000687,Cust00687,540,France,Male,45,9,124921.51,2,0,1,162.77,1
15000688,Cust00688,716,France,Female,38,5,163008.94,2,1,1,137.85,0
15000689,Cust00689,684,France,Male,33,10,46271.44,2,0,1,179.29,1
15000690,Cust00690,752,Spain,Female,40,8,181397.36,2,1,0,154.4,1
15000691,Cust00691,641,Spain,Female,40,7,134361.26,2,0,0,130.52,0
15000692,Cust00692,587,Germany,Male,24,2,23446.7,1,1,0,146.4,0
15000693,Cust00693,731,France,Female,26,8,27344.76,1,0,0,51.62,0
15000694,Cust00694,795,France,Female,36,10,19719.12,2,0,0,106.83,1
15000695,Cust00695,738,Germany,Female,43,10,139896.0,3,0,0,161.49,0
15000696,Cust00696,703,France,Female,25,3,86654.04,1,0,1,60.91,0
15000697,Cust00697,552,France,Female,25,9,20505.67,1,0,0,47.09,1
15000698,Cust00698,531,France,Male,45,1,128586.8,2,0,0,123.51,0
15000699,Cust00699,558,Germany,Male,44,5,114789.12,2,0,1,154.8,0
15000700,Cust00700,499,France,Male,53,8,97678.3,1,1,1,92.71,0
15000701,Cust00701,714,Germany,Male,39,6,59666.21,2,0,1,72.05,1
15000702,Cust00702,680,France,Female,34,0,96773.6,2,0,0,199.27,0
15000703,Cust00703,761,France,Female,43,1,0.0,1,1,0,23.71,0
15000704,Cust00704,626,Spain,Male,29,5,12965.65,2,0,0,163.46,1
15000705,Cust00705,476,Germany,Male,37,0,67661.2,1,1,1,159.13,0
15000706,Cust00706,777,Spain,Male,45,5,114568.34,2,1,1,134.67,0
15000707,Cust00707,742,Germany,Female,42,0,143640.79,2,1,0,117.48,0
15000708,Cust00708,652,Germany,Male,41,2,84983.05,1,1,0,121.93,1
15000709,Cust00709,520,France,Male,34,6,172931.63,1,0,1,144.7,0
15000710,Cust00710,448,Germany,Female,31,7,98794.26,2,0,0,123.81,0
15000711,Cust00711,643,Spain,Male,44,2,130884.35,1,0,1,123.11,0
15000712,Cust00712,792,Germany,Male,30,10,10347.73,3,0,1,138.53,1
15000713,Cust00713,524,Spain,Male,59,2,76229.13,1,0,0,142.76,0
15000714,Cust00714,811,Germany,Female,47,6,152314.22,1,1,0,40.52,0
15000715,Cust00715,741,France,Male,44,0,21451.51,2,1,0,97.03,0
15000716,Cust00716,731,France,Male,43,5,172357.95,1,1,0,43.08,0
15000717,Cust00717,555,Spain,Female,42,2,104723.89,2,1,1,192.61,0
15000718,Cust00718,539,France,Male,71,6,90961.96,2,0,1,86.96,0
15000719,Cust00719,483,France,Male,42,3,63322.78,1,1,1,121.22,0
15000720,Cust00720,606,Germany,Male,50,6,71415.25,1,0,1,20.83,0
15000721,Cust00721,681,France,Male,40,8,28986.51,1,1,0,177.5,0
15000722,Cust00722,572,France,Female,46,0,115030.83,2,0,0,50.92,1
15000723,Cust00723,677,France,Female,47,4,36842.18,2,1,1,199.48,0
15000724,Cust00724,631,France,Male,38,7,43981.36,2,1,0,98.89,0
15000725,Cust00725,586,France,Male,35,6,29712.14,1,1,0,24.43,1
15000726,Cust00726,622,Spain,Male,30,7,45548.47,1,1,0,99.66,0
15000727,Cust00727,486,France,Male,35,7,61027.16,2,0,1,194.91,0
15000728,Cust00728,549,Germany,Male,32,6,1401.55,2,0,0,161.88,0
15000729,Cust00729,781,Spain,Male,32,2,54180.88,2,0,0,59.47,0
15000730,Cust00730,596,France,Female,25,4,112891.83,2,0,0,22.82,0
15000731,Cust00731,465,France,Female,33,0,18544.7,2,1,0,174.42,0
15000732,Cust00732,678,France,Male,36,9,53702.96,2,1,1,117.48,0
15000733,Cust00733,513,Spain,Male,40,3,242968.09,2,1,0,38.23,1
15000734,Cust00734,570,France,Female,46,0,71002.82,1,0,1,103.2,0
15000735,Cust00735,536,France,Male,48,6,41928.5,4,0,1,21.77,0
15000736,Cust00736,728,Spain,Male,18,7,189618.54,2,1,0,148.03,1
15000737,Cust00737,767,France,Female,43,6,98861.46,2,1,0,70.32,0
15000738,Cust00738,731,France,Female,39,5,58709.23,2,0,0,198.01,0
15000739,Cust00739,350,France,Male,37,7,0.0,2,1,1,151.17,0
15000740,Cust00740,614,France,Female,21,2,134989.86,2,1,1,169.43,0
15000741,Cust00741,602,France,Male,19,4,18683.11,4,0,0,96.8,1
15000742,Cust00742,806,Spain,Male,41,3,194056.47,2,1,1,48.12,1
15000743,Cust00743,448,France,Male,62,0,66139.2,2,1,1,54.44,0
15000744,Cust00744,544,France,Female,47,0,89440.08,1,1,1,136.06,0
15000745,Cust00745,692,Spain,Male,31,2,24089.73,1,1,1,52.34,0
15000746,Cust00746,671,Germany,Male,33,7,7498.51,1,1,1,65.0,0
15000747,Cust00747,661,Germany,Male,51,8,44181.83,1,1,0,80.44,1
15000748,Cust00748,696,Spain,Female,28,1,43064.71,3,1,0,170.73,1
15000749,Cust00749,615,France,Male,25,9,118244.29,2,0,0,52.24,0
15000750,Cust00750,767,Germany,Female,43,0,109158.67,1,0,1,60.75,0
15000751,Cust00751,581,France,Female,30,3,104419.98,2,0,0,97.62,0
15000752,Cust00752,585,France,Male,35,1,17936.6,1,0,1,102.88,0
15000753,Cust00753,802,France,Female,41,7,64385.6,2,1,1,99.47,0
15000754,Cust00754,602,Germany,Male,35,3,0.0,2,1,1,40.2,0
15000755,Cust00755,592,Spain,Male,32,4,162076.94,3,0,1,167.41,0
15000756,Cust00756,670,France,Female,25,0,123628.85,2,1,0,107.5,0
15000757,Cust00757,655,France,Female,43,8,319426.74,1,1,0,20.5,0
15000758,Cust00758,677,France,Male,32,0,58178.25,3,0,0,93.82,0
15000759,Cust00759,673,Spain,Female,37,2,49697.35,3,1,0,55.88,1
15000760,Cust00760,541,France,Female,28,8,50195.95,1,0,0,64.12,0
15000761,Cust00761,681,Spain,Male,33,6,153943.25,1,1,1,152.9,0
15000762,Cust00762,827,Spain,Female,33,9,118501.48,1,1,0,55.78,0
15000763,Cust00763,797,Spain,Male,36,7,117456.6,2,0,1,23.51,1
15000764,Cust00764,643,France,Female,39,7,63928.77,1,0,0,55.31,0
15000765,Cust00765,716,Spain,Female,39,6,91638.9,1,1,1,187.38,0
15000766,Cust00766,606,France,Female,21,1,129887.58,1,1,0,139.24,1
15000767,Cust00767,745,France,Male,28,8,135228.63,1,0,1,64.23,0
15000768,Cust00768,627,France,Female,49,8,38553.2,2,1,0,128.69,0
15000769,Cust00769,605,Spain,Female,19,6,51666.79,1,0,1,75.9,0
15000770,Cust00770,539,France,Female,25,8,96091.54,2,0,0,186.51,0
15000771,Cust00771,849,Spain,Female,38,1,0.0,2,1,1,57.62,0
15000772,Cust00772,796,Germany,Male,33,4,104933.6,3,0,0,152.97,0
15000773,Cust00773,624,Spain,Female,27,5,184336.52,2,0,0,87.05,1
15000774,Cust00774,591,France,Male,44,2,24880.12,2,1,1,141.61,0
15000775,Cust00775,672,Spain,Male,32,3,10493.43,2,1,1,92.26,0
15000776,Cust00776,643,Germany,Female,56,6,0.0,2,1,0,65.42,0
15000777,Cust00777,661,Spain,Female,22,2,199211.11,2,0,1,42.07,0
15000778,Cust00778,568,Germany,Male,26,8,154349.81,2,1,0,181.56,0
15000779,Cust00779,833,Germany,Male,43,6,88388.25,2,1,1,166.17,0
15000780,Cust00780,557,France,Female,46,8,0.0,1,0,1,180.8,1
15000781,Cust00781,551,Spain,Female,36,6,81789.09,1,0,0,120.03,1
15000782,Cust00782,707,Spain,Male,36,7,170016.43,2,0,0,196.33,1
15000783,Cust00783,482,Germany,Female,38,9,62843.04,3,0,1,111.6,0
15000784,Cust00784,567,Spain,Female,44,6,0.0,1,0,1,188.34,0
15000785,Cust00785,514,Spain,Male,33,8,193036.63,1,1,0,53.81,0
15000786,Cust00786,604,Spain,Female,45,1,143126.85,2,0,0,120.17,0
15000787,Cust00787,760,Spain,Female,36,7,158199.39,2,0,0,77.3,0
15000788,Cust00788,378,Spain,Male,32,10,0.0,2,1,0,73.03,0
15000789,Cust00789,696,Spain,Male,33,7,110207.93,2,1,1,83.01,0
15000790,Cust00790,612,Germany,Female,43,4,0.0,1,1,1,83.69,1
15000791,Cust00791,647,France,Male,40,9,103851.56,1,1,0,111.47,0
15000792,Cust00792,555,France,Male,32,4,104117.54,1,1,1,88.06,0
15000793,Cust00793,637,France,Male,38,9,103706.1,1,0,1,146.09,0
15000794,Cust00794,665,France,Male,30,7,113833.4,1,0,1,32.99,0
15000795,Cust00795,440,Germany,Male,31,7,89901.42,2,1,1,78.03,0
15000796,Cust00796,764,France,Male,50,3,102380.38,2,1,0,168.56,0
15000797,Cust00797,547,Germany,Male,22,0,32014.66,1,1,1,31.01,0
15000798,Cust00798,669,Spain,Male,18,6,41556.1,2,1,1,138.73,0
15000799,Cust00799,534,Spain,Female,24,0,51467.8,1,1,1,40.64,0
15000800,Cust00800,680,Germany,Male,34,1,0.0,3,1,1,177.19,0
15000801,Cust00801,683,Spain,Female,57,5,77140.9,1,0,1,192.08,0
15000802,Cust00802,716,France,Male,35,10,89966.38,2,0,1,187.58,0
15000803,Cust00803,841,Germany,Female,24,8,181555.91,1,0,0,153.2,1
15000804,Cust00804,703,France,Male,41,10,124059.64,1,0,1,91.98,0
15000805,Cust00805,627,France,Male,40,0,60591.23,3,0,0,113.12,0
15000806,Cust00806,679,France,Male,50,6,64477.56,2,0,0,82.64,0
15000807,Cust00807,714,France,Female,37,10,151576.19,3,1,1,108.16,0
15000808,Cust00808,690,Spain,Female,18,4,70143.56,1,0,1,72.46,0
15000809,Cust00809,779,France,Female,28,0,155326.83,1,1,0,137.84,0
15000810,Cust00810,752,France,Male,32,9,178267.82,1,1,0,61.26,1
15000811,Cust00811,692,Germany,Male,29,9,98407.87,2,1,1,188.38,1
15000812,Cust00812,470,France,Female,25,7,103937.41,1,1,0,53.09,0
15000813,Cust00813,793,France,Male,25,10,58445.39,1,0,1,43.31,0
15000814,Cust00814,577,Spain,Female,32,7,63955.31,1,0,0,180.72,1
15000815,Cust00815,614,Germany,Female,49,1,178635.24,2,1,1,41.81,0
15000816,Cust00816,721,France,Male,32,5,67357.37,2,1,0,175.13,0
15000817,Cust00817,632,Germany,Female,18,10,157734.74,1,0,1,16.42,0
15000818,Cust00818,646,France,Female,38,1,70467.48,2,1,1,159.81,1
15000819,Cust00819,483,Spain,Male,18,2,168686.17,1,0,0,195.05,0
15000820,Cust00820,624,France,Female,41,7,105355.26,2,1,0,145.08,1
15000821,Cust00821,766,France,Male,47,6,0.0,1,1,0,20.56,0
15000822,Cust00822,581,France,Male,35,0,32127.19,2,1,0,163.27,0
15000823,Cust00823,715,Germany,Male,36,3,20408.18,2,0,0,74.78,1
15000824,Cust00824,614,France,Female,29,1,0.0,2,0,0,20.69,0
15000825,Cust00825,674,France,Female,26,9,0.0,2,0,0,111.16,0
15000826,Cust00826,693,France,Female,24,5,38396.79,1,0,1,163.23,0
15000827,Cust00827,813,Germany,Male,32,9,32934.78,1,0,0,79.24,1
15000828,Cust00828,610,Germany,Male,28,5,70009.33,2,1,0,21.71,0
15000829,Cust00829,700,France,Male,27,10,113711.26,2,0,0,132.24,0
15000830,Cust00830,577,France,Male,34,2,13862.54,3,1,1,180.29,0
15000831,Cust00831,699,Germany,Female,21,2,44913.07,1,1,1,138.08,0
15000832,Cust00832,618,Germany,Male,48,9,7572.47,1,1,0,166.8,0
15000833,Cust00833,613,Germany,Female,29,6,158495.64,1,0,0,137.87,1
15000834,Cust00834,825,Spain,Male,35,9,131363.14,1,0,1,198.6,0
15000835,Cust00835,523,Spain,Female,33,0,120163.97,1,0,1,99.39,0
15000836,Cust00836,469,France,Male,57,0,120188.15,2,1,0,91.79,0
15000837,Cust00837,739,France,Female,33,0,103113.42,1,0,0,187.61,1
15000838,Cust00838,585,France,Male,43,1,16956.38,2,1,1,116.12,0
15000839,Cust00839,606,Spain,Female,29,3,127471.89,2,1,0,174.59,1
15000840,Cust00840,796,Spain,Male,47,6,179367.89,2,0,1,138.86,0
15000841,Cust00841,738,France,Female,46,2,186471.53,1,1,0,92.09,0
15000842,Cust00842,722,France,Male,29,10,10891.27,1,1,0,53.77,0
15000843,Cust00843,752,France,Male,53,4,119102.58,1,1,1,52.34,0
15000844,Cust00844,769,Germany,Male,41,4,23495.24,2,0,0,19.5,1
15000845,Cust00845,619,Germany,Female,46,3,73580.79,2,1,1,73.74,1
15000846,Cust00846,833,France,Male,37,3,9607.15,1,0,0,26.42,0
15000847,Cust00847,671,Germany,Female,23,0,87747.75,1,1,0,66.93,0
15000848,Cust00848,740,France,Male,38,7,87452.05,2,0,0,20.53,0
15000849,Cust00849,668,France,Male,38,2,253840.99,1,0,0,24.12,1
15000850,Cust00850,724,Spain,Male,29,7,65286.29,2,0,1,75.44,0
15000851,Cust00851,832,France,Female,42,2,30544.32,2,1,1,66.44,0
15000852,Cust00852,751,France,Male,40,6,115596.93,2,1,0,181.15,0
15000853,Cust00853,712,Germany,Male,42,10,85181.54,1,1,0,66.91,0
15000854,Cust00854,654,Germany,Female,25,0,61237.15,1,1,1,130.77,0
15000855,Cust00855,460,France,Male,28,10,148710.92,2,0,0,136.7,1
15000856,Cust00856,712,France,Male,45,10,90349.65,2,0,0,36.43,0
15000857,Cust00857,613,Germany,Female,35,4,21876.41,1,1,1,148.77,0
15000858,Cust00858,780,Spain,Male,41,7,19191.01,2,1,1,11.01,0
15000859,Cust00859,708,Germany,Male,50,3,84326.38,2,1,0,191.99,1
15000860,Cust00860,734,Germany,Female,68,1,0.0,1,1,0,27.08,0
15000861,Cust00861,622,France,Male,20,8,169212.03,3,0,1,56.42,0
15000862,Cust00862,411,Spain,Male,31,7,163948.94,1,1,0,29.27,0
15000863,Cust00863,571,France,Male,52,8,96957.46,2,1,1,72.79,0
15000864,Cust00864,759,Germany,Female,20,9,4492.27,2,1,1,138.1,0
15000865,Cust00865,816,France,Female,41,2,17848.61,2,0,1,35.25,0
15000866,Cust00866,684,France,Male,45,2,108984.38,1,1,0,143.42,0
15000867,Cust00867,605,France,Female,57,2,75980.55,4,0,0,128.02,1
15000868,Cust00868,689,France,Female,18,9,53589.31,1,1,1,127.63,0
15000869,Cust00869,568,Spain,Male,37,10,15097.18,1,1,0,121.67,0
15000870,Cust00870,563,Spain,Male,38,8,88160.15,1,0,1,21.78,0
15000871,Cust00871,839,Germany,Female,20,5,91994.51,1,1,1,131.54,0
15000872,Cust00872,501,France,Male,37,9,132653.84,2,1,1,58.69,0
15000873,Cust00873,600,Spain,Male,55,2,111592.42,2,0,1,79.95,1
15000874,Cust00874,822,Spain,Male,61,7,107172.63,1,1,0,46.9,0
15000875,Cust00875,614,France,Male,45,4,60953.76,1,0,1,14.96,0
15000876,Cust00876,768,Germany,Female,36,3,12365.11,2,0,1,155.87,0
15000877,Cust00877,433,Spain,Female,27,5,176965.05,1,0,1,153.93,0
15000878,Cust00878,617,France,Female,25,8,43797.42,1,1,1,187.66,0
15000879,Cust00879,632,France,Female,42,6,80783.7,1,0,0,82.41,1
15000880,Cust00880,555,France,Female,32,1,104406.42,3,1,0,106.62,1
15000881,Cust00881,629,Spain,Female,25,6,0.0,1,1,0,32.76,1
15000882,Cust00882,837,Germany,Female,48,8,32040.7,2,1,1,84.19,0
15000883,Cust00883,666,Spain,Male,32,0,87020.51,2,0,1,164.79,0
15000884,Cust00884,535,Spain,Female,43,1,71198.51,2,1,1,191.41,0
15000885,Cust00885,569,Germany,Male,53,0,188046.19,1,1,1,86.88,0
15000886,Cust00886,580,France,Female,34,9,107369.86,2,1,1,85.04,0
15000887,Cust00887,472,France,Male,61,5,149814.01,2,0,1,175.79,1
15000888,Cust00888,657,France,Female,48,7,25394.53,2,0,1,162.77,1
15000889,Cust00889,576,France,Female,47,10,84621.74,3,1,0,85.9,1
15000890,Cust00890,516,Spain,Male,33,8,198297.61,1,0,0,39.62,0
15000891,Cust00891,645,France,Female,43,5,168325.01,2,1,1,167.57,0
15000892,Cust00892,704,Spain,Male,28,8,106468.63,2,0,0,130.09,1
15000893,Cust00893,703,France,Female,40,6,69871.6,1,0,0,34.5,1
15000894,Cust00894,406,Spain,Male,29,8,103030.47,2,0,1,18.61,0
15000895,Cust00895,782,France,Male,45,0,83823.03,2,1,1,138.06,1
15000896,Cust00896,611,France,Female,37,2,34154.09,2,0,0,190.65,1
15000897,Cust00897,662,Germany,Male,59,3,24412.2,1,0,0,83.0,0
15000898,Cust00898,598,France,Male,31,1,0.0,1,1,1,181.55,1
15000899,Cust00899,681,France,Male,31,7,71212.3,1,1,0,166.07,1
15000900,Cust00900,782,Spain,Male,51,1,91659.27,3,0,0,77.74,1
15000901,Cust00901,503,France,Male,42,2,144282.02,2,1,1,159.25,0
15000902,Cust00902,735,Germany,Male,57,8,216890.95,2,0,0,192.05,0
15000903,Cust00903,784,Spain,Female,44,2,0.0,3,0,0,119.03,0
15000904,Cust00904,540,Germany,Female,44,5,119114.95,2,0,1,109.92,0
15000905,Cust00905,600,France,Female,36,6,26092.08,1,0,1,41.88,0
15000906,Cust00906,596,Germany,Male,31,7,68085.41,1,0,1,84.09,0
15000907,Cust00907,631,Spain,Male,18,1,203284.27,1,0,1,83.35,0
15000908,Cust00908,832,Spain,Female,40,10,181134.82,4,1,0,106.58,0
15000909,Cust00909,850,France,Female,39,3,139458.9,2,1,1,192.4,0
15000910,Cust00910,629,Germany,Female,44,10,47818.04,1,1,0,19.62,1
15000911,Cust00911,492,France,Male,36,2,70985.53,1,0,1,34.3,0
15000912,Cust00912,447,Germany,Female,39,1,136624.56,1,1,1,78.69,0
15000913,Cust00913,396,Spain,Female,50,10,161953.66,3,1,1,88.64,0
15000914,Cust00914,600,Germany,Female,34,8,13342.91,1,1,0,15.54,1
15000915,Cust00915,516,France,Male,54,10,117225.48,3,0,0,70.6,0
15000916,Cust00916,598,Germany,Female,31,10,106764.35,1,0,1,29.33,0
15000917,Cust00917,563,France,Female,43,9,195979.55,2,0,1,100.79,0
15000918,Cust00918,654,France,Female,23,7,78803.81,2,1,0,158.88,0
15000919,Cust00919,592,France,Female,32,1,0.0,1,1,1,88.43,0
15000920,Cust00920,482,France,Male,49,8,182146.5,2,1,0,149.13,0
15000921,Cust00921,665,France,Female,42,7,105476.7,2,1,1,174.75,0
15000922,Cust00922,437,Germany,Male,33,6,155330.16,1,1,1,37.46,0
15000923,Cust00923,688,France,Male,43,0,0.0,2,0,1,199.34,0
15000924,Cust00924,537,Spain,Male,28,10,39929.51,1,0,1,85.84,0
15000925,Cust00925,759,France,Female,35,0,204210.19,2,0,0,90.08,0
15000926,Cust00926,531,Spain,Male,18,4,69587.26,1,0,0,119.79,0
15000927,Cust00927,765,France,Female,61,9,174855.43,2,1,1,50.71,1
15000928,Cust00928,546,France,Male,31,5,130523.86,1,1,1,117.58,0
15000929,Cust00929,624,Germany,Male,53,10,95414.19,1,1,1,149.92,1
15000930,Cust00930,499,France,Female,64,3,43049.82,2,0,0,36.17,1
15000931,Cust00931,649,France,Female,41,3,231716.51,2,0,0,65.47,0
15000932,Cust00932,661,France,Female,35,6,115713.66,1,0,1,64.98,0
15000933,Cust00933,731,France,Female,36,3,0.0,1,1,1,28.28,0
15000934,Cust00934,654,Spain,Male,61,10,135419.92,2,0,1,87.99,1
15000935,Cust00935,770,Germany,Female,40,4,142607.72,3,1,0,179.33,1
15000936,Cust00936,668,France,Male,42,3,95888.72,1,1,1,92.21,0
15000937,Cust00937,589,Germany,Male,24,10,93791.26,1,1,1,61.8,0
15000938,Cust00938,777,Spain,Female,29,10,207735.83,2,1,0,68.91,1
15000939,Cust00939,507,France,Male,59,4,180.51,2,1,1,26.42,0
15000940,Cust00940,611,France,Male,39,4,152854.21,1,1,1,64.54,0
15000941,Cust00941,639,France,Male,49,7,113455.5,2,0,0,187.29,1
15000942,Cust00942,760,France,Male,48,6,154072.46,2,0,1,117.71,0
15000943,Cust00943,623,Spain,Male,27,3,138442.27,1,0,1,177.27,0
15000944,Cust00944,650,France,Male,42,5,203088.35,1,1,0,52.7,0
15000945,Cust00945,572,France,Male,46,2,26964.24,1,1,1,154.64,0
15000946,Cust00946,660,Germany,Male,19,7,78109.7,2,0,1,50.63,0
15000947,Cust00947,722,France,Male,36,4,100540.83,2,0,1,158.78,0
15000948,Cust00948,622,France,Female,49,0,14880.16,2,0,0,193.51,0
15000949,Cust00949,652,Germany,Male,51,4,131468.13,2,1,1,119.69,0
15000950,Cust00950,559,Spain,Male,21,7,193661.56,1,1,1,70.0,0
15000951,Cust00951,570,Germany,Male,28,4,123369.85,1,0,1,87.61,0
15000952,Cust00952,721,Germany,Female,30,0,61369.86,1,0,1,159.06,0
15000953,Cust00953,505,France,Female,42,6,92542.74,2,0,0,170.92,0
15000954,Cust00954,646,Spain,Female,25,6,14622.62,2,1,1,22.8,0
15000955,Cust00955,613,Germany,Male,29,10,6929.12,1,0,0,163.87,0
15000956,Cust00956,702,Spain,Female,45,9,101299.28,1,0,0,173.29,0
15000957,Cust00957,541,Germany,Male,42,9,24809.47,2,1,1,189.61,0
15000958,Cust00958,850,Spain,Female,51,2,85950.36,2,1,1,105.61,1
15000959,Cust00959,637,France,Male,34,6,30859.22,2,0,0,162.65,0
15000960,Cust00960,706,Germany,Male,41,1,121345.58,4,0,1,136.18,0
15000961,Cust00961,688,France,Female,36,9,96998.61,1,1,0,173.26,1
15000962,Cust00962,728,France,Male,30,0,5132.8,2,1,1,151.23,0
15000963,Cust00963,630,France,Male,37,3,80518.19,1,1,1,21.14,0
15000964,Cust00964,612,France,Female,57,3,6588.14,2,1,0,171.48,0
15000965,Cust00965,658,France,Male,39,0,152211.32,1,1,0,46.76,0
15000966,Cust00966,635,Germany,Female,57,9,155074.23,2,1,0,125.22,1
15000967,Cust00967,695,France,Female,43,6,128047.05,2,1,1,30.92,0
15000968,Cust00968,619,France,Male,48,8,130076.21,1,1,0,142.74,0
15000969,Cust00969,656,France,Male,31,0,96621.67,1,1,1,88.07,0
15000970,Cust00970,569,Spain,Male,40,8,19188.1,1,0,1,130.33,0
15000971,Cust00971,551,France,Female,36,7,95071.99,1,1,1,157.57,0
15000972,Cust00972,653,France,Male,34,2,102292.15,2,1,1,13.03,0
15000973,Cust00973,388,France,Female,22,9,0.0,2,1,1,76.03,0
15000974,Cust00974,850,France,Female,48,2,277071.76,2,1,0,177.3,1
15000975,Cust00975,500,France,Male,36,0,69407.11,2,0,1,136.33,0
15000976,Cust00976,705,Germany,Female,57,0,37433.84,1,1,1,90.79,0
15000977,Cust00977,491,Germany,Male,43,1,142325.83,1,0,1,90.19,1
15000978,Cust00978,663,France,Female,34,9,0.0,2,0,0,153.15,0
15000979,Cust00979,514,Spain,Female,46,1,68432.46,1,1,0,76.21,0
15000980,Cust00980,700,France,Male,33,6,31689.8,1,0,1,11.04,0
15000981,Cust00981,653,France,Female,41,7,86419.71,2,1,0,92.37,0
15000982,Cust00982,508,France,Female,26,5,164589.18,3,0,0,76.93,0
15000983,Cust00983,639,Germany,Female,31,5,96404.62,2,0,1,17.73,1
15000984,Cust00984,460,France,Male,33,6,33080.48,1,0,0,162.65,0
15000985,Cust00985,629,France,Male,39,1,202608.71,1,1,1,173.81,0
15000986,Cust00986,648,Spain,Female,54,10,95969.1,1,1,0,197.89,0
15000987,Cust00987,677,Germany,Female,29,4,127043.35,2,1,0,112.76,0
15000988,Cust00988,596,Germany,Male,31,6,117211.57,2,0,0,76.31,0
15000989,Cust00989,547,Germany,Male,49,10,45150.61,2,0,1,11.11,0
15000990,Cust00990,695,Spain,Male,29,4,0.0,2,0,1,55.14,0
15000991,Cust00991,648,Germany,Female,18,3,0.0,2,1,0,176.55,0
15000992,Cust00992,618,Germany,Male,48,8,66680.13,1,0,1,73.4,0
15000993,Cust00993,613,Spain,Female,26,5,3321.51,1,0,0,42.05,1
15000994,Cust00994,775,Spain,Male,41,2,87225.89,2,0,0,131.0,0
15000995,Cust00995,800,Spain,Female,44,9,50430.34,2,1,1,42.91,0
15000996,Cust00996,670,Germany,Male,38,3,65811.22,1,1,0,187.68,0
15000997,Cust00997,739,France,Female,27,1,13015.51,1,1,1,82.26,0
15000998,Cust00998,699,Germany,Female,18,4,20647.17,2,1,1,41.22,0
15000999,Cust00999,725,France,Male,38,0,0.0,1,0,0,161.53,0
15001000,Cust01000,659,France,Male,52,10,22897.11,1,0,0,40.44,1
15001001,Cust01001,637,France,Female,24,6,0.0,1,0,0,18.52,0
15001002,Cust01002,536,France,Female,42,7,51343.86,1,1,0,19.15,1
15001003,Cust01003,776,Spain,Female,33,0,92696.27,1,0,1,196.46,0
15001004,Cust01004,696,Germany,Female,31,0,3077.25,2,1,1,75.75,0
15001005,Cust01005,530,France,Male,51,6,105816.3,2,0,1,24.05,0
15001006,Cust01006,611,France,Female,25,1,15852.3,2,1,1,131.14,0
15001007,Cust01007,623,France,Female,51,3,99545.59,2,1,0,83.22,0
15001008,Cust01008,518,Spain,Female,34,9,136691.15,2,1,0,55.88,0
15001009,Cust01009,603,Spain,Female,55,6,127350.24,2,1,1,79.51,0
15001010,Cust01010,697,Germany,Male,43,4,43470.93,2,0,1,99.65,1
15001011,Cust01011,543,France,Female,52,1,7356.28,2,1,1,15.79,1
15001012,Cust01012,706,Spain,Male,50,5,0.0,2,1,0,21.54,1
15001013,Cust01013,598,Germany,Male,30,1,63885.8,1,0,0,38.81,1
15001014,Cust01014,629,France,Female,35,5,75563.21,2,0,1,183.15,0
15001015,Cust01015,713,Germany,Male,33,0,30835.38,3,1,1,186.03,0
15001016,Cust01016,745,Germany,Male,29,9,84673.01,2,0,0,114.32,0
15001017,Cust01017,626,France,Male,22,3,85781.21,3,0,1,42.42,0
15001018,Cust01018,764,Germany,Female,44,1,30158.97,1,1,1,81.32,0
15001019,Cust01019,626,France,Male,48,7,91066.29,3,0,0,20.38,0
15001020,Cust01020,666,France,Female,19,8,94705.4,1,1,1,53.9,0
15001021,Cust01021,594,France,Male,18,2,20800.29,2,1,0,192.73,1
15001022,Cust01022,731,France,Female,18,7,84869.02,3,1,0,77.46,1
15001023,Cust01023,760,Germany,Male,45,1,112119.42,1,1,0,75.61,0
15001024,Cust01024,718,France,Male,35,10,162394.18,3,0,0,79.66,0
15001025,Cust01025,638,Germany,Female,42,6,99537.66,1,1,1,85.67,0
15001026,Cust01026,619,France,Female,31,8,176116.29,2,0,1,138.34,0
15001027,Cust01027,678,France,Female,52,5,0.0,2,1,0,46.23,0
15001028,Cust01028,568,France,Female,55,6,138587.25,2,0,1,49.57,1
15001029,Cust01029,565,Spain,Female,21,8,70305.62,1,0,0,193.81,1
15001030,Cust01030,671,Germany,Female,18,3,191041.21,2,1,1,180.71,0
15001031,Cust01031,722,France,Male,34,5,0.0,1,1,0,34.33,1
15001032,Cust01032,666,Spain,Male,24,7,2879.11,1,0,1,169.59,0
15001033,Cust01033,471,France,Male,45,5,170737.94,1,0,1,149.21,0
15001034,Cust01034,575,France,Female,47,8,54334.76,2,1,1,133.56,1
15001035,Cust01035,761,Spain,Female,42,1,152273.77,1,1,0,85.4,0
15001036,Cust01036,691,France,Female,37,10,109333.05,2,1,1,75.26,0
15001037,Cust01037,680,Spain,Female,34,7,0.0,2,1,0,42.28,1
15001038,Cust01038,591,France,Female,58,2,39999.81,3,0,0,131.08,1
15001039,Cust01039,689,France,Male,36,8,61150.88,1,0,1,116.79,0
15001040,Cust01040,723,France,Female,47,0,79057.12,2,0,1,93.29,0
15001041,Cust01041,850,France,Female,31,7,98513.17,1,0,0,68.22,0
15001042,Cust01042,544,France,Female,51,4,51373.89,1,1,0,124.51,1
15001043,Cust01043,657,France,Male,41,6,81375.26,2,1,1,148.52,0
15001044,Cust01044,549,Germany,Female,39,9,111222.4,1,0,1,122.83,0
15001045,Cust01045,452,Spain,Male,52,5,177718.1,1,1,1,103.57,0
15001046,Cust01046,597,France,Male,41,10,110295.25,2,1,0,109.15,0
15001047,Cust01047,692,Spain,Female,59,8,27973.87,2,0,0,93.73,0
15001048,Cust01048,652,Spain,Male,19,9,0.0,2,1,0,76.58,1
15001049,Cust01049,652,Germany,Male,18,0,56141.54,1,0,0,184.98,0
15001050,Cust01050,647,Germany,Female,35,1,22463.4,2,1,1,150.99,0
15001051,Cust01051,640,France,Male,38,5,105303.08,1,1,0,127.08,0
15001052,Cust01052,710,France,Female,20,1,45727.02,1,0,0,92.11,1
15001053,Cust01053,661,France,Male,38,2,0.0,1,1,0,156.29,1
15001054,Cust01054,594,Germany,Male,30,0,71097.82,2,1,1,33.53,1
15001055,Cust01055,644,France,Female,32,4,119162.42,1,0,0,90.7,1
15001056,Cust01056,725,Germany,Male,31,7,0.0,2,1,0,120.17,1
15001057,Cust01057,670,France,Female,30,1,56269.27,2,1,0,80.32,0
15001058,Cust01058,727,France,Male,34,3,175109.36,2,0,1,193.63,0
15001059,Cust01059,805,France,Male,47,2,0.0,1,0,0,97.12,0
15001060,Cust01060,628,France,Female,36,0,108050.68,1,1,1,64.28,0
15001061,Cust01061,738,France,Male,37,7,33289.1,1,1,1,183.52,0
15001062,Cust01062,610,Germany,Male,62,9,133810.96,2,1,0,58.2,1
15001063,Cust01063,781,Spain,Male,45,4,250508.58,1,0,0,29.82,0
15001064,Cust01064,668,Germany,Female,20,3,104536.84,2,1,1,26.07,0
15001065,Cust01065,601,Germany,Female,26,4,88794.43,1,1,1,120.95,0
15001066,Cust01066,676,Germany,Female,53,0,122493.81,3,0,0,177.29,1
15001067,Cust01067,723,France,Male,27,10,95748.3,1,1,1,69.53,0
15001068,Cust01068,582,Germany,Male,50,8,111464.39,1,1,0,67.88,1
15001069,Cust01069,641,Germany,Female,21,6,67015.92,1,0,0,127.54,0
15001070,Cust01070,620,Germany,Female,35,0,51922.49,1,0,1,99.56,0
15001071,Cust01071,615,Spain,Male,44,1,32711.62,2,1,0,91.42,1
15001072,Cust01072,628,France,Female,38,0,157292.38,1,0,0,17.51,1
15001073,Cust01073,632,Germany,Female,47,1,80947.69,2,1,0,84.33,0
15001074,Cust01074,786,Spain,Male,39,1,7885.53,2,0,0,187.79,1
15001075,Cust01075,747,Spain,Male,36,8,89736.63,2,1,0,73.78,0
15001076,Cust01076,593,France,Female,46,10,112920.44,2,1,0,186.66,0
15001077,Cust01077,555,Spain,Male,36,5,80481.3,1,1,1,84.19,0
15001078,Cust01078,735,Spain,Female,26,5,159766.52,2,0,0,196.78,1
15001079,Cust01079,751,Germany,Female,37,5,91073.65,1,0,1,162.55,1
15001080,Cust01080,575,Spain,Male,35,3,147053.87,4,1,0,45.14,0
15001081,Cust01081,569,France,Female,55,4,0.0,1,0,0,95.02,0
15001082,Cust01082,468,Germany,Female,46,4,60952.68,1,1,0,22.05,0
15001083,Cust01083,661,Germany,Female,32,8,11532.0,2,0,1,86.6,0
15001084,Cust01084,544,Spain,Male,31,1,95075.95,4,0,1,178.14,1
15001085,Cust01085,663,Germany,Male,28,2,187520.95,1,1,0,143.51,1
15001086,Cust01086,772,Spain,Male,18,1,142362.64,2,0,1,12.39,0
15001087,Cust01087,656,France,Female,36,3,51928.93,2,0,1,196.04,0
15001088,Cust01088,807,Germany,Male,18,5,114370.95,2,0,1,182.98,0
15001089,Cust01089,423,Spain,Male,42,1,95322.48,1,0,0,97.35,0
15001090,Cust01090,673,France,Female,32,5,44083.47,1,1,0,193.71,1
15001091,Cust01091,438,Germany,Male,37,2,145922.38,1,1,1,23.99,0
15001092,Cust01092,604,Germany,Male,52,2,108645.27,2,1,1,176.89,0
15001093,Cust01093,471,France,Male,30,0,81218.43,1,0,1,194.68,0
15001094,Cust01094,726,Germany,Male,39,1,49168.02,1,1,1,99.72,0
15001095,Cust01095,635,France,Female,34,9,60724.23,1,1,0,67.3,1
15001096,Cust01096,557,Germany,Male,54,7,45981.22,1,0,0,53.99,0
15001097,Cust01097,522,France,Male,36,3,106473.35,2,1,1,197.76,0
15001098,Cust01098,617,France,Male,37,5,188431.28,1,1,0,179.43,0
15001099,Cust01099,640,France,Female,41,3,44428.77,2,1,0,64.26,0
15001100,Cust01100,643,France,Female,25,2,50169.23,1,1,0,125.51,0
15001101,Cust01101,486,Spain,Male,42,3,92340.15,1,1,0,92.81,1
15001102,Cust01102,499,Spain,Female,67,10,144032.61,2,0,1,84.56,0
15001103,Cust01103,491,France,Male,18,5,111413.12,2,0,1,63.67,0
15001104,Cust01104,589,France,Male,44,2,82853.19,2,0,1,63.73,0
15001105,Cust01105,594,France,Female,43,10,0.0,1,0,0,59.91,0
15001106,Cust01106,471,France,Male,35,5,125466.31,1,1,0,68.31,0
15001107,Cust01107,617,Germany,Female,38,3,110616.86,2,1,0,13.68,1
15001108,Cust01108,476,France,Female,19,7,96116.43,2,0,1,141.96,0
15001109,Cust01109,850,Spain,Female,18,7,128376.01,2,1,0,42.97,1
15001110,Cust01110,690,Germany,Female,37,3,191866.71,1,1,1,53.95,0
15001111,Cust01111,773,Spain,Female,41,4,76530.48,2,0,0,126.54,0
15001112,Cust01112,536,Spain,Male,31,9,0.0,1,1,1,43.22,0
15001113,Cust01113,684,France,Female,53,7,54467.26,1,1,0,102.51,1
15001114,Cust01114,717,France,Male,53,5,39426.68,3,1,0,75.65,0
15001115,Cust01115,371,Germany,Male,38,1,0.0,1,0,0,60.3,1
15001116,Cust01116,670,Spain,Female,44,4,142671.29,2,1,0,193.76,0
15001117,Cust01117,806,Germany,Female,40,0,8319.24,2,1,1,175.05,0
15001118,Cust01118,564,France,Female,44,9,70314.23,2,0,1,81.32,0
15001119,Cust01119,577,Germany,Male,48,6,58218.76,1,0,1,57.12,1
15001120,Cust01120,697,Spain,Female,24,7,72290.78,1,0,1,180.26,0
15001121,Cust01121,740,France,Female,41,3,0.0,1,0,1,140.99,1
15001122,Cust01122,599,Germany,Female,28,0,67807.53,2,1,1,20.76,1
15001123,Cust01123,553,France,Female,23,8,9056.35,1,0,0,103.8,0
15001124,Cust01124,684,France,Female,31,9,71776.35,2,1,1,69.49,0
15001125,Cust01125,724,France,Female,61,3,0.0,2,1,1,196.85,0
15001126,Cust01126,669,France,Male,25,1,27696.25,2,0,0,146.32,0
15001127,Cust01127,570,Spain,Male,32,2,87512.69,1,1,1,123.67,0
15001128,Cust01128,629,France,Male,45,7,0.0,1,0,0,170.07,0
15001129,Cust01129,613,Germany,Female,51,2,0.0,4,0,1,113.97,1
15001130,Cust01130,518,France,Male,30,2,49736.89,2,1,1,56.12,0
15001131,Cust01131,678,Spain,Male,27,9,119612.53,2,1,0,80.3,0
15001132,Cust01132,720,Spain,Female,37,3,36938.45,1,0,1,191.43,1
15001133,Cust01133,797,France,Male,35,8,47195.97,1,1,1,61.42,0
15001134,Cust01134,746,France,Male,38,4,50622.87,2,1,1,173.22,0
15001135,Cust01135,484,Spain,Female,25,6,145930.36,2,0,1,22.51,0
15001136,Cust01136,749,Germany,Female,27,7,28723.81,1,0,0,142.05,0
15001137,Cust01137,739,Germany,Male,31,2,131833.05,1,1,0,95.36,0
15001138,Cust01138,539,Spain,Male,50,7,118244.46,1,0,1,197.61,1
15001139,Cust01139,690,France,Female,46,6,88364.29,2,1,0,40.55,0
15001140,Cust01140,619,France,Male,55,10,0.0,2,1,1,62.91,0
15001141,Cust01141,681,France,Male,48,6,87897.66,1,1,0,118.6,0
15001142,Cust01142,498,France,Female,63,7,73063.02,2,0,0,20.67,0
15001143,Cust01143,539,France,Female,27,4,41232.82,2,0,0,106.28,0
15001144,Cust01144,718,France,Male,28,8,101061.2,2,0,0,98.69,0
15001145,Cust01145,610,France,Female,40,2,55907.77,1,0,0,163.7,0
15001146,Cust01146,764,Germany,Male,41,7,93149.25,2,0,1,132.7,0
15001147,Cust01147,659,France,Male,31,0,206072.24,2,0,0,110.93,0
15001148,Cust01148,597,France,Male,34,0,0.0,1,0,1,26.39,0
15001149,Cust01149,601,Spain,Male,25,3,84390.98,3,0,0,141.72,0
15001150,Cust01150,846,France,Male,42,5,0.0,1,0,0,30.72,0
15001151,Cust01151,690,France,Female,41,1,27857.05,1,0,1,175.05,0
15001152,Cust01152,611,France,Female,50,0,38336.72,1,1,0,25.23,1
15001153,Cust01153,757,Germany,Female,30,0,0.0,1,0,1,189.22,0
15001154,Cust01154,598,Spain,Male,42,8,96109.09,2,0,1,145.26,0
15001155,Cust01155,680,Spain,Female,47,10,0.0,3,0,1,75.44,1
15001156,Cust01156,740,Germany,Female,36,10,142963.48,2,1,0,15.66,0
15001157,Cust01157,683,Spain,Female,43,8,142459.65,2,0,0,133.35,1
15001158,Cust01158,731,Spain,Male,28,4,68239.19,1,1,0,196.69,0
15001159,Cust01159,614,France,Female,36,7,52133.54,1,0,1,167.19,0
15001160,Cust01160,410,France,Female,58,5,10376.68,1,1,0,21.41,0
15001161,Cust01161,578,Germany,Female,40,0,113752.13,1,1,1,69.9,0
15001162,Cust01162,437,Spain,Male,38,10,54247.34,2,0,1,194.82,0
15001163,Cust01163,554,France,Male,53,1,8664.62,2,0,0,136.16,1
15001164,Cust01164,568,Germany,Male,48,2,97722.95,1,0,0,70.66,0
15001165,Cust01165,637,France,Female,39,4,46064.69,1,0,0,175.37,0
15001166,Cust01166,596,Spain,Female,48,4,90054.42,2,0,1,97.81,0
15001167,Cust01167,679,France,Female,31,6,119143.56,1,1,1,90.63,0
15001168,Cust01168,715,Spain,Female,20,2,110216.93,2,1,0,47.38,0
15001169,Cust01169,669,France,Male,18,4,28795.97,2,0,0,114.28,0
15001170,Cust01170,602,France,Female,34,4,45312.14,1,1,0,121.08,0
15001171,Cust01171,659,Spain,Male,50,2,94387.77,3,0,0,14.31,0
15001172,Cust01172,522,Spain,Female,31,7,4258.77,1,1,1,165.88,0
15001173,Cust01173,721,France,Female,20,4,117047.21,2,0,1,16.03,0
15001174,Cust01174,761,Germany,Male,53,6,128272.53,3,0,0,120.76,0
15001175,Cust01175,686,Germany,Female,31,8,4302.22,2,1,0,34.83,0
15001176,Cust01176,687,Germany,Male,29,3,82661.55,2,1,0,173.28,0
15001177,Cust01177,717,Spain,Female,41,9,155596.65,2,0,1,127.86,0
15001178,Cust01178,722,Spain,Male,48,0,47407.48,1,0,1,168.71,0
15001179,Cust01179,657,Spain,Male,22,8,141341.28,3,1,0,192.06,0
15001180,Cust01180,703,France,Female,32,8,23600.45,3,1,1,42.47,0
15001181,Cust01181,605,Germany,Male,37,1,0.0,2,1,0,183.9,1
15001182,Cust01182,650,France,Female,33,4,130631.1,1,0,1,154.45,1
15001183,Cust01183,695,France,Female,42,8,16630.72,1,1,1,55.01,0
15001184,Cust01184,753,France,Male,28,3,26079.35,2,0,1,123.21,0
15001185,Cust01185,551,France,Male,18,0,1960.26,2,0,1,196.99,0
15001186,Cust01186,689,Germany,Female,26,10,0.0,3,0,0,78.01,1
15001187,Cust01187,678,France,Male,35,4,99523.13,1,0,0,180.31,0
15001188,Cust01188,643,Spain,Male,29,0,116781.32,1,0,0,182.42,1
15001189,Cust01189,594,Spain,Male,24,6,141584.48,2,1,1,46.59,0
15001190,Cust01190,562,France,Female,34,5,64969.09,1,1,1,38.19,0
15001191,Cust01191,540,Germany,Female,33,6,97331.34,2,1,1,35.63,0
15001192,Cust01192,753,France,Female,43,2,45762.27,1,0,1,29.45,0
15001193,Cust01193,749,Germany,Male,43,5,204654.03,2,1,1,138.98,0
15001194,Cust01194,597,France,Female,54,0,72707.38,2,0,1,61.29,0
15001195,Cust01195,754,France,Female,39,6,134603.12,2,0,1,168.32,0
15001196,Cust01196,588,Germany,Female,51,10,122032.45,2,0,1,196.21,1
15001197,Cust01197,796,France,Male,40,8,57192.3,2,0,0,183.03,0
15001198,Cust01198,592,France,Female,22,2,0.0,2,0,1,92.3,0
15001199,Cust01199,637,France,Male,42,2,112227.48,2,0,0,58.79,0
15001200,Cust01200,730,Spain,Male,35,5,162377.24,3,1,0,183.41,0
15001201,Cust01201,789,Spain,Male,47,10,16098.28,1,1,0,16.31,0
15001202,Cust01202,712,France,Male,22,9,42665.96,2,0,1,38.61,0
15001203,Cust01203,626,Spain,Female,26,10,182580.52,2,1,0,123.65,1
15001204,Cust01204,531,France,Male,42,1,128853.06,1,0,0,165.92,0
15001205,Cust01205,601,France,Female,53,6,76877.25,2,0,1,36.66,1
15001206,Cust01206,593,Spain,Female,28,6,126152.99,1,1,0,29.93,0
15001207,Cust01207,652,Spain,Male,29,1,62264.73,1,1,1,75.68,1
15001208,Cust01208,729,Germany,Male,39,7,40883.54,2,0,1,89.65,1
15001209,Cust01209,767,Spain,Male,40,9,14958.89,1,0,1,186.54,0
15001210,Cust01210,738,Spain,Female,37,10,139333.95,2,1,1,95.27,0
15001211,Cust01211,631,France,Female,32,2,9049.77,2,0,0,131.45,0
15001212,Cust01212,665,France,Male,31,7,75496.98,2,1,0,112.08,0
15001213,Cust01213,738,Spain,Female,34,6,156058.98,2,1,1,161.52,0
15001214,Cust01214,775,Spain,Female,40,4,177374.12,2,0,1,88.67,1
15001215,Cust01215,579,France,Male,25,4,60272.08,2,0,0,28.68,0
15001216,Cust01216,456,France,Male,30,3,80205.99,1,0,0,150.11,0
15001217,Cust01217,537,Germany,Male,53,10,44232.8,2,0,1,38.19,0
15001218,Cust01218,639,France,Male,63,0,74970.16,1,1,0,108.9,0
15001219,Cust01219,714,France,Female,33,9,183026.05,1,0,1,149.39,0
15001220,Cust01220,579,France,Female,31,7,34634.28,1,0,1,122.21,0
15001221,Cust01221,707,Germany,Male,50,7,102369.92,2,1,1,89.55,0
15001222,Cust01222,370,France,Male,33,1,33887.7,1,0,1,137.49,0
15001223,Cust01223,649,Germany,Male,43,0,340.12,2,1,1,78.8,0
15001224,Cust01224,662,France,Male,39,6,126466.81,2,1,1,102.83,0
15001225,Cust01225,627,France,Male,35,8,162119.51,1,0,1,146.83,0
15001226,Cust01226,627,Spain,Female,67,1,0.0,2,0,0,47.35,0
15001227,Cust01227,850,Germany,Male,35,9,114850.05,2,0,1,190.98,0
15001228,Cust01228,559,France,Male,44,9,56451.61,1,0,0,113.62,0
15001229,Cust01229,583,Germany,Male,40,1,26258.64,4,1,1,95.46,0
15001230,Cust01230,634,France,Male,45,3,120541.88,1,1,1,42.1,0
15001231,Cust01231,531,France,Female,30,8,179251.82,3,1,0,108.76,0
15001232,Cust01232,548,Spain,Male,48,3,105776.15,1,0,1,121.72,0
15001233,Cust01233,749,France,Male,47,9,16315.64,2,1,1,157.82,1
15001234,Cust01234,594,Spain,Male,55,8,61659.34,1,1,0,179.68,0
15001235,Cust01235,585,France,Female,54,10,32631.3,1,0,0,140.41,1
15001236,Cust01236,603,Spain,Male,29,5,0.0,2,0,1,64.16,0
15001237,Cust01237,621,France,Female,37,6,91071.69,1,0,0,74.98,0
15001238,Cust01238,772,Spain,Female,40,1,107629.76,1,0,1,41.18,0
15001239,Cust01239,773,Germany,Male,39,3,46913.89,1,0,1,69.39,0
15001240,Cust01240,637,France,Male,31,1,111796.54,1,1,1,164.27,1
15001241,Cust01241,697,France,Female,53,8,45984.65,1,0,0,102.45,1
15001242,Cust01242,684,Germany,Female,44,2,101397.44,1,1,1,48.97,0
15001243,Cust01243,662,France,Male,38,10,73650.63,1,1,1,20.42,1
15001244,Cust01244,660,Spain,Female,25,3,120815.27,2,1,1,119.82,0
15001245,Cust01245,454,Germany,Female,49,8,108115.68,1,1,0,13.51,1
15001246,Cust01246,603,Germany,Female,61,6,89057.25,2,0,0,105.3,1
15001247,Cust01247,689,France,Male,55,2,77199.33,2,0,1,102.72,0
15001248,Cust01248,741,France,Male,27,6,94038.74,2,0,1,43.58,0
15001249,Cust01249,723,Spain,Male,29,6,78108.5,1,0,0,129.47,0
15001250,Cust01250,689,Spain,Female,31,3,76100.38,4,0,1,165.57,0
15001251,Cust01251,841,Spain,Male,55,2,58324.16,1,0,1,36.04,0
15001252,Cust01252,625,France,Female,60,2,144443.88,1,0,1,27.91,0
15001253,Cust01253,687,France,Male,35,4,50773.11,1,1,1,176.33,0
15001254,Cust01254,772,Spain,Female,30,3,0.0,3,0,1,30.12,0
15001255,Cust01255,724,Germany,Male,30,5,120758.02,1,1,1,131.81,0
15001256,Cust01256,673,France,Female,27,2,14345.43,1,0,0,176.13,0
15001257,Cust01257,611,France,Male,24,6,60328.68,1,1,0,143.37,1
15001258,Cust01258,651,Spain,Male,40,7,116026.44,1,1,1,106.66,0
15001259,Cust01259,350,France,Female,18,1,124523.05,4,1,0,171.31,1
15001260,Cust01260,677,Spain,Male,29,5,93303.2,2,0,0,103.67,1
15001261,Cust01261,505,France,Female,19,6,15333.03,2,0,0,103.97,0
15001262,Cust01262,633,Germany,Female,42,1,0.0,1,1,0,161.06,1
15001263,Cust01263,565,Germany,Female,35,8,51207.55,2,1,0,190.41,1
15001264,Cust01264,462,France,Male,32,2,106143.46,1,0,0,98.07,1
15001265,Cust01265,640,Germany,Female,18,9,121829.19,2,1,1,95.54,0
15001266,Cust01266,496,France,Female,42,3,59709.7,2,0,0,59.8,0
15001267,Cust01267,644,France,Female,29,3,116444.48,2,1,0,145.06,0
15001268,Cust01268,466,Germany,Male,34,8,122902.28,2,0,0,157.64,1
15001269,Cust01269,615,France,Male,45,4,26155.2,4,0,1,20.88,1
15001270,Cust01270,566,France,Male,42,6,157865.67,1,1,0,176.26,1
15001271,Cust01271,647,France,Male,44,8,58670.54,1,0,1,34.93,0
15001272,Cust01272,673,France,Female,23,6,72115.81,1,0,0,26.49,1
15001273,Cust01273,746,France,Female,38,3,125475.66,1,1,0,61.98,0
15001274,Cust01274,536,France,Female,52,5,129863.9,1,0,0,197.94,0
15001275,Cust01275,572,Spain,Male,44,5,114423.8,1,1,1,107.34,0
15001276,Cust01276,587,France,Female,32,1,159752.84,2,0,0,64.8,1
15001277,Cust01277,630,Germany,Male,29,3,80693.09,2,0,0,14.41,0
15001278,Cust01278,700,Spain,Female,28,7,148314.97,4,0,0,187.37,1
15001279,Cust01279,678,France,Female,18,8,43173.05,4,1,1,31.49,0
15001280,Cust01280,850,France,Female,42,1,0.0,2,0,0,42.77,0
15001281,Cust01281,588,Spain,Male,43,4,85230.36,1,0,0,120.58,0
15001282,Cust01282,741,France,Male,38,2,129986.29,1,1,1,22.89,0
15001283,Cust01283,549,France,Male,39,0,67225.4,1,0,0,40.25,0
15001284,Cust01284,488,Germany,Female,28,8,71295.97,2,1,1,81.37,0
15001285,Cust01285,598,France,Female,40,8,73747.5,1,0,0,21.57,0
15001286,Cust01286,780,France,Male,39,4,266765.34,3,1,0,169.09,0
15001287,Cust01287,733,France,Male,24,8,90437.82,1,1,1,48.36,0
15001288,Cust01288,742,Germany,Female,19,2,33754.43,1,1,1,50.71,0
15001289,Cust01289,666,Spain,Male,48,5,161182.69,1,1,0,158.94,1
15001290,Cust01290,604,France,Male,42,6,115212.16,3,1,0,40.46,0
15001291,Cust01291,583,France,Female,29,3,175790.28,2,1,0,184.89,0
15001292,Cust01292,532,Spain,Female,40,5,25031.29,1,1,0,190.14,0
15001293,Cust01293,625,France,Male,31,3,68310.67,2,0,1,104.84,1
15001294,Cust01294,707,France,Male,27,6,117596.5,2,0,0,77.28,1
15001295,Cust01295,686,France,Female,33,10,12898.61,4,0,0,81.56,0
15001296,Cust01296,539,Germany,Male,33,6,45215.03,1,0,0,144.67,0
15001297,Cust01297,777,Spain,Male,40,2,24940.83,1,0,1,33.94,0
15001298,Cust01298,670,Spain,Male,18,0,0.0,3,0,1,183.24,0
15001299,Cust01299,735,France,Male,49,7,52710.71,2,1,0,132.76,1
15001300,Cust01300,679,France,Male,42,0,179151.44,2,1,0,179.96,1
15001301,Cust01301,712,France,Female,44,1,163679.61,2,1,0,42.52,1
15001302,Cust01302,636,France,Male,47,6,0.0,1,1,1,27.28,1
15001303,Cust01303,743,Germany,Female,50,10,0.0,2,0,1,128.1,1
15001304,Cust01304,768,France,Male,43,4,76195.16,1,1,0,51.72,0
15001305,Cust01305,850,Germany,Male,48,0,0.0,2,0,1,77.15,0
15001306,Cust01306,521,Spain,Female,51,2,30134.19,2,1,1,134.37,0
15001307,Cust01307,796,France,Female,33,10,102939.16,1,1,0,167.28,0
15001308,Cust01308,516,Germany,Male,42,10,96265.03,1,0,1,145.87,0
15001309,Cust01309,541,Germany,Female,35,1,141725.56,1,1,1,193.69,1
15001310,Cust01310,679,France,Male,36,2,68352.67,2,1,1,84.6,0
15001311,Cust01311,749,France,Female,30,9,61385.9,2,1,0,147.94,0
15001312,Cust01312,642,Spain,Male,30,6,170782.37,1,1,1,94.66,0
15001313,Cust01313,692,Germany,Female,26,1,0.0,2,1,0,82.1,0
15001314,Cust01314,436,France,Male,18,3,100155.48,4,0,1,163.86,0
15001315,Cust01315,663,Germany,Male,24,0,130998.95,3,1,0,63.45,1
15001316,Cust01316,656,France,Female,41,3,62295.37,1,0,0,120.09,0
15001317,Cust01317,585,France,Male,40,6,224310.8,2,1,1,114.15,1
15001318,Cust01318,704,France,Male,35,7,68882.26,2,0,0,47.54,1
15001319,Cust01319,680,France,Male,30,1,72964.17,1,1,0,18.1,0
15001320,Cust01320,568,France,Male,57,8,126098.24,2,1,1,107.15,0
15001321,Cust01321,555,France,Male,33,4,47888.33,1,0,0,98.07,0
15001322,Cust01322,696,France,Male,28,0,141005.92,1,1,1,132.95,0
15001323,Cust01323,655,Germany,Female,29,3,67225.16,1,0,1,62.72,0
15001324,Cust01324,627,Spain,Male,41,3,76544.59,1,0,0,145.14,0
15001325,Cust01325,654,Germany,Male,38,7,44270.66,2,1,1,185.03,1
15001326,Cust01326,688,Germany,Female,43,3,85630.15,1,0,0,97.6,0
15001327,Cust01327,412,Germany,Female,37,0,30422.76,1,0,0,56.41,1
15001328,Cust01328,607,Spain,Female,19,3,12018.09,2,0,0,121.03,0
15001329,Cust01329,698,Germany,Male,52,9,76899.56,4,1,0,136.5,1
15001330,Cust01330,701,France,Female,35,0,121322.04,4,1,1,183.41,0
15001331,Cust01331,625,France,Female,45,5,224450.44,4,0,1,16.26,0
15001332,Cust01332,686,Spain,Male,20,8,176680.87,2,0,0,129.79,0
15001333,Cust01333,794,France,Male,43,4,0.0,1,1,0,27.66,0
15001334,Cust01334,647,France,Male,32,3,0.0,2,0,0,142.05,0
15001335,Cust01335,628,Spain,Female,50,7,64425.9,2,1,1,140.32,0
15001336,Cust01336,542,Germany,Female,41,0,571.99,2,1,0,176.07,1
15001337,Cust01337,740,Spain,Male,45,2,77206.41,2,1,0,20.03,0
15001338,Cust01338,521,France,Female,33,8,55214.87,2,0,1,85.85,1
15001339,Cust01339,679,France,Female,46,2,63297.65,1,1,1,155.01,1
15001340,Cust01340,628,France,Female,38,4,2906.74,4,1,1,98.94,0
15001341,Cust01341,798,France,Male,44,9,0.0,2,1,1,147.35,0
15001342,Cust01342,663,Germany,Male,38,7,14397.45,1,1,1,117.25,1
15001343,Cust01343,658,France,Female,38,4,9706.22,2,0,0,61.81,0
15001344,Cust01344,698,France,Male,33,2,74945.62,2,1,1,112.91,0
15001345,Cust01345,710,France,Male,38,3,31757.75,1,1,0,169.97,0
15001346,Cust01346,813,France,Female,34,1,0.0,1,0,1,47.14,0
15001347,Cust01347,680,France,Female,36,1,54553.0,1,1,0,61.13,0
15001348,Cust01348,656,France,Female,39,7,28454.43,1,0,1,61.66,0
15001349,Cust01349,653,France,Male,49,9,107104.47,2,0,1,133.38,0
15001350,Cust01350,657,Germany,Male,46,0,9431.3,1,0,1,33.13,1
15001351,Cust01351,711,Spain,Male,32,2,233441.66,1,1,0,128.67,0
15001352,Cust01352,593,Spain,Female,37,8,179748.56,1,1,0,83.5,0
15001353,Cust01353,618,France,Female,20,5,126643.89,3,1,0,88.64,1
15001354,Cust01354,584,Germany,Female,27,7,118728.2,2,0,1,15.88,0
15001355,Cust01355,706,Spain,Female,34,0,75115.24,2,0,0,27.02,0
15001356,Cust01356,731,Spain,Male,45,5,103032.36,2,1,0,183.96,1
15001357,Cust01357,705,France,Male,42,7,104122.3,2,0,1,107.1,0
15001358,Cust01358,586,Spain,Female,33,2,33074.25,2,0,0,148.43,1
15001359,Cust01359,609,Germany,Female,31,8,109257.66,2,1,0,23.6,0
15001360,Cust01360,661,Germany,Male,49,5,132293.66,2,0,1,170.07,0
15001361,Cust01361,640,Spain,Male,36,7,62894.18,2,1,1,137.5,0
15001362,Cust01362,599,France,Female,48,8,108122.31,4,1,0,125.72,0
15001363,Cust01363,537,France,Female,28,2,75326.24,2,0,1,116.68,0
15001364,Cust01364,450,Germany,Female,38,10,92926.66,1,0,0,94.55,0
15001365,Cust01365,565,France,Male,36,9,76993.57,3,0,1,154.83,0
15001366,Cust01366,541,Spain,Male,53,10,28500.51,1,0,1,21.0,0
15001367,Cust01367,781,France,Female,41,8,0.0,1,0,1,40.27,0
15001368,Cust01368,472,France,Female,27,6,0.0,3,1,0,116.86,0
15001369,Cust01369,694,Germany,Female,36,4,76973.26,2,1,1,25.84,0
15001370,Cust01370,462,Germany,Female,40,10,140506.72,1,1,0,62.16,1
15001371,Cust01371,573,France,Female,33,8,89256.15,2,1,1,137.47,0
15001372,Cust01372,593,Spain,Female,18,3,110473.37,2,1,0,20.29,0
15001373,Cust01373,691,France,Male,18,9,49423.42,1,1,0,83.58,0
15001374,Cust01374,601,France,Male,44,6,55491.96,1,0,0,62.47,0
15001375,Cust01375,485,Germany,Female,39,8,123786.51,1,1,0,111.83,1
15001376,Cust01376,655,France,Male,51,10,12396.18,2,0,0,163.54,0
15001377,Cust01377,722,Spain,Male,39,9,9132.21,1,0,1,188.01,0
15001378,Cust01378,601,Germany,Male,33,3,94039.81,2,0,1,155.41,0
15001379,Cust01379,594,Germany,Female,32,4,1665.01,2,1,0,105.82,0
15001380,Cust01380,546,Spain,Male,41,1,258010.79,2,0,0,87.8,1
15001381,Cust01381,701,France,Male,33,1,101781.88,1,1,0,163.68,0
15001382,Cust01382,625,France,Male,58,6,10526.09,1,0,0,143.21,0
15001383,Cust01383,714,France,Female,41,10,204230.01,3,0,0,131.84,1
15001384,Cust01384,569,Germany,Male,35,1,69676.33,4,1,1,122.01,0
15001385,Cust01385,621,Spain,Male,46,2,116574.72,2,1,0,104.48,1
15001386,Cust01386,690,France,Male,43,8,126801.14,2,0,0,88.6,0
15001387,Cust01387,503,France,Male,27,0,42608.43,1,0,0,56.24,0
15001388,Cust01388,579,Germany,Female,32,4,50426.3,2,0,1,71.59,0
15001389,Cust01389,694,Spain,Female,20,7,201400.59,1,1,0,76.53,0
15001390,Cust01390,571,France,Female,41,6,149847.32,1,1,0,154.03,0
15001391,Cust01391,684,Germany,Female,50,6,42029.87,2,1,1,57.56,0
15001392,Cust01392,850,Spain,Female,48,6,156027.02,1,1,1,58.86,0
15001393,Cust01393,756,Germany,Female,24,2,119333.02,2,1,1,174.37,0
15001394,Cust01394,528,Germany,Female,25,6,0.0,1,0,1,14.05,0
15001395,Cust01395,715,France,Male,29,1,80895.77,1,1,1,160.33,1
15001396,Cust01396,689,France,Male,26,5,176364.83,2,1,0,162.81,0
15001397,Cust01397,707,Germany,Male,24,8,160529.34,1,1,0,163.87,0
15001398,Cust01398,561,France,Female,19,9,0.0,3,0,1,151.88,0
15001399,Cust01399,843,France,Female,52,3,65514.39,1,1,1,186.76,1
15001400,Cust01400,619,France,Male,44,1,63062.56,2,1,1,181.72,0
15001401,Cust01401,571,France,Male,47,10,110321.31,2,0,1,172.98,0
15001402,Cust01402,556,Germany,Female,36,0,28943.82,2,0,1,93.74,0
15001403,Cust01403,625,France,Male,35,6,152490.91,2,1,1,123.66,0
15001404,Cust01404,628,France,Female,30,7,0.0,2,1,1,27.95,0
15001405,Cust01405,712,France,Male,35,5,109497.85,3,0,0,41.43,1
15001406,Cust01406,670,Germany,Male,39,1,143220.29,4,1,0,11.72,1
15001407,Cust01407,495,France,Female,40,8,75430.69,4,0,1,139.36,0
15001408,Cust01408,625,France,Male,30,4,42596.83,1,1,1,116.44,0
15001409,Cust01409,553,France,Male,40,9,149985.28,2,0,1,199.85,0
15001410,Cust01410,573,Germany,Female,27,10,44222.89,1,0,0,41.19,0
15001411,Cust01411,682,Spain,Female,34,5,123789.74,2,1,0,32.33,1
15001412,Cust01412,596,Germany,Male,48,5,0.0,2,0,0,42.13,0
15001413,Cust01413,634,France,Female,34,0,179841.3,1,0,1,197.97,0
15001414,Cust01414,653,France,Male,32,5,0.0,1,1,1,102.08,0
15001415,Cust01415,689,Spain,Male,44,2,99278.26,1,1,1,188.42,0
15001416,Cust01416,735,Germany,Male,41,6,42545.34,1,1,1,115.05,1
15001417,Cust01417,589,France,Male,20,2,19893.23,2,0,0,99.34,1
15001418,Cust01418,506,Germany,Male,34,4,64205.07,1,1,1,110.57,0
15001419,Cust01419,473,Germany,Male,52,5,57175.18,1,0,1,150.76,0
15001420,Cust01420,643,Spain,Male,29,7,8034.34,1,0,0,70.81,0
15001421,Cust01421,692,Spain,Female,42,3,121859.88,1,1,0,102.14,0
15001422,Cust01422,596,Spain,Female,38,8,113741.61,1,0,0,193.53,0
15001423,Cust01423,715,France,Male,31,0,37574.13,2,0,0,138.78,0
15001424,Cust01424,652,France,Female,36,6,128222.43,1,0,1,27.82,0
15001425,Cust01425,615,France,Male,52,5,0.0,2,1,0,41.13,1
15001426,Cust01426,665,Spain,Female,23,4,32636.3,2,0,0,95.83,0
15001427,Cust01427,754,France,Male,39,5,85259.2,2,0,0,14.67,0
15001428,Cust01428,720,France,Male,21,2,90856.91,4,0,0,63.01,0
15001429,Cust01429,679,Germany,Female,18,7,95312.43,2,1,0,85.25,0
15001430,Cust01430,650,France,Male,24,9,23204.52,2,1,0,192.06,0
15001431,Cust01431,521,France,Male,21,1,147316.58,1,1,1,172.77,0
15001432,Cust01432,734,France,Female,34,10,28620.42,2,1,1,47.12,1
15001433,Cust01433,715,France,Female,30,8,115964.92,2,1,0,71.8,0
15001434,Cust01434,536,Spain,Male,37,2,40640.53,4,0,0,187.1,1
15001435,Cust01435,633,France,Female,38,5,2194.72,1,0,0,98.05,0
15001436,Cust01436,479,France,Male,18,4,28185.58,2,1,0,180.39,0
15001437,Cust01437,523,Spain,Female,30,6,37732.84,2,1,1,18.14,0
15001438,Cust01438,591,Spain,Female,46,9,118651.84,1,1,1,20.89,0
15001439,Cust01439,583,Germany,Female,37,10,149407.22,1,0,1,89.64,0
15001440,Cust01440,628,Spain,Female,27,7,122851.28,1,1,0,43.65,0
15001441,Cust01441,841,France,Male,23,0,185626.5,2,0,1,187.6,0
15001442,Cust01442,543,Germany,Male,50,4,181684.71,1,1,0,18.48,0
15001443,Cust01443,635,Spain,Male,48,3,162768.16,1,0,1,71.59,1
15001444,Cust01444,713,France,Female,28,3,73731.42,2,1,1,35.33,0
15001445,Cust01445,741,Germany,Female,49,4,29618.04,2,0,1,105.11,0
15001446,Cust01446,661,France,Male,31,10,55746.26,2,1,0,174.89,0
15001447,Cust01447,689,France,Female,54,1,99667.52,1,1,0,36.8,1
15001448,Cust01448,807,Germany,Female,34,1,65469.15,1,1,1,14.8,0
15001449,Cust01449,709,Spain,Female,35,7,74772.75,1,1,1,165.87,0
15001450,Cust01450,653,France,Male,18,6,81131.92,1,0,1,139.01,0
15001451,Cust01451,518,Spain,Female,18,2,122199.35,2,1,0,191.25,0
15001452,Cust01452,748,France,Female,48,10,50516.45,1,1,0,34.9,1
15001453,Cust01453,589,France,Male,33,5,205124.94,2,1,1,48.6,0
15001454,Cust01454,803,Germany,Male,39,9,0.0,2,0,0,89.12,0
15001455,Cust01455,720,Spain,Female,45,2,109058.85,1,0,1,156.76,0
15001456,Cust01456,730,Spain,Male,38,7,46015.74,2,0,0,168.81,1
15001457,Cust01457,574,France,Male,26,8,0.0,1,0,0,40.74,0
15001458,Cust01458,719,Germany,Female,29,6,84404.93,1,0,1,26.76,0
15001459,Cust01459,609,Germany,Male,45,8,92043.73,1,1,0,76.32,0
15001460,Cust01460,710,Spain,Male,39,2,107284.07,2,0,0,46.3,0
15001461,Cust01461,585,Spain,Male,24,7,0.0,2,1,0,111.84,0
15001462,Cust01462,591,France,Female,29,6,22906.39,1,0,1,163.32,0
15001463,Cust01463,628,France,Male,50,4,76808.69,2,1,0,56.62,0
15001464,Cust01464,670,France,Female,30,0,157561.51,3,1,0,152.31,1
15001465,Cust01465,647,Spain,Female,36,0,231055.83,4,1,0,18.57,1
15001466,Cust01466,741,Spain,Female,39,8,0.0,1,0,1,39.77,0
15001467,Cust01467,601,Spain,Female,56,2,179535.21,1,1,1,95.24,1
15001468,Cust01468,695,Germany,Female,46,6,202224.16,3,0,1,95.79,1
15001469,Cust01469,789,France,Female,32,9,158339.53,2,1,0,133.1,1
15001470,Cust01470,510,Germany,Male,29,3,72058.44,1,0,1,14.84,0
15001471,Cust01471,473,France,Male,38,3,141029.58,1,0,1,186.75,0
15001472,Cust01472,721,France,Male,18,0,37280.35,2,0,0,33.63,0
15001473,Cust01473,607,France,Female,38,9,118784.57,2,0,0,138.97,0
15001474,Cust01474,598,Spain,Female,41,2,75827.26,4,0,0,124.58,1
15001475,Cust01475,839,France,Female,34,3,52778.88,1,0,1,79.99,0
15001476,Cust01476,651,Germany,Male,26,1,0.0,2,0,0,25.07,1
15001477,Cust01477,569,France,Male,58,5,139429.51,2,0,1,116.22,1
15001478,Cust01478,387,Spain,Female,51,3,36050.9,2,1,1,155.61,0
15001479,Cust01479,671,Germany,Male,51,1,171500.09,1,1,0,69.56,0
15001480,Cust01480,482,France,Female,43,1,145745.82,1,0,0,35.02,0
15001481,Cust01481,511,France,Male,42,4,58846.35,3,1,1,12.73,0
15001482,Cust01482,743,France,Male,45,4,62739.74,1,0,1,23.66,0
15001483,Cust01483,657,France,Male,42,9,89676.18,2,1,0,88.12,1
15001484,Cust01484,819,France,Male,22,5,116890.95,2,0,0,182.63,1
15001485,Cust01485,575,Germany,Female,49,10,81775.82,3,0,0,88.49,1
15001486,Cust01486,635,Germany,Male,37,5,100202.7,4,1,0,63.57,0
15001487,Cust01487,645,France,Male,34,4,0.0,2,0,0,137.88,0
15001488,Cust01488,741,France,Female,24,6,96324.29,2,0,0,150.58,0
15001489,Cust01489,683,France,Male,29,8,98742.47,2,1,0,189.75,0
15001490,Cust01490,678,France,Female,32,2,85386.99,1,1,0,61.05,1
15001491,Cust01491,778,France,Female,29,5,119836.01,1,1,0,94.73,1
15001492,Cust01492,596,France,Male,44,3,124757.19,1,0,0,30.65,0
15001493,Cust01493,803,France,Male,18,1,160269.75,1,1,0,70.43,1
15001494,Cust01494,740,France,Male,44,4,165763.38,1,1,1,88.67,0
15001495,Cust01495,488,Spain,Male,36,4,81145.22,3,0,1,173.49,0
15001496,Cust01496,645,Germany,Male,34,7,138637.02,2,1,1,56.69,0
15001497,Cust01497,673,France,Female,53,5,34366.24,2,0,0,29.3,1
15001498,Cust01498,508,France,Female,37,4,76456.49,1,0,0,156.61,0
15001499,Cust01499,580,Spain,Male,32,5,0.0,2,0,0,158.44,0
15001500,Cust01500,778,Spain,Female,45,1,0.0,1,0,1,185.3,0
15001501,Cust01501,773,France,Male,65,0,78852.4,1,1,1,116.82,1
15001502,Cust01502,779,France,Female,18,0,87136.58,1,1,0,44.34,0
15001503,Cust01503,635,Spain,Female,41,0,45084.7,2,1,0,187.23,0
15001504,Cust01504,654,Germany,Female,43,4,13570.5,2,0,0,36.61,0
15001505,Cust01505,629,Germany,Female,31,6,0.0,2,0,0,83.42,0
15001506,Cust01506,482,Germany,Female,53,8,80239.04,2,1,0,43.28,0
15001507,Cust01507,677,France,Male,41,2,11076.23,3,1,1,117.93,1
15001508,Cust01508,578,France,Female,39,5,51206.2,2,0,1,183.42,0
15001509,Cust01509,593,Spain,Male,36,1,113993.03,1,1,1,12.76,0
15001510,Cust01510,449,France,Male,37,7,54721.23,1,0,1,113.79,0
15001511,Cust01511,772,Germany,Male,48,6,94525.46,1,0,1,136.1,0
15001512,Cust01512,550,Spain,Male,35,7,81395.02,1,1,1,182.16,0
15001513,Cust01513,684,France,Male,47,2,100678.99,2,0,0,41.79,1
15001514,Cust01514,624,France,Female,41,9,103930.73,1,0,0,183.81,0
15001515,Cust01515,494,Germany,Female,44,0,0.0,2,1,0,20.55,0
15001516,Cust01516,533,France,Male,33,8,48226.4,1,0,0,46.99,1
15001517,Cust01517,659,Spain,Female,18,1,61703.64,2,1,0,71.61,1
15001518,Cust01518,631,Spain,Female,41,5,139416.17,4,1,1,15.43,0
15001519,Cust01519,774,France,Male,31,2,58570.22,1,1,0,154.33,0
15001520,Cust01520,554,France,Male,59,5,96978.16,2,1,0,21.13,0
15001521,Cust01521,661,Spain,Male,38,6,0.0,2,0,0,113.98,0
15001522,Cust01522,669,Germany,Female,37,8,52199.77,2,0,1,170.23,0
15001523,Cust01523,432,Spain,Female,37,4,15463.2,1,1,0,41.37,0
15001524,Cust01524,549,Germany,Female,35,3,63861.31,2,0,0,131.84,0
15001525,Cust01525,742,Germany,Female,44,5,55451.25,1,0,1,18.67,0
15001526,Cust01526,699,Spain,Female,30,6,77824.7,1,0,0,16.9,0
15001527,Cust01527,579,France,Male,27,9,0.0,1,1,1,23.55,0
15001528,Cust01528,494,France,Female,59,8,88714.67,4,1,0,190.35,0
15001529,Cust01529,594,Germany,Male,58,2,65817.0,1,1,1,23.85,0
15001530,Cust01530,524,France,Male,31,6,95096.61,1,0,0,150.51,1
15001531,Cust01531,440,Germany,Female,42,6,53929.61,1,1,0,189.07,0
15001532,Cust01532,850,France,Female,41,9,104354.11,2,0,0,55.24,1
15001533,Cust01533,850,Germany,Female,36,6,112650.44,2,1,1,142.14,0
15001534,Cust01534,409,Spain,Male,18,9,0.0,3,0,0,61.61,0
15001535,Cust01535,649,Spain,Female,41,10,84648.86,2,1,1,73.24,0
15001536,Cust01536,587,Spain,Female,31,1,107627.71,1,1,1,113.9,1
15001537,Cust01537,833,Spain,Female,41,4,61229.51,1,1,0,144.15,0
15001538,Cust01538,615,France,Male,18,6,0.0,2,1,0,171.57,0
15001539,Cust01539,678,France,Female,67,4,61698.98,2,0,0,46.74,1
15001540,Cust01540,569,Germany,Male,45,3,89575.76,2,0,0,130.69,1
15001541,Cust01541,636,Germany,Male,18,0,118418.12,2,0,0,122.29,1
15001542,Cust01542,675,Germany,Male,28,5,78090.58,1,1,1,44.03,0
15001543,Cust01543,828,Germany,Female,25,1,150208.48,2,0,1,28.91,0
15001544,Cust01544,780,France,Male,27,2,85956.54,4,0,1,15.67,0
15001545,Cust01545,680,Spain,Male,35,1,68583.58,1,1,1,41.71,0
15001546,Cust01546,609,Spain,Male,45,5,87427.16,2,0,1,58.23,0
15001547,Cust01547,713,Spain,Female,18,3,165553.56,2,0,0,79.72,1
15001548,Cust01548,535,Spain,Male,25,10,98217.36,1,1,0,194.46,0
15001549,Cust01549,644,France,Female,21,4,0.0,1,0,0,59.03,1
15001550,Cust01550,595,France,Male,52,2,18870.04,1,1,1,113.7,0
15001551,Cust01551,562,France,Female,40,7,46847.39,2,0,1,48.09,0
15001552,Cust01552,600,Germany,Female,55,7,0.0,2,1,1,89.58,0
15001553,Cust01553,531,France,Male,34,1,36850.9,3,1,1,136.45,0
15001554,Cust01554,592,France,Female,48,1,40864.28,1,1,0,97.96,1
15001555,Cust01555,682,France,Male,30,7,32741.43,2,1,1,63.84,0
15001556,Cust01556,562,France,Female,28,8,98342.86,1,1,0,25.2,0
15001557,Cust01557,725,France,Female,51,6,15236.14,1,1,1,116.35,0
15001558,Cust01558,783,Germany,Female,24,7,0.0,2,1,0,32.98,1
15001559,Cust01559,516,France,Male,45,8,0.0,1,0,1,175.68,1
15001560,Cust01560,616,Spain,Male,32,6,0.0,1,1,1,59.59,0
15001561,Cust01561,755,Spain,Male,35,8,120360.57,1,0,0,81.58,0
15001562,Cust01562,753,France,Male,33,4,0.0,2,1,1,134.0,0
15001563,Cust01563,850,Spain,Male,38,0,143691.93,1,0,0,86.27,0
15001564,Cust01564,751,Germany,Male,37,2,66578.02,1,0,0,13.41,0
15001565,Cust01565,403,Spain,Male,28,4,51946.17,2,1,1,94.06,0
15001566,Cust01566,641,Spain,Female,36,1,107355.6,1,1,0,139.27,1
15001567,Cust01567,491,Germany,Male,51,1,101175.48,2,1,0,31.67,0
15001568,Cust01568,544,Germany,Female,26,6,116045.21,2,0,1,118.63,0
15001569,Cust01569,665,France,Female,51,10,86000.57,2,1,1,34.64,0
15001570,Cust01570,567,France,Female,26,8,0.0,1,1,0,189.87,0
15001571,Cust01571,674,Germany,Female,45,5,86332.66,2,0,1,169.18,0
15001572,Cust01572,573,Germany,Female,28,3,16064.48,1,1,0,166.09,0
15001573,Cust01573,569,France,Male,39,1,0.0,2,0,1,116.91,0
15001574,Cust01574,850,France,Female,52,9,153163.04,2,0,0,126.8,0
15001575,Cust01575,621,France,Female,23,5,123826.91,2,0,1,27.0,0
15001576,Cust01576,730,Spain,Male,33,4,106558.81,2,1,1,105.54,0
15001577,Cust01577,531,Spain,Female,31,7,148286.82,2,0,0,87.48,0
15001578,Cust01578,652,France,Male,33,0,84469.04,1,0,0,22.57,1
15001579,Cust01579,674,Germany,Male,30,0,126194.86,2,1,0,167.8,0
15001580,Cust01580,847,Spain,Male,39,8,48369.68,1,0,1,88.29,0
15001581,Cust01581,850,Germany,Female,29,8,206528.44,1,1,0,46.65,1
15001582,Cust01582,767,Spain,Male,47,9,128769.69,3,1,1,164.2,0
15001583,Cust01583,639,France,Female,41,2,39281.07,1,1,0,105.56,0
15001584,Cust01584,588,France,Female,33,1,103712.87,4,0,1,113.49,0
15001585,Cust01585,747,France,Male,56,8,114631.42,2,0,0,184.25,0
15001586,Cust01586,687,Spain,Male,51,5,199464.97,2,0,1,85.53,0
15001587,Cust01587,697,Germany,Female,55,4,40712.81,2,1,1,109.63,0
15001588,Cust01588,699,Germany,Female,46,8,14104.98,2,0,0,180.11,0
15001589,Cust01589,551,France,Male,47,4,86631.1,1,0,0,71.51,0
15001590,Cust01590,589,Spain,Female,44,5,6926.96,2,1,1,129.09,0
15001591,Cust01591,512,France,Male,27,3,42024.26,1,0,0,181.46,1
15001592,Cust01592,569,Germany,Female,31,1,146684.21,2,0,0,95.75,0
15001593,Cust01593,536,France,Female,37,5,103685.26,1,0,0,173.74,0
15001594,Cust01594,668,France,Female,40,7,211070.85,1,1,0,141.53,0
15001595,Cust01595,642,Germany,Male,36,10,135763.38,2,0,1,181.32,0
15001596,Cust01596,661,France,Female,56,10,56298.82,1,1,1,125.01,1
15001597,Cust01597,645,Germany,Female,49,10,0.0,1,1,0,21.65,0
15001598,Cust01598,609,Germany,Male,33,6,0.0,1,0,0,73.88,0
15001599,Cust01599,590,Spain,Male,43,9,20773.57,1,0,1,108.25,0
15001600,Cust01600,728,Spain,Male,26,9,126854.41,1,1,1,122.85,0
15001601,Cust01601,615,Germany,Female,48,4,151545.77,2,0,1,101.15,0
15001602,Cust01602,797,Spain,Female,39,2,76122.56,2,0,0,128.46,0
15001603,Cust01603,722,Spain,Male,23,2,22614.92,2,0,0,132.49,0
15001604,Cust01604,794,Germany,Male,42,7,97155.38,2,0,1,75.7,1
15001605,Cust01605,797,Spain,Male,38,10,139589.19,2,0,1,108.83,0
15001606,Cust01606,719,Germany,Female,43,2,79058.35,3,1,0,193.33,0
15001607,Cust01607,723,France,Male,33,1,224054.0,1,0,1,28.7,1
15001608,Cust01608,602,France,Female,47,9,129765.62,1,1,0,69.91,0
15001609,Cust01609,569,Germany,Male,44,4,0.0,1,1,0,187.9,1
15001610,Cust01610,564,Spain,Male,57,9,0.0,3,0,0,141.32,0
15001611,Cust01611,655,France,Male,23,2,158872.76,1,0,0,20.29,0
15001612,Cust01612,662,France,Female,32,7,151720.29,1,0,1,155.02,0
15001613,Cust01613,576,Spain,Male,36,2,55351.67,1,1,1,55.81,0
15001614,Cust01614,646,France,Female,36,6,92383.8,1,0,1,191.33,0
15001615,Cust01615,688,France,Female,46,4,81798.46,2,1,0,12.01,0
15001616,Cust01616,566,Spain,Female,40,10,65912.37,2,0,0,37.41,0
15001617,Cust01617,717,Spain,Male,38,8,121770.71,2,1,1,110.69,0
15001618,Cust01618,672,Spain,Female,40,3,39552.91,1,1,0,50.44,0
15001619,Cust01619,616,France,Male,25,7,97695.27,1,0,0,150.1,0
15001620,Cust01620,580,France,Female,18,5,109120.89,2,0,1,124.29,0
15001621,Cust01621,576,Spain,Male,49,2,0.0,1,1,1,40.92,0
15001622,Cust01622,569,France,Female,42,4,126985.73,1,0,0,91.39,0
15001623,Cust01623,694,Spain,Female,44,6,54665.92,2,0,1,179.55,0
15001624,Cust01624,575,Spain,Female,24,10,170880.74,1,0,0,27.58,0
15001625,Cust01625,570,Germany,Male,50,6,168882.05,1,1,1,64.4,0
15001626,Cust01626,653,France,Male,35,4,191853.4,2,0,0,146.9,1
15001627,Cust01627,652,France,Male,29,1,4876.11,1,0,1,74.17,0
15001628,Cust01628,645,France,Male,38,10,45975.98,1,0,1,108.94,0
15001629,Cust01629,777,France,Male,37,6,118366.12,1,0,0,75.63,0
15001630,Cust01630,565,Germany,Female,62,0,193315.89,2,1,0,52.45,1
15001631,Cust01631,581,Spain,Male,29,7,22014.88,2,1,0,18.15,0
15001632,Cust01632,693,France,Male,34,5,120924.69,2,0,1,31.22,0
15001633,Cust01633,489,Germany,Female,36,9,19082.82,1,0,1,54.45,0
15001634,Cust01634,733,Spain,Male,39,3,84892.45,2,0,0,188.76,0
15001635,Cust01635,615,France,Male,24,9,0.0,2,1,0,88.84,0
15001636,Cust01636,692,France,Male,56,0,65958.8,1,1,0,172.92,1
15001637,Cust01637,521,Spain,Female,28,2,84214.82,1,1,1,48.89,1
15001638,Cust01638,533,Germany,Female,33,2,66264.46,1,0,1,176.67,0
15001639,Cust01639,668,France,Male,55,10,130356.28,2,0,0,83.4,1
15001640,Cust01640,578,Spain,Female,49,10,72211.95,2,1,1,94.07,0
15001641,Cust01641,550,France,Female,42,4,148361.49,2,0,1,168.28,0
15001642,Cust01642,546,Germany,Female,37,8,143146.0,4,0,0,13.58,0
15001643,Cust01643,477,Spain,Female,30,10,135367.3,1,0,1,104.68,0
15001644,Cust01644,615,Spain,Female,20,3,57473.15,2,1,1,54.72,1
15001645,Cust01645,658,France,Male,31,7,7977.09,2,0,1,78.63,0
15001646,Cust01646,801,France,Female,48,0,3951.92,2,0,1,113.74,0
15001647,Cust01647,850,France,Female,33,4,84009.62,2,0,1,21.22,0
15001648,Cust01648,524,Spain,Female,18,3,46453.81,1,0,0,178.8,0
15001649,Cust01649,786,Spain,Female,28,4,0.0,1,1,0,39.44,0
15001650,Cust01650,646,Germany,Female,38,0,150356.57,1,1,0,94.45,1
15001651,Cust01651,668,Germany,Male,37,6,192552.22,2,0,1,59.7,0
15001652,Cust01652,589,Spain,Female,48,6,127418.07,1,1,0,52.8,0
15001653,Cust01653,750,France,Male,41,3,53458.46,2,1,0,85.61,0
15001654,Cust01654,655,France,Female,37,3,36853.04,2,1,1,89.04,0
15001655,Cust01655,819,Germany,Female,29,8,98347.38,2,1,0,32.5,0
15001656,Cust01656,697,France,Female,26,3,38495.78,1,1,0,145.58,0
15001657,Cust01657,532,France,Female,43,1,115822.68,1,0,1,123.78,0
15001658,Cust01658,678,Spain,Female,28,9,239548.67,1,1,1,34.04,0
15001659,Cust01659,722,Spain,Female,33,5,0.0,1,1,0,79.7,0
15001660,Cust01660,618,Spain,Male,40,8,13786.79,2,1,1,41.98,0
15001661,Cust01661,664,Spain,Male,53,10,123940.88,2,1,0,187.13,1
15001662,Cust01662,743,Germany,Female,30,4,80546.88,1,1,1,21.8,0
15001663,Cust01663,575,France,Male,48,9,106626.6,1,1,1,39.41,0
15001664,Cust01664,658,France,Female,33,8,50996.16,2,0,1,99.54,0
15001665,Cust01665,550,France,Male,48,1,64621.25,1,0,0,196.72,0
15001666,Cust01666,655,France,Male,42,6,1029.68,2,1,0,182.21,0
15001667,Cust01667,561,Spain,Female,39,5,87521.93,2,1,1,149.29,0
15001668,Cust01668,717,France,Female,45,4,11507.68,2,1,0,50.88,0
15001669,Cust01669,787,France,Female,53,0,56464.92,2,1,1,159.17,0
15001670,Cust01670,715,Spain,Male,35,6,2163.18,2,1,1,169.5,0
15001671,Cust01671,566,Spain,Male,27,2,5690.75,2,0,1,33.08,0
15001672,Cust01672,758,France,Male,30,2,135446.61,2,1,0,97.06,0
15001673,Cust01673,732,France,Female,18,8,136664.38,2,0,0,153.99,0
15001674,Cust01674,766,Spain,Male,26,2,64523.95,2,0,1,18.51,0
15001675,Cust01675,635,France,Male,24,3,113686.1,2,1,0,138.97,0
15001676,Cust01676,639,France,Male,55,2,135352.9,4,0,1,127.75,0
15001677,Cust01677,513,Germany,Male,51,7,75523.28,2,0,0,162.46,0
15001678,Cust01678,709,Spain,Female,32,8,43955.49,4,1,0,87.75,0
15001679,Cust01679,526,Germany,Male,53,9,82890.02,2,0,1,77.81,0
15001680,Cust01680,658,Spain,Female,45,6,68897.32,2,0,1,31.65,0
15001681,Cust01681,608,Germany,Female,45,6,48421.98,2,0,0,76.48,0
15001682,Cust01682,634,Germany,Male,57,2,67093.11,1,1,0,30.04,0
15001683,Cust01683,491,Germany,Male,38,4,80691.76,1,0,1,162.46,0
15001684,Cust01684,550,France,Male,26,4,248357.74,1,1,1,55.32,0
15001685,Cust01685,648,Spain,Female,23,9,121537.56,1,0,0,190.3,0
15001686,Cust01686,501,France,Female,34,9,209041.15,1,1,1,74.01,0
15001687,Cust01687,737,France,Female,18,7,0.0,2,1,0,149.48,0
15001688,Cust01688,821,Spain,Male,43,9,162195.83,1,1,1,58.24,0
15001689,Cust01689,614,France,Male,35,9,0.0,1,0,1,70.3,0
15001690,Cust01690,772,Spain,Female,32,7,145371.47,2,0,1,30.94,0
15001691,Cust01691,652,Spain,Female,36,8,144106.06,1,1,0,121.73,0
15001692,Cust01692,511,France,Female,42,6,203584.29,1,0,1,182.11,0
15001693,Cust01693,528,France,Male,32,4,68155.83,2,0,0,162.42,0
15001694,Cust01694,722,France,Male,42,8,128235.86,2,0,1,104.52,0
15001695,Cust01695,556,France,Male,18,5,75764.14,2,1,0,195.04,0
15001696,Cust01696,727,France,Male,57,3,20025.85,1,0,0,64.01,1
15001697,Cust01697,565,Spain,Male,39,0,0.0,4,1,1,65.81,1
15001698,Cust01698,698,France,Male,41,2,53328.02,2,0,0,134.78,1
15001699,Cust01699,792,Spain,Female,43,7,158892.08,1,0,1,194.5,0
15001700,Cust01700,640,France,Female,26,1,103248.13,1,1,0,23.01,1
15001701,Cust01701,742,Spain,Female,18,4,96551.2,2,1,0,33.73,0
15001702,Cust01702,628,France,Male,52,9,106469.62,2,1,0,81.67,1
15001703,Cust01703,704,France,Female,25,7,25047.48,2,1,1,111.97,0
15001704,Cust01704,605,Germany,Female,28,4,159873.63,2,0,1,83.76,0
15001705,Cust01705,602,Spain,Female,31,10,0.0,1,0,1,82.12,1
15001706,Cust01706,623,Germany,Female,36,7,0.0,1,0,1,140.57,0
15001707,Cust01707,741,France,Female,43,5,108726.04,2,0,0,102.93,0
15001708,Cust01708,563,Germany,Male,22,4,124617.08,2,1,1,65.46,1
15001709,Cust01709,653,France,Male,29,9,47401.44,2,1,0,56.55,1
15001710,Cust01710,743,France,Male,46,2,59083.64,2,0,1,79.95,0
15001711,Cust01711,759,Germany,Female,25,4,37614.38,1,1,1,82.4,0
15001712,Cust01712,661,Germany,Female,25,2,32707.77,1,1,1,65.73,0
15001713,Cust01713,795,France,Female,33,6,0.0,1,1,0,188.08,0
15001714,Cust01714,603,France,Male,25,7,23317.3,2,0,0,59.21,1
15001715,Cust01715,451,Spain,Female,43,5,34866.96,1,1,1,13.99,0
15001716,Cust01716,709,Spain,Male,48,3,0.0,2,1,1,106.74,1
15001717,Cust01717,622,France,Female,49,7,19549.82,3,1,0,175.67,0
15001718,Cust01718,618,France,Female,46,3,21065.5,1,1,0,115.2,1
15001719,Cust01719,785,Spain,Female,45,8,230902.69,1,1,0,49.37,0
15001720,Cust01720,562,Germany,Male,35,5,82696.88,4,1,0,122.59,0
15001721,Cust01721,695,Spain,Male,48,8,117139.83,1,0,1,129.9,0
15001722,Cust01722,615,Germany,Female,29,8,71880.16,2,1,0,139.02,1
15001723,Cust01723,726,Germany,Female,51,5,970.05,3,1,0,51.85,1
15001724,Cust01724,625,France,Female,39,5,142053.33,1,1,1,161.78,0
15001725,Cust01725,704,Germany,Male,51,1,106467.59,2,1,1,27.18,0
15001726,Cust01726,786,Germany,Male,30,8,160.35,1,1,0,15.16,0
15001727,Cust01727,706,Germany,Female,55,8,130701.76,2,1,0,75.73,0
15001728,Cust01728,682,Spain,Male,65,8,0.0,1,0,1,151.28,0
15001729,Cust01729,735,Germany,Male,34,10,71354.55,1,1,1,74.42,0
15001730,Cust01730,646,Germany,Male,18,10,54962.71,1,0,1,171.14,0
15001731,Cust01731,606,Germany,Female,38,0,26249.34,1,1,0,194.22,0
15001732,Cust01732,694,France,Male,40,3,111893.58,1,0,1,46.79,0
15001733,Cust01733,696,Spain,Female,54,8,153831.69,2,0,1,16.36,0
15001734,Cust01734,716,Spain,Male,44,3,17040.89,2,0,1,59.96,0
15001735,Cust01735,350,France,Male,32,2,12558.3,2,0,1,90.09,0
15001736,Cust01736,614,Germany,Male,51,3,81111.39,1,1,1,62.16,1
15001737,Cust01737,709,Germany,Female,20,0,25290.71,1,1,0,174.85,0
15001738,Cust01738,578,France,Female,42,3,100638.62,1,1,1,104.55,0
15001739,Cust01739,636,France,Female,34,9,0.0,2,0,0,23.29,0
15001740,Cust01740,756,Spain,Male,39,2,69295.38,2,0,1,181.69,0
15001741,Cust01741,786,France,Female,45,6,162924.58,1,0,1,162.78,0
15001742,Cust01742,717,Spain,Female,34,0,74644.88,1,1,1,98.4,0
15001743,Cust01743,525,France,Female,54,4,64007.49,2,1,1,166.28,0
15001744,Cust01744,604,Spain,Female,40,7,208866.44,1,1,1,99.41,1
15001745,Cust01745,539,Germany,Male,39,9,147672.41,1,0,0,48.29,0
15001746,Cust01746,673,Germany,Male,27,9,58149.82,2,1,1,111.33,0
15001747,Cust01747,620,Germany,Female,35,2,0.0,1,0,0,108.74,1
15001748,Cust01748,675,Germany,Male,54,0,21439.26,2,1,1,160.28,0
15001749,Cust01749,699,Germany,Female,35,9,2978.79,1,0,1,86.01,1
15001750,Cust01750,591,France,Male,55,6,44733.52,1,1,0,84.36,1
15001751,Cust01751,697,France,Male,18,1,183938.37,1,0,0,108.32,0
15001752,Cust01752,486,France,Female,27,8,72301.43,1,0,1,172.13,0
15001753,Cust01753,738,Germany,Female,29,2,87643.62,1,1,0,125.54,0
15001754,Cust01754,850,Spain,Male,45,2,0.0,1,0,0,144.08,1
15001755,Cust01755,435,France,Male,46,6,75893.72,1,0,0,121.25,1
15001756,Cust01756,668,France,Female,58,5,0.0,2,1,1,50.56,0
15001757,Cust01757,545,France,Female,42,5,73571.95,2,0,1,77.2,0
15001758,Cust01758,789,Germany,Male,36,0,99159.09,1,0,0,20.06,1
15001759,Cust01759,570,France,Female,31,7,103283.72,2,0,1,119.08,0
15001760,Cust01760,576,France,Female,29,8,51610.3,1,1,1,13.18,0
15001761,Cust01761,585,Germany,Female,29,5,51596.08,2,1,1,48.63,0
15001762,Cust01762,646,Spain,Female,39,8,51378.85,1,1,1,174.0,0
15001763,Cust01763,707,Germany,Male,25,1,187393.24,1,1,0,62.04,1
15001764,Cust01764,560,Spain,Male,25,5,110280.12,1,1,0,89.67,0
15001765,Cust01765,713,Germany,Male,50,6,88443.32,2,0,0,33.2,0
15001766,Cust01766,824,France,Male,49,3,42204.59,2,1,0,32.74,0
15001767,Cust01767,672,Spain,Male,24,8,171241.72,1,0,0,191.84,0
15001768,Cust01768,589,France,Male,37,10,127655.78,2,0,0,181.38,0
15001769,Cust01769,607,Germany,Female,47,3,0.0,1,1,1,66.74,0
15001770,Cust01770,717,Spain,Female,18,7,99916.5,2,0,1,43.34,1
15001771,Cust01771,663,France,Female,40,3,34727.01,3,0,0,134.54,0
15001772,Cust01772,724,France,Female,37,2,134035.48,2,0,1,187.17,0
15001773,Cust01773,695,Spain,Female,38,9,20370.31,1,1,0,54.77,1
15001774,Cust01774,645,Germany,Male,32,6,120340.81,1,0,0,36.52,0
15001775,Cust01775,579,Spain,Female,38,0,84884.99,2,1,0,43.16,0
15001776,Cust01776,582,Spain,Male,18,10,105335.02,1,0,1,69.46,0
15001777,Cust01777,775,Germany,Female,35,4,104918.74,3,0,1,46.06,0
15001778,Cust01778,570,France,Female,48,6,5949.31,2,1,1,141.04,0
15001779,Cust01779,538,France,Female,51,3,66895.08,2,1,1,96.49,0
15001780,Cust01780,653,Spain,Female,35,4,50367.73,3,1,1,91.59,0
15001781,Cust01781,720,France,Female,54,1,57991.86,1,1,0,139.53,0
15001782,Cust01782,677,France,Female,40,10,164927.2,1,1,1,14.41,0
15001783,Cust01783,642,Germany,Female,18,0,104571.14,2,0,0,36.75,1
15001784,Cust01784,732,Germany,Female,49,9,184164.2,2,1,1,176.96,0
15001785,Cust01785,785,France,Female,44,7,143355.6,2,0,1,86.23,0
15001786,Cust01786,628,Spain,Female,38,10,25929.34,3,0,0,81.62,1
15001787,Cust01787,604,Germany,Male,26,4,186603.2,3,0,1,87.66,0
15001788,Cust01788,698,France,Female,40,5,114126.57,4,0,1,123.21,0
15001789,Cust01789,729,France,Female,46,10,96578.94,1,0,0,102.72,0
15001790,Cust01790,612,Germany,Female,38,6,0.0,2,0,1,181.08,0
15001791,Cust01791,713,France,Male,20,5,0.0,2,0,0,65.22,0
15001792,Cust01792,699,France,Female,33,10,16813.68,1,1,0,24.2,0
15001793,Cust01793,689,Spain,Female,32,5,64870.1,2,1,0,62.03,0
15001794,Cust01794,421,France,Male,41,3,0.0,2,1,0,52.87,0
15001795,Cust01795,737,Spain,Male,41,1,106504.89,1,1,1,107.97,1
15001796,Cust01796,631,France,Female,42,6,126823.86,1,1,0,12.8,0
15001797,Cust01797,677,Spain,Female,41,9,179369.92,2,0,1,111.1,0
15001798,Cust01798,589,France,Male,18,3,178335.52,2,1,0,134.87,0
15001799,Cust01799,811,Germany,Male,37,3,78078.53,2,1,0,96.34,1
15001800,Cust01800,681,France,Male,28,9,130073.49,2,1,1,58.22,0
15001801,Cust01801,626,Germany,Male,47,6,65822.74,1,1,1,198.71,0
15001802,Cust01802,650,Spain,Female,33,4,150519.76,1,1,0,190.62,0
15001803,Cust01803,609,France,Male,38,5,59533.26,2,0,0,63.36,1
15001804,Cust01804,715,Germany,Female,45,8,7867.19,1,0,1,140.8,0
15001805,Cust01805,701,Spain,Male,37,7,47858.73,1,0,1,65.66,0
15001806,Cust01806,800,France,Female,44,1,171426.83,3,0,0,97.38,0
15001807,Cust01807,675,Spain,Male,34,5,152303.58,2,0,0,63.06,0
15001808,Cust01808,637,France,Female,19,9,22433.25,1,0,1,95.89,0
15001809,Cust01809,513,Germany,Male,27,6,119100.25,1,1,1,48.22,0
15001810,Cust01810,447,Spain,Female,32,3,24080.85,2,1,0,121.35,0
15001811,Cust01811,633,Germany,Female,22,0,87068.81,4,0,1,40.44,0
15001812,Cust01812,597,Germany,Male,49,9,75853.13,1,1,0,88.89,0
15001813,Cust01813,596,France,Male,59,2,189701.59,1,1,0,144.63,1
15001814,Cust01814,648,France,Female,30,9,0.0,2,1,1,164.23,0
15001815,Cust01815,678,France,Female,36,2,48982.6,1,1,0,38.16,0
15001816,Cust01816,537,Germany,Female,58,1,99930.15,1,1,0,38.18,1
15001817,Cust01817,642,Germany,Male,48,5,0.0,2,0,1,70.66,1
15001818,Cust01818,568,Spain,Male,36,10,192006.62,1,0,0,46.54,0
15001819,Cust01819,573,Spain,Male,64,5,103101.86,1,0,1,192.98,0
15001820,Cust01820,577,Germany,Male,65,10,6534.09,2,0,0,119.37,0
15001821,Cust01821,576,France,Male,38,9,0.0,1,0,1,151.63,0
15001822,Cust01822,736,Germany,Male,38,8,37674.05,1,1,0,147.76,0
15001823,Cust01823,658,Germany,Male,28,4,190476.55,3,0,1,179.04,0
15001824,Cust01824,748,Spain,Male,51,1,75286.06,2,0,1,141.69,0
15001825,Cust01825,745,Germany,Female,50,7,26028.51,3,0,1,52.59,1
15001826,Cust01826,606,France,Female,34,3,0.0,2,0,1,147.92,1
15001827,Cust01827,567,Germany,Female,23,10,20274.41,2,0,0,44.28,0
15001828,Cust01828,645,France,Female,47,8,87593.39,2,1,1,96.84,1
15001829,Cust01829,812,Germany,Female,29,10,64281.11,1,1,1,27.98,1
15001830,Cust01830,640,France,Male,54,5,36737.09,2,1,1,90.15,0
15001831,Cust01831,672,Germany,Female,49,10,294801.42,2,0,0,39.26,0
15001832,Cust01832,598,France,Male,28,10,32131.76,1,0,0,48.14,1
15001833,Cust01833,611,France,Male,30,5,6209.39,3,0,1,50.67,0
15001834,Cust01834,655,Spain,Male,37,8,134702.07,1,0,0,137.89,1
15001835,Cust01835,624,Germany,Male,42,5,47096.31,1,0,1,160.68,0
15001836,Cust01836,564,Spain,Male,27,0,22703.96,3,0,0,43.16,0
15001837,Cust01837,720,France,Male,18,10,159038.25,2,1,0,190.12,0
15001838,Cust01838,526,Germany,Female,30,6,142265.12,1,0,0,75.07,0
15001839,Cust01839,610,France,Female,26,10,234751.18,2,1,0,104.71,0
15001840,Cust01840,581,Spain,Female,40,6,102805.87,2,1,1,137.29,0
15001841,Cust01841,546,Germany,Male,18,7,0.0,1,0,1,36.89,1
15001842,Cust01842,731,Germany,Male,38,10,27494.06,2,0,0,101.08,1
15001843,Cust01843,622,Germany,Female,40,1,75400.81,1,1,0,140.78,0
15001844,Cust01844,525,France,Female,50,4,49362.63,2,1,1,156.13,1
15001845,Cust01845,715,France,Male,33,1,135815.73,2,1,0,134.72,1
15001846,Cust01846,736,Germany,Female,56,7,0.0,1,0,0,78.52,0
15001847,Cust01847,552,France,Male,33,3,119557.07,1,1,1,133.91,0
15001848,Cust01848,481,France,Male,20,10,14118.13,3,0,0,60.54,0
15001849,Cust01849,650,France,Male,39,2,187977.53,1,1,0,189.33,0
15001850,Cust01850,672,France,Male,31,6,145234.24,1,1,0,121.42,1
15001851,Cust01851,672,Spain,Female,43,10,54786.78,2,0,1,14.6,1
15001852,Cust01852,642,France,Female,39,8,40135.5,1,1,0,135.21,1
15001853,Cust01853,632,France,Male,37,9,127237.01,2,1,1,16.48,1
15001854,Cust01854,761,Germany,Male,59,0,194544.34,1,0,1,34.5,0
15001855,Cust01855,581,France,Male,52,10,77514.77,1,0,0,173.73,0
15001856,Cust01856,775,Germany,Female,56,4,0.0,2,1,1,117.89,0
15001857,Cust01857,689,France,Female,34,9,34353.31,1,1,1,81.6,0
15001858,Cust01858,644,France,Female,22,3,74608.96,1,0,1,94.71,0
15001859,Cust01859,547,Germany,Female,44,0,135665.4,1,1,0,148.0,1
15001860,Cust01860,599,France,Male,50,6,123679.96,1,1,0,29.84,0
15001861,Cust01861,610,France,Female,37,7,100723.35,2,1,1,12.83,0
15001862,Cust01862,627,France,Female,28,2,120314.23,2,0,0,120.35,1
15001863,Cust01863,790,France,Male,45,10,124169.76,2,1,1,125.67,0
15001864,Cust01864,653,Germany,Female,52,5,94065.5,2,0,1,129.83,1
15001865,Cust01865,850,France,Female,47,4,121389.02,3,1,0,175.9,1
15001866,Cust01866,493,France,Male,18,10,203019.91,1,1,0,167.72,0
15001867,Cust01867,618,France,Male,31,6,78023.61,2,0,1,127.28,0
15001868,Cust01868,680,Spain,Male,41,10,4269.63,1,0,0,123.33,0
15001869,Cust01869,750,France,Male,22,7,43023.58,1,0,0,43.38,0
15001870,Cust01870,560,France,Male,55,0,0.0,1,0,1,132.63,0
15001871,Cust01871,630,France,Male,18,3,27479.34,1,0,1,174.22,0
15001872,Cust01872,503,France,Female,42,7,104569.43,1,0,1,174.28,0
15001873,Cust01873,466,Germany,Male,46,2,41583.23,1,0,1,12.01,1
15001874,Cust01874,688,Spain,Female,46,4,136003.26,2,0,0,71.99,0
15001875,Cust01875,382,France,Female,49,1,96128.81,2,0,1,61.01,0
15001876,Cust01876,715,France,Male,50,9,197092.65,2,1,1,13.2,0
15001877,Cust01877,500,France,Male,54,7,113047.34,3,1,1,118.98,0
15001878,Cust01878,450,Germany,Male,45,2,175548.43,1,1,1,26.05,0
15001879,Cust01879,762,France,Male,51,10,17918.7,1,0,1,132.67,0
15001880,Cust01880,847,Germany,Male,29,9,125643.52,2,1,0,133.6,0
15001881,Cust01881,504,France,Female,44,8,66298.4,3,0,1,165.6,0
15001882,Cust01882,447,France,Male,43,4,56844.48,1,1,1,49.5,1
15001883,Cust01883,819,Spain,Female,39,10,0.0,1,0,0,42.26,0
15001884,Cust01884,764,Germany,Male,40,9,0.0,1,1,0,93.41,0
15001885,Cust01885,490,France,Male,45,10,0.0,1,1,1,105.15,0
15001886,Cust01886,637,Spain,Female,44,6,62358.88,2,0,1,80.36,0
15001887,Cust01887,645,Spain,Female,39,4,57536.64,1,1,0,62.51,0
15001888,Cust01888,683,Germany,Male,49,0,0.0,2,0,0,68.75,1
15001889,Cust01889,470,France,Male,27,9,86128.34,2,0,0,199.43,1
15001890,Cust01890,608,France,Female,27,9,141797.89,1,1,1,145.23,0
15001891,Cust01891,695,France,Male,57,0,53360.54,2,0,0,31.31,1
15001892,Cust01892,569,Spain,Male,45,0,48981.04,1,0,0,51.01,1
15001893,Cust01893,705,France,Female,32,10,73234.4,2,1,0,86.08,0
15001894,Cust01894,775,France,Male,39,7,87993.81,1,0,1,108.66,0
15001895,Cust01895,581,France,Male,37,3,64557.81,1,0,0,119.78,0
15001896,Cust01896,779,France,Male,30,5,43264.37,2,0,0,49.02,0
15001897,Cust01897,601,Germany,Female,18,9,100527.13,1,1,0,58.89,0
15001898,Cust01898,695,Germany,Male,38,8,95203.06,1,1,1,35.91,0
15001899,Cust01899,729,France,Male,44,7,0.0,1,0,1,80.93,1
15001900,Cust01900,713,Germany,Female,45,0,21644.78,4,0,1,155.26,0
15001901,Cust01901,575,Germany,Female,33,10,0.0,2,0,1,73.52,0
15001902,Cust01902,644,France,Female,50,7,92878.68,1,1,1,37.13,0
15001903,Cust01903,647,Germany,Male,44,3,0.0,2,0,1,92.83,0
15001904,Cust01904,653,Germany,Female,29,6,143283.78,2,1,1,143.71,1
15001905,Cust01905,763,Spain,Female,32,6,60703.09,3,0,1,188.01,0
15001906,Cust01906,557,Germany,Male,18,6,149598.82,1,1,0,160.69,1
15001907,Cust01907,595,Germany,Male,33,1,31093.24,1,1,0,38.35,1
15001908,Cust01908,715,France,Female,45,6,78667.92,1,1,0,146.59,1
15001909,Cust01909,850,Spain,Female,18,6,207541.14,1,0,1,72.59,0
15001910,Cust01910,745,France,Male,31,1,70922.55,3,1,1,197.35,1
15001911,Cust01911,641,Spain,Female,46,3,94468.32,1,0,1,85.27,0
15001912,Cust01912,656,France,Female,43,10,84658.4,2,0,0,124.6,0
15001913,Cust01913,734,France,Female,46,2,23681.06,1,1,0,109.43,1
15001914,Cust01914,760,France,Male,29,3,0.0,3,0,1,115.37,0
15001915,Cust01915,817,Germany,Female,64,4,52578.58,2,1,0,87.53,0
15001916,Cust01916,483,Germany,Male,38,9,6899.0,2,0,1,88.69,0
15001917,Cust01917,542,Germany,Female,50,8,0.0,2,1,0,113.72,0
15001918,Cust01918,645,France,Female,37,7,72441.36,2,1,0,104.76,0
15001919,Cust01919,727,Germany,Female,39,2,117060.3,1,0,1,135.64,0
15001920,Cust01920,773,Spain,Female,35,5,37054.74,2,1,0,131.57,0
15001921,Cust01921,554,Germany,Female,35,5,93208.26,2,0,0,62.21,0
15001922,Cust01922,588,Spain,Male,27,4,23062.97,2,0,1,172.67,0
15001923,Cust01923,648,France,Male,45,4,36999.65,1,0,1,117.43,1
15001924,Cust01924,579,Spain,Female,37,1,96849.23,1,0,1,88.09,0
15001925,Cust01925,691,Spain,Female,49,5,135942.04,1,1,1,148.68,0
15001926,Cust01926,824,Spain,Female,42,4,120588.46,1,0,1,28.63,0
15001927,Cust01927,722,France,Female,37,8,116230.68,2,0,1,124.27,0
15001928,Cust01928,651,France,Male,37,10,198985.29,1,1,1,25.38,0
15001929,Cust01929,618,Spain,Male,42,10,160276.45,1,0,0,182.79,0
15001930,Cust01930,657,Spain,Female,37,1,130187.36,3,0,0,73.26,1
15001931,Cust01931,696,France,Male,40,1,24275.18,2,1,1,111.57,1
15001932,Cust01932,628,France,Male,34,7,132107.65,1,0,1,186.27,0
15001933,Cust01933,811,France,Male,53,8,32357.19,2,0,1,100.95,1
15001934,Cust01934,646,Germany,Female,34,3,197948.85,1,0,0,80.4,0
15001935,Cust01935,643,Spain,Female,51,0,10497.18,1,0,0,143.04,0
15001936,Cust01936,588,France,Female,58,5,0.0,1,1,0,183.91,0
15001937,Cust01937,522,France,Male,31,10,15348.19,2,1,0,19.0,1
15001938,Cust01938,757,Spain,Male,45,3,31638.19,2,0,1,68.49,0
15001939,Cust01939,637,Spain,Female,30,8,44073.8,2,0,1,157.45,0
15001940,Cust01940,787,Spain,Female,26,4,139341.38,2,1,0,106.81,0
15001941,Cust01941,553,Germany,Female,26,5,15717.51,1,1,1,38.6,1
15001942,Cust01942,797,France,Male,25,7,6688.49,2,1,0,109.64,1
15001943,Cust01943,609,France,Male,27,3,153092.55,1,1,0,65.86,0
15001944,Cust01944,638,Germany,Female,38,7,115390.41,1,0,1,26.08,0
15001945,Cust01945,717,France,Male,32,3,91187.34,2,1,0,170.95,0
15001946,Cust01946,604,Spain,Female,54,7,0.0,4,0,1,166.04,0
15001947,Cust01947,709,Spain,Male,70,1,120918.45,2,0,0,112.74,0
15001948,Cust01948,678,Germany,Female,38,0,90991.73,1,1,0,181.52,1
15001949,Cust01949,810,France,Male,37,6,0.0,2,1,0,171.0,1
15001950,Cust01950,562,Spain,Female,38,0,128798.64,2,1,0,37.26,1
15001951,Cust01951,777,Germany,Male,33,1,12889.49,3,0,1,61.06,1
15001952,Cust01952,662,France,Male,27,7,19240.42,2,1,1,80.52,1
15001953,Cust01953,565,Spain,Male,32,2,149089.69,1,1,1,133.57,1
15001954,Cust01954,836,France,Female,45,6,2103.77,1,0,0,178.2,0
15001955,Cust01955,707,Germany,Female,29,4,117146.07,2,0,1,74.83,1
15001956,Cust01956,604,France,Male,48,3,183133.76,2,0,0,155.73,0
15001957,Cust01957,840,Germany,Female,23,8,44659.64,3,1,0,130.58,0
15001958,Cust01958,708,Spain,Female,33,5,104783.58,1,1,1,113.34,0
15001959,Cust01959,731,Spain,Female,44,10,100616.89,3,0,1,134.08,0
15001960,Cust01960,680,France,Male,34,9,56402.86,1,1,1,49.11,0
15001961,Cust01961,621,France,Female,42,10,127657.12,2,1,1,109.3,1
15001962,Cust01962,473,France,Male,51,5,78731.88,3,1,1,47.66,0
15001963,Cust01963,785,Germany,Male,53,0,84827.43,1,0,1,160.57,0
15001964,Cust01964,632,Germany,Male,42,9,69188.42,1,0,1,47.25,1
15001965,Cust01965,714,France,Male,29,8,179267.4,2,0,0,176.62,0
15001966,Cust01966,659,Spain,Male,19,3,141237.09,2,1,1,82.05,0
15001967,Cust01967,710,Spain,Female,35,8,100800.0,3,1,0,98.34,0
15001968,Cust01968,562,Spain,Male,38,3,124485.7,2,1,0,199.74,0
15001969,Cust01969,699,Germany,Male,37,0,60631.43,2,0,1,103.3,1
15001970,Cust01970,537,France,Female,18,3,55754.78,2,1,0,67.87,0
15001971,Cust01971,532,France,Male,40,0,0.0,1,1,0,48.58,1
15001972,Cust01972,678,Germany,Male,38,1,48038.37,1,0,1,137.81,0
15001973,Cust01973,669,Spain,Male,29,9,72406.23,1,1,1,124.06,0
15001974,Cust01974,725,France,Female,19,10,81652.43,2,0,1,108.8,0
15001975,Cust01975,579,France,Female,18,0,169169.53,1,1,1,190.38,0
15001976,Cust01976,625,Germany,Female,48,9,152705.21,2,1,1,170.56,0
15001977,Cust01977,551,France,Female,32,1,105470.77,2,0,0,143.52,1
15001978,Cust01978,722,Germany,Male,26,7,19599.23,1,1,0,67.01,0
15001979,Cust01979,557,France,Female,31,4,0.0,2,1,0,100.95,0
15001980,Cust01980,567,France,Male,50,9,206900.37,2,0,1,71.23,1
15001981,Cust01981,583,France,Female,34,9,53231.31,1,0,1,173.43,0
15001982,Cust01982,772,Spain,Female,22,2,0.0,3,1,0,175.67,1
15001983,Cust01983,652,Spain,Female,36,1,183279.95,2,0,0,164.69,0
15001984,Cust01984,616,France,Female,47,10,194953.59,3,1,0,79.07,1
15001985,Cust01985,615,France,Female,35,3,94321.72,2,0,0,184.54,1
15001986,Cust01986,589,France,Male,44,7,55055.46,2,1,0,31.03,0
15001987,Cust01987,652,Germany,Female,51,10,104586.84,2,1,1,180.96,1
15001988,Cust01988,601,France,Female,18,1,10328.87,1,1,1,19.2,0
15001989,Cust01989,703,Spain,Male,32,2,207722.49,1,0,0,104.62,0
15001990,Cust01990,661,Spain,Female,37,10,182993.02,4,1,1,51.58,0
15001991,Cust01991,566,Germany,Male,46,9,82189.23,1,0,0,82.44,1
15001992,Cust01992,602,France,Female,37,0,26379.2,1,0,0,126.1,0
15001993,Cust01993,738,France,Male,57,4,225099.93,2,0,1,25.34,0
15001994,Cust01994,626,Germany,Male,54,3,186540.15,2,1,1,46.72,1
15001995,Cust01995,708,France,Male,18,2,117543.08,2,0,0,71.92,0
15001996,Cust01996,574,Germany,Male,39,9,71467.35,1,1,1,137.96,0
15001997,Cust01997,844,Germany,Female,49,0,50990.46,2,0,1,90.07,0
15001998,Cust01998,607,France,Female,28,6,81454.36,1,0,0,157.38,0
15001999,Cust01999,453,Germany,Female,32,10,9304.33,2,0,0,76.77,0
15002000,Cust02000,646,France,Male,33,6,113812.56,2,1,0,31.29,0
15002001,Cust02001,835,Spain,Male,46,10,159646.38,1,1,1,132.96,0
15002002,Cust02002,834,Spain,Female,38,4,97210.57,2,1,1,121.91,0
15002003,Cust02003,649,France,Female,21,6,4441.87,2,0,1,128.34,0
15002004,Cust02004,629,Spain,Female,48,8,22185.52,2,0,1,166.87,0
15002005,Cust02005,580,Germany,Female,21,9,6027.38,2,1,1,146.69,0
15002006,Cust02006,532,Spain,Female,28,4,53778.98,1,1,1,114.5,0
15002007,Cust02007,686,Spain,Male,50,9,39809.23,2,0,1,107.43,1
15002008,Cust02008,515,Spain,Female,31,3,30441.72,2,0,0,86.01,0
15002009,Cust02009,625,Germany,Male,18,3,74091.24,2,1,0,56.72,0
15002010,Cust02010,714,Germany,Female,37,3,149732.04,1,1,1,157.0,0
15002011,Cust02011,735,France,Male,37,4,160588.23,1,1,1,49.81,1
15002012,Cust02012,666,France,Female,49,7,100574.75,2,1,1,57.55,1
15002013,Cust02013,633,France,Female,28,10,113692.75,4,0,1,94.57,0
15002014,Cust02014,548,France,Male,30,2,0.0,1,0,0,151.16,0
15002015,Cust02015,545,France,Female,48,2,91793.33,2,1,0,19.99,1
15002016,Cust02016,579,Spain,Male,34,0,94951.27,1,1,1,142.42,0
15002017,Cust02017,645,France,Female,28,8,36475.78,1,0,0,187.97,1
15002018,Cust02018,350,Spain,Male,34,2,90598.26,2,1,0,15.09,0
15002019,Cust02019,755,France,Male,29,1,51722.66,2,1,1,82.14,1
15002020,Cust02020,687,France,Female,45,3,0.0,1,0,0,111.31,0
15002021,Cust02021,660,France,Male,29,3,44712.71,2,1,1,58.12,0
15002022,Cust02022,697,France,Male,21,6,144307.75,2,1,0,117.35,0
15002023,Cust02023,718,France,Female,20,0,100487.39,2,1,0,60.62,0
15002024,Cust02024,609,France,Female,27,5,190826.48,1,1,1,158.92,0
15002025,Cust02025,707,France,Male,25,9,53579.06,2,1,0,86.25,0
15002026,Cust02026,658,France,Female,39,5,0.0,1,0,1,23.99,0
15002027,Cust02027,671,France,Female,33,0,76479.13,2,0,0,70.16,0
15002028,Cust02028,548,Germany,Female,52,9,14171.85,1,1,0,96.16,0
15002029,Cust02029,452,Spain,Female,50,1,52161.67,1,1,0,193.8,1
15002030,Cust02030,444,Germany,Female,25,7,170237.02,1,0,0,171.0,0
15002031,Cust02031,704,Germany,Female,46,0,23949.29,2,0,0,111.55,1
15002032,Cust02032,711,Spain,Male,44,4,131377.68,1,1,1,51.64,0
15002033,Cust02033,453,France,Female,26,4,45990.94,2,0,0,11.5,0
15002034,Cust02034,622,France,Male,30,3,96728.28,2,0,0,115.88,0
15002035,Cust02035,506,France,Female,28,2,29965.82,1,0,0,101.85,1
15002036,Cust02036,572,France,Male,37,8,109032.56,1,1,1,62.38,0
15002037,Cust02037,588,France,Male,35,3,171621.15,2,1,0,145.96,0
15002038,Cust02038,702,Spain,Male,42,8,45007.91,2,0,1,193.61,0
15002039,Cust02039,630,France,Male,35,2,63842.22,1,1,1,37.15,0
15002040,Cust02040,789,France,Male,56,3,114338.36,1,0,0,158.97,0
15002041,Cust02041,541,France,Female,49,7,0.0,2,1,1,12.77,0
15002042,Cust02042,745,Spain,Female,47,10,35263.82,3,1,1,141.02,0
15002043,Cust02043,579,Spain,Female,29,2,57418.84,2,1,0,103.96,0
15002044,Cust02044,522,France,Female,45,4,96628.6,1,1,1,61.93,0
15002045,Cust02045,702,France,Female,35,7,96660.29,1,0,0,130.84,0
15002046,Cust02046,531,Spain,Male,30,7,57430.07,2,0,1,75.03,0
15002047,Cust02047,501,France,Male,36,7,165166.49,1,1,1,112.59,0
15002048,Cust02048,665,France,Male,52,7,99104.19,1,0,0,85.24,0
15002049,Cust02049,651,Germany,Male,54,4,91095.45,1,1,1,27.86,0
15002050,Cust02050,489,Germany,Female,21,1,83297.86,2,1,1,14.78,1
15002051,Cust02051,548,Germany,Female,67,1,108232.0,1,0,1,185.97,0
15002052,Cust02052,707,France,Male,57,2,36863.05,2,1,0,186.84,1
15002053,Cust02053,715,France,Female,42,0,25786.81,1,1,1,116.82,0
15002054,Cust02054,680,France,Female,47,0,77357.11,2,0,1,129.16,0
15002055,Cust02055,726,France,Male,46,10,31058.61,2,0,0,191.89,0
15002056,Cust02056,525,France,Female,55,10,0.0,1,0,0,98.01,1
15002057,Cust02057,647,France,Female,52,3,120222.51,1,1,0,139.24,0
15002058,Cust02058,484,France,Male,22,6,237127.02,2,0,1,160.62,0
15002059,Cust02059,728,France,Male,45,0,148324.76,4,0,0,88.37,1
15002060,Cust02060,552,France,Male,27,3,140483.59,2,0,1,164.28,0
15002061,Cust02061,765,Spain,Female,35,9,17719.01,2,1,1,171.27,0
15002062,Cust02062,655,France,Female,18,10,87991.19,2,0,1,106.21,0
15002063,Cust02063,570,Germany,Male,39,3,36455.86,2,1,1,174.11,0
15002064,Cust02064,606,Germany,Female,37,7,18644.75,4,1,0,116.94,0
15002065,Cust02065,708,France,Female,38,1,150002.37,2,0,0,187.39,0
15002066,Cust02066,619,France,Male,48,1,0.0,2,1,1,11.95,0
15002067,Cust02067,693,France,Female,39,4,0.0,1,0,1,60.78,0
15002068,Cust02068,596,Spain,Female,23,0,66045.3,1,1,0,27.81,0
15002069,Cust02069,460,Germany,Female,42,5,182830.63,1,0,1,90.92,0
15002070,Cust02070,611,France,Female,48,9,85619.63,1,1,0,187.93,1
15002071,Cust02071,750,Spain,Male,39,5,85387.26,1,1,1,45.78,0
15002072,Cust02072,731,France,Male,27,0,113137.77,1,1,1,26.93,0
15002073,Cust02073,739,Germany,Male,32,0,93598.36,1,0,0,146.66,1
15002074,Cust02074,628,Germany,Female,43,10,72352.36,2,1,0,18.86,1
15002075,Cust02075,754,Germany,Female,40,1,4718.14,1,0,0,184.38,0
15002076,Cust02076,624,Germany,Male,34,2,115800.72,2,1,0,11.05,1
15002077,Cust02077,488,France,Male,40,9,24871.68,1,0,1,96.33,0
15002078,Cust02078,790,France,Male,32,7,174763.77,2,1,0,175.41,0
15002079,Cust02079,628,France,Male,28,7,80321.66,2,1,1,95.11,0
15002080,Cust02080,618,Spain,Female,34,6,35659.29,2,0,1,11.59,0
15002081,Cust02081,528,France,Female,60,2,56930.57,2,0,0,176.28,1
15002082,Cust02082,564,Germany,Male,48,1,1226.61,4,0,0,58.91,0
15002083,Cust02083,551,France,Female,18,5,109764.11,2,1,1,107.85,0
15002084,Cust02084,552,Germany,Female,55,3,47549.64,2,0,1,58.5,1
15002085,Cust02085,695,France,Male,47,0,126236.12,1,1,1,137.05,1
15002086,Cust02086,563,France,Female,22,5,253643.15,1,1,1,118.86,0
15002087,Cust02087,678,Germany,Male,69,0,54039.2,2,0,1,146.23,0
15002088,Cust02088,627,France,Female,32,2,0.0,1,0,0,36.68,0
15002089,Cust02089,514,France,Female,52,3,72462.2,2,1,0,190.67,0
15002090,Cust02090,624,Spain,Female,52,9,112240.49,1,0,0,125.03,0
15002091,Cust02091,630,Germany,Male,39,3,141716.91,1,1,1,72.39,0
15002092,Cust02092,638,Germany,Male,52,6,158486.81,2,0,1,72.45,0
15002093,Cust02093,554,Spain,Female,23,8,45887.92,4,1,0,81.62,1
15002094,Cust02094,643,France,Male,32,7,144983.33,2,1,1,125.77,0
15002095,Cust02095,692,Spain,Male,38,5,58740.88,2,0,1,155.2,0
15002096,Cust02096,702,Germany,Male,41,3,62850.44,2,1,1,148.79,0
15002097,Cust02097,614,Spain,Male,34,3,76138.36,3,1,0,12.31,1
15002098,Cust02098,694,France,Male,35,4,33275.07,2,1,0,60.18,0
15002099,Cust02099,678,Germany,Female,52,9,148608.32,2,1,0,12.01,0
15002100,Cust02100,707,Spain,Male,46,3,56274.17,3,1,1,76.16,1
15002101,Cust02101,613,Spain,Male,28,10,84802.75,1,1,0,185.25,0
15002102,Cust02102,779,France,Male,32,4,113712.56,1,1,1,116.49,0
15002103,Cust02103,716,Germany,Male,36,2,160330.42,1,1,1,181.81,0
15002104,Cust02104,622,Spain,Male,18,1,168718.41,4,0,0,101.18,0
15002105,Cust02105,658,France,Female,18,2,93857.76,1,1,1,59.79,0
15002106,Cust02106,559,Germany,Female,32,8,101517.07,1,1,0,54.46,0
15002107,Cust02107,698,France,Male,50,6,125945.63,2,1,0,106.18,0
15002108,Cust02108,516,Spain,Male,50,1,59236.97,1,1,0,68.4,0
15002109,Cust02109,600,Spain,Male,52,7,206163.27,4,1,0,134.95,1
15002110,Cust02110,807,France,Female,37,1,36911.58,2,1,0,126.73,1
15002111,Cust02111,611,Spain,Female,29,9,121586.7,2,0,0,52.82,0
15002112,Cust02112,758,Germany,Female,26,8,50902.69,2,1,1,171.09,0
15002113,Cust02113,667,France,Male,55,0,115970.77,2,0,1,56.59,1
15002114,Cust02114,719,Spain,Female,38,10,14752.31,1,0,1,74.84,0
15002115,Cust02115,599,France,Male,38,9,0.0,2,0,0,71.41,0
15002116,Cust02116,831,Spain,Female,29,1,71482.82,2,0,1,17.76,0
15002117,Cust02117,694,Spain,Female,40,4,23872.14,1,0,0,28.81,0
15002118,Cust02118,647,Spain,Male,34,4,150972.3,2,0,1,146.8,0
15002119,Cust02119,708,France,Male,56,8,132297.41,1,1,1,198.77,0
15002120,Cust02120,569,France,Male,23,4,96273.66,1,0,0,98.0,0
15002121,Cust02121,726,Spain,Male,56,5,204822.21,1,1,1,17.02,0
15002122,Cust02122,704,France,Male,37,9,155227.11,2,0,0,86.14,0
15002123,Cust02123,735,Germany,Male,39,8,168876.73,3,1,1,173.15,1
15002124,Cust02124,644,France,Male,35,4,68959.12,3,1,0,56.4,0
15002125,Cust02125,679,France,Male,33,2,159380.95,1,0,0,54.3,0
15002126,Cust02126,743,France,Female,35,6,207501.6,2,1,0,168.61,0
15002127,Cust02127,628,Spain,Male,18,1,40953.96,1,0,0,184.03,0
15002128,Cust02128,636,France,Male,26,2,0.0,1,0,1,76.12,1
15002129,Cust02129,582,Spain,Female,25,9,79714.13,2,0,1,107.98,0
15002130,Cust02130,794,France,Male,31,9,50275.19,2,0,1,23.25,0
15002131,Cust02131,425,France,Female,53,9,124691.43,1,0,0,139.39,0
15002132,Cust02132,850,France,Female,31,0,70805.45,4,1,0,82.06,0
15002133,Cust02133,624,Spain,Male,35,10,64638.79,2,0,0,130.15,0
15002134,Cust02134,725,France,Male,42,0,135096.93,2,1,0,186.63,0
15002135,Cust02135,598,France,Male,31,9,32184.18,1,0,0,109.52,0
15002136,Cust02136,603,France,Male,28,5,49731.18,1,0,0,71.76,0
15002137,Cust02137,671,Germany,Female,32,5,104919.57,4,1,1,16.38,0
15002138,Cust02138,554,France,Male,38,3,87346.8,1,0,0,73.6,0
15002139,Cust02139,691,Germany,Female,39,0,85337.35,1,1,1,128.66,1
15002140,Cust02140,738,Germany,Male,18,7,148193.53,2,0,1,28.25,1
15002141,Cust02141,592,France,Female,38,4,53525.06,1,0,1,144.58,0
15002142,Cust02142,664,Spain,Female,44,5,0.0,1,0,1,60.47,0
15002143,Cust02143,788,Germany,Female,37,6,146443.87,1,1,0,162.12,0
15002144,Cust02144,724,France,Male,42,10,43207.18,2,0,0,73.88,1
15002145,Cust02145,540,Spain,Female,21,1,90578.39,1,1,1,100.87,1
15002146,Cust02146,599,Spain,Male,28,3,103301.95,2,1,0,193.76,0
15002147,Cust02147,713,Spain,Male,26,10,128459.35,2,0,0,18.65,0
15002148,Cust02148,850,France,Female,36,9,78597.55,1,1,0,13.22,1
15002149,Cust02149,646,Spain,Female,50,4,148079.57,2,1,0,137.46,0
15002150,Cust02150,470,Spain,Female,31,1,46204.39,1,0,0,86.21,0
15002151,Cust02151,850,Germany,Female,25,7,0.0,2,1,1,196.08,1
15002152,Cust02152,464,Germany,Male,33,1,16269.43,1,0,0,167.9,0
15002153,Cust02153,633,France,Female,18,6,0.0,2,0,0,185.93,0
15002154,Cust02154,682,Germany,Female,27,2,13121.82,1,0,0,29.65,0
15002155,Cust02155,632,France,Male,35,9,76653.83,1,1,1,70.84,0
15002156,Cust02156,734,France,Male,60,9,55323.85,1,1,0,195.89,1
15002157,Cust02157,676,Spain,Male,47,10,17317.57,2,0,1,182.62,0
15002158,Cust02158,825,France,Female,36,5,93433.91,1,0,1,69.49,1
15002159,Cust02159,672,Spain,Female,21,7,68408.97,2,0,0,144.36,0
15002160,Cust02160,579,Germany,Male,23,10,36937.0,1,0,0,58.86,1
15002161,Cust02161,687,France,Male,22,3,47165.29,2,0,0,103.86,0
15002162,Cust02162,596,France,Female,45,3,92352.85,2,0,0,120.61,0
15002163,Cust02163,476,Spain,Female,43,10,42253.64,2,1,1,58.26,0
15002164,Cust02164,550,France,Male,26,7,87290.09,1,0,1,173.32,1
15002165,Cust02165,601,France,Female,42,1,28759.64,1,0,0,182.06,1
15002166,Cust02166,850,France,Female,18,3,0.0,2,0,1,186.28,0
15002167,Cust02167,625,Spain,Female,57,7,120805.84,1,0,1,31.2,0
15002168,Cust02168,771,Spain,Female,52,4,42307.93,1,0,0,24.67,1
15002169,Cust02169,761,France,Female,40,1,27381.84,2,0,0,177.34,0
15002170,Cust02170,796,France,Male,33,8,175206.07,2,0,0,80.22,0
15002171,Cust02171,659,Spain,Male,46,2,60337.26,1,0,0,106.11,1
15002172,Cust02172,522,Spain,Female,37,8,79341.64,2,1,1,104.27,0
15002173,Cust02173,552,France,Male,44,0,115197.41,1,0,0,160.04,0
15002174,Cust02174,658,France,Male,47,8,71608.12,1,1,0,173.93,0
15002175,Cust02175,588,Spain,Male,39,5,137889.49,2,1,1,133.17,1
15002176,Cust02176,657,Germany,Male,38,10,212801.08,2,0,0,151.9,1
15002177,Cust02177,576,Germany,Male,18,1,152683.61,2,1,0,43.47,0
15002178,Cust02178,500,Germany,Female,32,0,113960.73,2,0,0,47.98,0
15002179,Cust02179,584,France,Male,26,8,97275.83,2,1,1,161.01,0
15002180,Cust02180,673,Spain,Male,46,9,44588.64,2,1,1,65.56,0
15002181,Cust02181,850,Germany,Male,54,2,0.0,1,1,0,46.42,1
15002182,Cust02182,693,France,Female,25,7,109766.72,1,0,0,72.87,0
15002183,Cust02183,625,Germany,Female,48,5,46257.43,2,0,1,30.58,0
15002184,Cust02184,850,France,Male,40,6,49176.47,1,0,0,26.67,0
15002185,Cust02185,350,Germany,Male,35,5,121578.19,1,0,1,65.27,0
15002186,Cust02186,725,France,Female,38,0,141478.28,2,0,1,76.1,1
15002187,Cust02187,623,France,Female,48,9,14803.14,2,1,1,85.51,0
15002188,Cust02188,778,France,Male,60,2,65219.82,1,1,0,198.82,0
15002189,Cust02189,718,Germany,Female,30,8,0.0,1,0,1,14.82,0
15002190,Cust02190,548,France,Male,75,8,50620.88,3,1,0,110.27,1
15002191,Cust02191,850,France,Male,18,8,12436.42,2,1,1,161.92,0
15002192,Cust02192,675,Spain,Male,47,6,55963.6,2,1,0,172.22,0
15002193,Cust02193,648,Spain,Female,32,6,182538.57,1,0,0,66.69,0
15002194,Cust02194,547,Germany,Male,30,5,127862.02,2,1,0,78.18,1
15002195,Cust02195,666,Germany,Female,29,1,125148.08,2,0,1,20.35,0
15002196,Cust02196,612,Germany,Female,44,2,43007.08,1,1,1,71.83,0
15002197,Cust02197,491,France,Female,25,3,99438.87,2,1,1,110.91,0
15002198,Cust02198,759,France,Male,46,0,22414.31,2,1,1,17.63,0
15002199,Cust02199,826,Germany,Female,34,8,161218.07,2,0,0,96.62,0
15002200,Cust02200,551,France,Male,39,4,85402.75,1,0,1,62.69,0
15002201,Cust02201,850,Spain,Female,31,0,0.0,1,0,1,133.27,0
15002202,Cust02202,748,Germany,Male,36,5,130708.62,1,1,1,113.85,0
15002203,Cust02203,463,France,Male,59,2,99390.32,2,0,0,176.1,0
15002204,Cust02204,663,France,Female,21,1,31262.72,2,0,0,155.44,0
15002205,Cust02205,662,Spain,Male,47,7,125481.65,1,1,1,191.14,0
15002206,Cust02206,624,France,Female,31,0,36247.77,2,0,1,91.86,0
15002207,Cust02207,789,France,Female,28,1,243296.39,2,1,0,30.76,1
15002208,Cust02208,730,France,Male,45,0,64360.92,2,1,1,156.02,1
15002209,Cust02209,788,France,Male,28,3,45439.07,2,1,1,93.29,0
15002210,Cust02210,809,France,Female,18,9,80078.9,1,1,0,121.26,0
15002211,Cust02211,725,Spain,Female,36,5,60908.56,2,1,0,19.8,0
15002212,Cust02212,718,France,Male,43,1,85308.41,2,1,0,93.04,0
15002213,Cust02213,719,France,Female,49,8,100067.52,2,0,0,67.1,0
15002214,Cust02214,633,France,Male,35,2,85224.4,3,0,0,181.28,1
15002215,Cust02215,784,France,Female,38,6,75004.65,1,1,0,100.26,0
15002216,Cust02216,680,Germany,Female,65,2,52661.8,2,1,0,71.81,0
15002217,Cust02217,708,Spain,Female,44,3,155614.49,2,1,1,88.33,0
15002218,Cust02218,741,Germany,Male,33,8,211993.87,2,0,0,143.34,0
15002219,Cust02219,709,Germany,Male,37,3,20792.98,2,0,0,47.61,0
15002220,Cust02220,608,France,Male,25,0,0.0,1,1,0,183.23,1
15002221,Cust02221,660,Spain,Male,47,2,97803.07,2,1,1,152.43,0
15002222,Cust02222,562,Germany,Male,49,6,52066.59,2,1,1,153.1,0
15002223,Cust02223,605,Spain,Male,40,9,0.0,1,1,1,186.6,0
15002224,Cust02224,672,France,Male,26,4,126198.77,2,0,1,65.95,0
15002225,Cust02225,510,France,Male,39,7,94993.55,2,0,1,169.41,1
15002226,Cust02226,685,France,Female,39,9,177068.06,2,0,0,110.17,0
15002227,Cust02227,643,France,Male,31,9,0.0,2,1,0,79.8,0
15002228,Cust02228,735,France,Male,44,0,24082.39,2,1,1,153.71,0
15002229,Cust02229,692,France,Female,48,9,86456.38,2,1,1,100.81,0
15002230,Cust02230,761,Spain,Female,40,1,90499.64,2,1,0,167.29,0
15002231,Cust02231,428,France,Female,44,10,65504.98,3,0,0,92.67,1
15002232,Cust02232,646,France,Male,56,8,37120.24,2,0,0,117.75,0
15002233,Cust02233,728,France,Male,36,4,138397.48,2,1,1,122.31,0
15002234,Cust02234,658,Germany,Male,26,6,71984.12,2,0,1,29.75,1
15002235,Cust02235,693,Spain,Female,31,6,44376.04,4,0,1,13.64,1
15002236,Cust02236,566,France,Male,41,8,38906.68,2,1,1,127.08,0
15002237,Cust02237,608,Germany,Male,44,10,73984.76,2,0,1,57.75,0
15002238,Cust02238,642,Germany,Female,56,10,28486.14,1,0,1,67.29,0
15002239,Cust02239,670,Spain,Male,30,6,121943.05,2,1,0,148.1,0
15002240,Cust02240,699,France,Female,36,9,74504.0,1,1,0,163.99,0
15002241,Cust02241,532,France,Female,29,6,162763.91,1,0,0,45.85,0
15002242,Cust02242,568,France,Female,35,1,87660.55,1,0,1,196.61,0
15002243,Cust02243,663,France,Female,45,8,212995.55,1,0,0,136.15,0
15002244,Cust02244,590,France,Male,27,0,21085.74,1,1,1,65.28,0
15002245,Cust02245,682,France,Male,25,1,121393.38,2,1,0,107.2,1
15002246,Cust02246,442,Spain,Female,45,0,29474.57,1,0,1,85.58,0
15002247,Cust02247,691,Spain,Female,43,1,7503.97,1,0,1,79.82,1
15002248,Cust02248,595,France,Male,44,10,1050.75,2,1,1,126.39,0
15002249,Cust02249,605,France,Female,37,3,171328.18,2,1,0,53.48,0
15002250,Cust02250,501,France,Female,33,6,85456.6,1,1,0,157.88,0
15002251,Cust02251,636,Germany,Female,62,10,0.0,1,0,1,176.78,1
15002252,Cust02252,522,Germany,Female,49,10,194586.66,2,1,0,13.9,0
15002253,Cust02253,545,Spain,Male,59,4,122944.96,1,1,0,40.12,0
15002254,Cust02254,556,France,Female,43,3,154533.0,1,0,1,152.85,0
15002255,Cust02255,715,Germany,Male,36,5,41573.07,3,1,0,144.25,1
15002256,Cust02256,752,Germany,Female,31,0,0.0,1,0,0,130.22,1
15002257,Cust02257,593,France,Female,65,1,47998.25,1,1,0,100.3,0
15002258,Cust02258,569,Germany,Female,57,2,140988.65,2,1,1,49.23,1
15002259,Cust02259,731,France,Male,31,10,112799.44,2,1,1,192.26,0
15002260,Cust02260,672,Spain,Male,38,9,49197.33,1,0,1,144.58,0
15002261,Cust02261,749,France,Male,27,6,155882.88,1,0,0,159.68,0
15002262,Cust02262,552,Spain,Male,32,6,45312.2,2,0,0,35.7,0
15002263,Cust02263,624,Spain,Female,18,10,10569.9,2,0,0,155.33,1
15002264,Cust02264,511,France,Male,29,7,21318.43,2,0,0,169.24,0
15002265,Cust02265,604,France,Female,43,2,161758.06,2,1,1,132.79,0
15002266,Cust02266,812,Spain,Female,41,3,115589.69,2,0,0,168.48,0
15002267,Cust02267,627,Germany,Male,41,8,116060.04,2,1,1,49.12,1
15002268,Cust02268,834,France,Female,18,0,79768.69,2,1,1,21.44,0
15002269,Cust02269,619,Germany,Female,38,7,149088.29,2,1,1,54.27,0
15002270,Cust02270,650,France,Male,28,0,108672.85,1,0,1,59.28,0
15002271,Cust02271,761,France,Male,48,2,87237.74,1,1,1,134.02,0
15002272,Cust02272,718,France,Female,37,10,51125.03,2,1,0,100.09,0
15002273,Cust02273,650,Spain,Female,48,1,88926.5,2,1,0,188.25,0
15002274,Cust02274,700,Spain,Male,30,1,152288.52,4,0,1,81.87,0
15002275,Cust02275,673,Germany,Male,42,8,0.0,2,1,0,144.95,0
15002276,Cust02276,688,Spain,Female,34,8,67018.26,2,0,0,125.55,0
15002277,Cust02277,665,France,Female,38,0,14809.55,3,0,1,27.22,0
15002278,Cust02278,590,Spain,Female,55,8,86784.73,3,0,1,80.67,0
15002279,Cust02279,604,France,Male,20,10,115043.85,1,1,1,183.03,0
15002280,Cust02280,629,Spain,Male,18,10,32624.75,1,1,0,113.77,1
15002281,Cust02281,619,Spain,Female,54,6,0.0,2,0,0,108.08,0
15002282,Cust02282,750,France,Female,39,1,48951.69,3,0,1,64.78,0
15002283,Cust02283,610,Spain,Female,26,8,97415.68,1,1,1,23.51,0
15002284,Cust02284,690,France,Male,34,5,236330.46,2,0,1,70.04,0
15002285,Cust02285,578,France,Female,44,10,146542.16,2,1,0,126.06,0
15002286,Cust02286,705,Germany,Female,18,0,47540.04,2,0,1,89.34,0
15002287,Cust02287,850,France,Female,40,10,65657.49,2,0,0,173.36,0
15002288,Cust02288,802,France,Male,36,5,119009.78,2,1,1,62.96,0
15002289,Cust02289,813,Spain,Female,29,9,118954.54,1,0,1,168.72,0
15002290,Cust02290,742,Spain,Male,18,10,54949.13,1,0,1,175.99,0
15002291,Cust02291,654,Germany,Male,45,3,33564.7,2,0,1,92.85,0
15002292,Cust02292,537,France,Female,35,2,7035.7,2,1,1,136.06,0
15002293,Cust02293,580,Germany,Female,52,2,5590.57,3,0,1,21.99,0
15002294,Cust02294,576,France,Male,45,5,176256.79,2,1,0,26.28,1
15002295,Cust02295,478,Germany,Male,50,8,87461.24,2,1,1,70.55,1
15002296,Cust02296,541,Spain,Female,69,6,91308.18,3,1,0,77.89,0
15002297,Cust02297,764,Germany,Female,26,4,110811.3,1,0,1,84.85,0
15002298,Cust02298,662,France,Male,47,1,80235.97,3,1,0,95.7,1
15002299,Cust02299,743,Spain,Female,63,9,0.0,1,0,0,141.9,0
15002300,Cust02300,584,France,Female,40,1,15114.79,1,1,0,78.45,0
15002301,Cust02301,751,France,Male,42,3,125511.13,2,1,0,135.84,0
15002302,Cust02302,736,France,Male,41,3,54777.1,2,1,1,101.77,1
15002303,Cust02303,772,Germany,Female,40,2,103632.03,2,0,1,59.61,0
15002304,Cust02304,729,Germany,Male,65,5,0.0,1,1,0,37.06,0
15002305,Cust02305,668,Spain,Male,47,9,96284.57,2,0,1,138.77,1
15002306,Cust02306,669,France,Male,18,8,107653.19,2,1,1,138.72,0
15002307,Cust02307,369,France,Female,43,8,68587.36,2,1,1,143.83,1
15002308,Cust02308,536,France,Female,25,7,69563.63,2,1,1,118.06,0
15002309,Cust02309,663,France,Female,55,8,39560.25,1,1,1,161.97,0
15002310,Cust02310,713,France,Female,44,5,184147.29,2,1,0,59.12,0
15002311,Cust02311,514,France,Male,40,1,101366.74,2,1,1,80.62,1
15002312,Cust02312,704,Germany,Male,19,0,144678.71,1,1,1,42.53,0
15002313,Cust02313,742,Spain,Male,45,1,85081.49,3,0,0,42.57,0
15002314,Cust02314,680,Germany,Male,47,3,93205.98,1,1,1,27.82,1
15002315,Cust02315,484,France,Female,36,8,52599.75,2,0,1,107.26,0
15002316,Cust02316,637,Germany,Female,40,6,48024.43,2,1,0,183.29,0
15002317,Cust02317,587,Germany,Male,41,6,0.0,1,1,1,88.15,0
15002318,Cust02318,507,France,Male,33,2,167643.52,1,0,1,165.82,0
15002319,Cust02319,483,Germany,Male,29,8,170245.69,1,0,0,182.03,0
15002320,Cust02320,623,France,Male,61,2,69842.51,1,0,0,133.22,0
15002321,Cust02321,702,Spain,Male,18,6,56755.4,2,0,0,143.34,0
15002322,Cust02322,613,France,Male,46,8,114383.16,2,0,0,197.98,0
15002323,Cust02323,665,France,Male,30,10,154693.85,2,0,1,149.75,0
15002324,Cust02324,525,France,Female,35,8,136227.57,2,1,0,111.61,0
15002325,Cust02325,828,Germany,Male,24,5,111892.41,1,0,1,16.75,0
15002326,Cust02326,724,Spain,Male,18,1,79252.36,1,0,1,176.68,0
15002327,Cust02327,599,Spain,Male,33,1,173248.18,2,0,0,152.01,0
15002328,Cust02328,759,Spain,Male,24,9,54713.22,2,0,0,130.87,0
15002329,Cust02329,555,France,Male,50,6,65367.27,2,0,1,157.6,0
15002330,Cust02330,671,Spain,Male,24,10,1357.35,1,0,0,139.31,0
15002331,Cust02331,615,France,Female,44,3,57457.72,2,0,1,141.06,0
15002332,Cust02332,623,France,Female,60,1,79920.39,2,1,1,76.54,1
15002333,Cust02333,683,Germany,Female,25,3,0.0,3,1,1,168.26,0
15002334,Cust02334,764,Spain,Female,36,9,153884.24,2,0,0,44.95,0
15002335,Cust02335,578,Spain,Female,29,0,4470.21,1,0,1,168.78,1
15002336,Cust02336,647,France,Male,50,10,22253.16,3,1,1,111.92,0
15002337,Cust02337,684,France,Female,43,2,123573.06,2,0,0,189.35,1
15002338,Cust02338,656,Germany,Male,39,2,95397.67,2,1,0,115.8,0
15002339,Cust02339,819,France,Male,35,4,81040.07,2,1,1,147.8,0
15002340,Cust02340,587,Spain,Female,47,5,92440.16,2,1,1,198.15,1
15002341,Cust02341,611,Spain,Female,47,0,0.0,2,0,0,125.84,1
15002342,Cust02342,591,Germany,Male,32,6,52265.32,2,1,0,128.49,0
15002343,Cust02343,794,France,Male,32,3,134503.06,2,0,0,103.24,0
15002344,Cust02344,719,Spain,Male,20,9,32186.52,2,0,0,153.76,0
15002345,Cust02345,743,France,Male,37,0,58199.21,2,0,0,37.75,0
15002346,Cust02346,714,Germany,Male,51,3,45034.03,2,1,0,19.31,0
15002347,Cust02347,580,France,Female,58,0,29233.52,2,0,0,92.16,1
15002348,Cust02348,662,France,Female,36,6,88887.35,2,0,0,86.87,1
15002349,Cust02349,783,Germany,Male,20,1,0.0,1,1,0,143.8,1
15002350,Cust02350,568,France,Male,34,9,93234.91,2,1,0,126.23,0
15002351,Cust02351,639,Spain,Female,38,3,0.0,1,0,0,111.0,1
15002352,Cust02352,618,France,Female,49,5,104724.69,1,0,0,63.81,0
15002353,Cust02353,636,Germany,Female,34,8,87.06,1,1,0,46.38,1
15002354,Cust02354,612,France,Female,54,10,136831.28,2,1,0,77.37,0
15002355,Cust02355,622,France,Male,57,2,102596.01,2,1,0,180.54,1
15002356,Cust02356,624,Germany,Male,45,5,71766.26,4,1,1,191.01,0
15002357,Cust02357,734,France,Male,34,3,108913.76,2,1,0,62.61,0
15002358,Cust02358,679,Spain,Male,21,1,108881.26,1,1,0,93.84,1
15002359,Cust02359,584,France,Female,26,8,114647.22,1,1,1,187.28,0
15002360,Cust02360,665,Germany,Male,32,0,15449.54,1,0,0,28.0,1
15002361,Cust02361,766,Germany,Male,33,6,28532.11,1,0,1,64.23,0
15002362,Cust02362,571,France,Male,42,2,21462.09,2,0,1,154.9,0
15002363,Cust02363,579,Germany,Female,35,6,93486.25,2,0,1,190.04,0
15002364,Cust02364,729,France,Female,18,8,0.0,2,0,1,144.65,0
15002365,Cust02365,647,Germany,Male,56,10,100351.64,2,0,0,19.0,0
15002366,Cust02366,711,Germany,Male,34,3,6651.54,1,0,1,35.92,0
15002367,Cust02367,691,France,Female,23,9,57392.02,3,1,1,114.66,0
15002368,Cust02368,555,Germany,Male,29,5,77385.73,1,1,1,23.84,0
15002369,Cust02369,697,Germany,Male,44,4,72976.53,2,0,0,189.57,0
15002370,Cust02370,635,France,Female,52,0,105538.67,1,0,0,96.99,0
15002371,Cust02371,595,Spain,Male,53,3,190192.57,1,1,0,54.83,1
15002372,Cust02372,667,France,Male,18,7,63658.12,1,0,0,32.67,0
15002373,Cust02373,475,Germany,Female,41,7,110709.36,1,0,0,42.12,0
15002374,Cust02374,750,Spain,Female,45,1,58501.08,1,0,1,44.69,0
15002375,Cust02375,617,France,Female,25,3,53840.27,1,0,1,83.4,0
15002376,Cust02376,628,Spain,Female,47,7,91920.56,1,1,0,190.85,1
15002377,Cust02377,663,France,Male,45,9,0.0,1,1,1,162.06,0
15002378,Cust02378,792,Spain,Female,40,7,51756.47,1,0,0,122.47,0
15002379,Cust02379,595,Germany,Male,30,9,158376.08,1,1,1,57.13,0
15002380,Cust02380,628,Germany,Female,55,2,114786.24,1,0,0,196.48,0
15002381,Cust02381,806,Spain,Female,34,0,160883.86,1,1,1,184.41,0
15002382,Cust02382,591,France,Female,34,10,33943.25,2,0,0,99.26,1
15002383,Cust02383,542,Spain,Female,54,1,48413.32,3,0,0,125.36,0
15002384,Cust02384,659,France,Male,48,8,74802.27,2,0,1,101.99,0
15002385,Cust02385,730,France,Male,50,5,174483.72,2,0,1,159.91,0
15002386,Cust02386,463,Spain,Female,29,10,106918.77,2,1,1,141.03,0
15002387,Cust02387,762,Spain,Female,36,10,4346.13,1,0,0,177.55,0
15002388,Cust02388,525,France,Male,35,6,97188.74,1,1,0,122.56,0
15002389,Cust02389,579,France,Male,18,2,85226.14,1,1,0,33.61,0
15002390,Cust02390,579,Spain,Male,36,3,0.0,2,1,1,29.67,0
15002391,Cust02391,828,Spain,Female,35,9,117284.43,2,0,1,154.24,0
15002392,Cust02392,716,France,Female,41,2,78932.52,2,0,0,60.16,1
15002393,Cust02393,516,France,Female,33,8,142444.18,2,0,0,29.94,0
15002394,Cust02394,687,Germany,Male,36,10,74180.19,2,1,0,129.57,0
15002395,Cust02395,583,Germany,Male,38,3,159510.36,1,1,0,104.71,0
15002396,Cust02396,507,France,Female,48,0,57305.37,2,1,0,114.01,0
15002397,Cust02397,622,Germany,Female,52,4,72227.33,1,0,0,180.35,0
15002398,Cust02398,541,France,Female,37,8,102184.14,2,0,1,173.88,0
15002399,Cust02399,633,France,Male,37,8,55219.65,1,0,1,197.35,0
15002400,Cust02400,638,France,Female,28,7,64620.5,2,0,0,69.05,0
15002401,Cust02401,550,France,Female,21,1,147403.27,2,0,0,138.02,0
15002402,Cust02402,705,France,Female,45,2,20411.7,2,1,0,173.08,0
15002403,Cust02403,685,Germany,Female,54,10,120939.42,2,1,0,70.44,0
15002404,Cust02404,798,France,Male,50,4,203379.92,3,0,1,84.54,1
15002405,Cust02405,786,France,Female,34,8,4412.67,2,0,1,75.91,0
15002406,Cust02406,679,Germany,Male,32,5,67216.92,2,1,0,102.2,0
15002407,Cust02407,587,France,Female,53,2,50946.09,1,0,1,114.2,0
15002408,Cust02408,616,France,Female,38,6,119228.76,2,1,1,86.34,1
15002409,Cust02409,606,France,Female,25,2,155436.8,1,0,0,113.73,0
15002410,Cust02410,602,France,Male,27,2,82648.22,4,1,0,74.36,0
15002411,Cust02411,513,France,Male,34,0,139361.72,2,0,1,150.87,0
15002412,Cust02412,693,Spain,Male,54,9,123056.87,1,1,0,37.66,0
15002413,Cust02413,669,France,Male,54,8,102073.28,1,0,1,31.9,1
15002414,Cust02414,618,Germany,Male,51,4,141854.38,1,0,0,141.4,1
15002415,Cust02415,730,Germany,Male,38,3,132478.55,2,0,0,123.29,1
15002416,Cust02416,782,Spain,Male,43,5,70843.35,1,0,0,33.97,0
15002417,Cust02417,656,France,Male,18,6,0.0,1,0,0,107.24,0
15002418,Cust02418,571,Germany,Female,45,7,111398.63,1,0,0,191.15,0
15002419,Cust02419,755,Spain,Male,44,4,137653.7,1,1,1,125.71,0
15002420,Cust02420,598,France,Female,40,1,0.0,2,0,1,166.29,0
15002421,Cust02421,559,Spain,Male,35,8,141119.81,2,0,1,163.78,0
15002422,Cust02422,486,Spain,Male,37,4,49399.69,1,1,1,153.58,0
15002423,Cust02423,689,Germany,Male,35,5,46241.97,2,1,1,158.7,0
15002424,Cust02424,705,Spain,Male,27,9,137715.74,1,1,1,184.39,0
15002425,Cust02425,735,France,Female,34,1,47302.91,1,1,1,180.07,0
15002426,Cust02426,640,France,Male,53,9,42428.67,1,0,0,136.45,0
15002427,Cust02427,622,Germany,Female,45,3,142215.86,2,1,0,100.36,0
15002428,Cust02428,682,France,Male,45,6,92903.28,2,0,0,66.63,0
15002429,Cust02429,539,Spain,Female,25,3,78763.32,1,0,1,51.65,0
15002430,Cust02430,598,Spain,Male,55,8,153972.01,2,1,1,169.09,0
15002431,Cust02431,727,France,Male,26,0,47595.51,1,1,0,17.31,1
15002432,Cust02432,643,Germany,Female,35,2,65386.88,1,1,1,56.17,0
15002433,Cust02433,444,France,Female,19,6,100285.28,2,0,1,23.32,0
15002434,Cust02434,683,France,Male,35,4,114320.25,1,1,1,90.07,0
15002435,Cust02435,616,France,Male,26,9,0.0,2,1,1,126.99,0
15002436,Cust02436,604,France,Male,63,6,179179.91,1,1,1,86.72,0
15002437,Cust02437,627,Germany,Male,32,10,58468.92,1,1,1,77.61,0
15002438,Cust02438,473,France,Female,37,10,141257.93,1,1,0,165.0,0
15002439,Cust02439,724,France,Female,40,2,130967.93,2,0,0,190.6,1
15002440,Cust02440,701,France,Female,33,6,151217.11,3,1,1,199.74,0
15002441,Cust02441,698,France,Female,31,9,150539.44,1,0,0,119.54,1
15002442,Cust02442,610,France,Male,47,1,20190.07,1,1,1,15.0,0
15002443,Cust02443,582,France,Male,41,1,64307.12,2,1,1,17.97,0
15002444,Cust02444,667,Germany,Male,26,3,0.0,2,0,1,127.59,0
15002445,Cust02445,583,Germany,Male,32,4,37122.99,1,1,1,105.98,0
15002446,Cust02446,524,Spain,Female,37,1,148974.04,1,0,0,148.83,1
15002447,Cust02447,636,Spain,Male,43,7,0.0,1,1,1,156.94,0
15002448,Cust02448,643,Spain,Male,40,7,124480.44,2,0,1,74.29,0
15002449,Cust02449,559,Germany,Male,37,4,7382.55,1,0,1,31.15,0
15002450,Cust02450,489,France,Female,33,0,158447.25,1,1,1,131.21,0
15002451,Cust02451,580,France,Female,29,5,179986.43,2,0,0,49.96,1
15002452,Cust02452,544,Germany,Male,36,7,24176.04,1,1,0,142.43,0
15002453,Cust02453,526,Germany,Female,68,3,60403.78,1,1,0,118.62,0
15002454,Cust02454,714,France,Female,33,10,18146.62,1,0,1,151.83,0
15002455,Cust02455,733,France,Male,35,1,0.0,2,1,0,95.93,0
15002456,Cust02456,749,France,Male,54,0,13937.41,1,0,1,132.79,0
15002457,Cust02457,658,Spain,Male,30,4,0.0,2,0,1,69.11,0
15002458,Cust02458,717,Germany,Male,26,0,23715.5,2,0,0,173.16,0
15002459,Cust02459,836,France,Female,40,8,0.0,1,0,1,164.13,0
15002460,Cust02460,689,France,Female,39,4,0.0,3,1,1,32.13,1
15002461,Cust02461,622,France,Male,59,8,14318.91,2,0,1,59.57,0
15002462,Cust02462,547,France,Male,33,0,84059.89,2,1,0,52.81,0
15002463,Cust02463,815,France,Female,42,8,128504.08,2,1,1,66.96,0
15002464,Cust02464,685,Spain,Female,43,9,127470.01,2,0,0,148.61,0
15002465,Cust02465,755,Germany,Female,40,9,140008.14,2,1,0,92.24,1
15002466,Cust02466,641,France,Male,43,4,142843.77,1,0,0,12.07,0
15002467,Cust02467,536,Germany,Female,36,4,0.0,1,0,0,36.06,0
15002468,Cust02468,611,Spain,Female,33,2,48167.68,2,0,0,79.73,1
15002469,Cust02469,718,France,Female,39,0,0.0,1,0,0,118.67,0
15002470,Cust02470,708,Spain,Male,29,9,89966.72,2,0,0,69.51,1
15002471,Cust02471,556,France,Male,53,0,56797.93,1,0,0,165.59,1
15002472,Cust02472,629,Spain,Female,24,7,162270.39,1,0,0,187.9,0
15002473,Cust02473,668,Spain,Female,38,6,77315.8,1,0,1,111.77,0
15002474,Cust02474,634,France,Male,28,4,77925.93,1,0,1,158.12,0
15002475,Cust02475,595,Spain,Male,41,9,122485.53,2,0,1,196.61,0
15002476,Cust02476,618,Germany,Male,48,3,113772.81,1,1,1,195.0,0
15002477,Cust02477,658,Germany,Male,41,0,105756.26,1,0,1,117.5,0
15002478,Cust02478,721,France,Male,26,0,116941.27,1,1,1,78.43,0
15002479,Cust02479,654,Spain,Female,33,1,95160.9,1,0,1,26.36,0
15002480,Cust02480,663,Germany,Female,36,6,74191.29,1,0,0,130.01,0
15002481,Cust02481,833,France,Female,50,4,0.0,2,0,0,167.04,0
15002482,Cust02482,645,France,Female,26,8,0.0,1,1,1,172.84,0
15002483,Cust02483,701,France,Male,31,5,96524.41,2,0,1,57.09,0
15002484,Cust02484,665,France,Male,18,6,51214.23,2,1,0,86.21,0
15002485,Cust02485,613,France,Male,37,8,9819.1,1,1,0,74.69,0
15002486,Cust02486,685,Germany,Female,36,9,31163.56,1,0,1,180.29,0
15002487,Cust02487,724,France,Female,29,7,184282.42,2,1,1,143.63,1
15002488,Cust02488,646,Spain,Male,45,0,62483.65,3,0,1,101.32,0
15002489,Cust02489,682,Germany,Female,39,7,119513.03,2,0,1,49.4,1
15002490,Cust02490,612,Germany,Male,41,9,120344.67,1,0,0,54.65,0
15002491,Cust02491,574,France,Female,20,1,63146.4,2,1,1,141.38,0
15002492,Cust02492,609,Spain,Male,39,7,1726.61,1,0,0,41.74,1
15002493,Cust02493,564,Spain,Male,33,4,160059.93,1,1,0,28.66,0
15002494,Cust02494,611,France,Male,37,9,110639.11,3,1,0,35.37,1
15002495,Cust02495,734,Germany,Female,24,5,20648.05,1,0,0,114.79,0
15002496,Cust02496,661,France,Female,43,5,94114.47,2,0,1,170.96,0
15002497,Cust02497,605,Spain,Male,47,9,77432.47,1,1,1,193.92,0
15002498,Cust02498,844,Spain,Male,47,0,0.0,1,1,0,48.08,0
15002499,Cust02499,555,Germany,Female,47,4,24535.63,3,1,0,28.95,1
15002500,Cust02500,639,France,Female,20,2,83097.52,2,1,1,128.67,1
15002501,Cust02501,583,France,Male,47,2,69551.43,2,1,0,99.43,1
15002502,Cust02502,657,Germany,Male,33,6,15725.94,3,1,0,11.71,1
15002503,Cust02503,699,France,Female,53,8,0.0,2,0,0,63.1,1
15002504,Cust02504,721,France,Male,31,9,52338.87,1,1,0,189.94,0
15002505,Cust02505,637,Spain,Female,36,2,101779.77,1,0,1,134.66,0
15002506,Cust02506,655,Germany,Female,35,0,124444.2,2,0,0,157.23,1
15002507,Cust02507,722,France,Female,49,9,63511.97,1,0,0,95.85,0
15002508,Cust02508,530,France,Male,34,8,109282.06,2,1,1,171.2,0
15002509,Cust02509,644,France,Male,53,9,0.0,2,1,0,172.58,0
15002510,Cust02510,801,France,Male,42,9,101566.07,1,1,0,22.42,0
15002511,Cust02511,764,Spain,Male,18,7,44522.96,1,1,0,105.95,1
15002512,Cust02512,750,Germany,Male,29,0,83479.36,1,0,0,113.8,1
15002513,Cust02513,700,Spain,Female,44,3,49014.61,2,0,1,116.31,0
15002514,Cust02514,764,France,Female,24,7,65952.15,1,0,1,78.61,0
15002515,Cust02515,602,France,Male,32,6,92668.75,2,1,0,85.85,0
15002516,Cust02516,719,France,Male,29,4,153055.27,2,0,1,73.34,0
15002517,Cust02517,551,France,Male,38,6,179238.83,3,1,1,164.25,0
15002518,Cust02518,745,Spain,Female,36,5,190578.49,1,1,1,117.68,0
15002519,Cust02519,611,France,Female,36,9,121084.62,1,0,1,73.63,0
15002520,Cust02520,626,France,Male,18,0,136714.1,2,1,1,89.45,1
15002521,Cust02521,693,France,Female,40,0,0.0,2,0,0,15.53,1
15002522,Cust02522,611,France,Male,54,7,63557.52,2,1,0,129.24,0
15002523,Cust02523,485,Spain,Male,49,5,198913.17,2,1,1,126.7,1
15002524,Cust02524,692,Spain,Male,42,10,2285.65,1,1,0,57.21,0
15002525,Cust02525,553,Germany,Female,39,1,66579.03,2,0,0,151.38,0
15002526,Cust02526,605,France,Female,56,9,126848.9,1,0,0,60.51,1
15002527,Cust02527,647,France,Male,29,1,139149.32,1,1,0,91.62,0
15002528,Cust02528,595,Germany,Female,37,10,124555.65,2,1,1,147.6,0
15002529,Cust02529,581,Spain,Male,53,7,68203.73,1,1,0,160.11,0
15002530,Cust02530,656,Spain,Male,51,7,98366.86,2,0,1,96.78,0
15002531,Cust02531,850,Spain,Female,44,10,61955.3,1,0,0,61.91,1
15002532,Cust02532,617,Germany,Female,29,10,40374.68,2,1,0,62.51,1
15002533,Cust02533,568,Germany,Male,34,0,26187.08,1,0,0,155.18,0
15002534,Cust02534,659,France,Female,40,1,105140.85,1,1,0,172.07,0
15002535,Cust02535,630,Germany,Female,27,9,108043.17,2,0,1,100.55,0
15002536,Cust02536,596,Germany,Female,38,10,52689.02,2,0,0,13.82,0
15002537,Cust02537,739,France,Male,32,6,0.0,3,0,0,37.09,1
15002538,Cust02538,617,France,Male,56,1,8914.9,2,1,1,66.65,1
15002539,Cust02539,583,Germany,Male,54,7,0.0,2,0,0,114.43,0
15002540,Cust02540,705,Spain,Female,24,4,101276.76,2,1,0,127.05,1
15002541,Cust02541,634,France,Female,18,6,125507.08,2,0,1,79.99,0
15002542,Cust02542,646,France,Female,38,0,15684.67,1,0,1,125.45,0
15002543,Cust02543,580,France,Female,44,2,55901.03,1,1,1,114.95,0
15002544,Cust02544,796,France,Male,36,10,129143.82,3,0,0,145.97,0
15002545,Cust02545,487,France,Male,18,1,102924.35,1,0,0,123.13,0
15002546,Cust02546,689,Germany,Male,46,5,48077.17,1,1,1,95.99,1
15002547,Cust02547,613,France,Male,49,1,3346.46,1,1,0,70.63,0
15002548,Cust02548,735,Spain,Male,41,4,87294.58,2,1,1,155.15,0
15002549,Cust02549,674,Germany,Female,24,5,33845.83,2,0,0,127.59,1
15002550,Cust02550,845,Spain,Female,38,4,22482.24,1,0,0,196.83,0
15002551,Cust02551,597,France,Male,60,0,69966.71,2,0,1,30.2,0
15002552,Cust02552,514,Spain,Male,35,4,71771.44,2,1,0,24.87,0
15002553,Cust02553,659,France,Female,37,1,168806.58,1,1,0,74.41,1
15002554,Cust02554,656,Germany,Male,28,2,92397.86,1,0,0,62.27,0
15002555,Cust02555,621,Spain,Male,35,1,57849.01,1,0,1,100.41,0
15002556,Cust02556,714,Spain,Male,45,6,145652.49,1,0,1,198.5,0
15002557,Cust02557,490,France,Male,40,9,170142.17,2,1,1,161.73,0
15002558,Cust02558,662,Spain,Female,47,8,156899.76,2,0,1,117.05,0
15002559,Cust02559,667,France,Male,37,1,93443.6,2,1,0,155.28,0
15002560,Cust02560,613,Spain,Male,35,8,68957.54,1,1,0,81.2,0
15002561,Cust02561,553,Germany,Male,27,2,92664.1,2,1,0,185.64,1
15002562,Cust02562,792,France,Male,51,9,114786.66,1,0,0,84.85,1
15002563,Cust02563,489,Germany,Male,26,4,174545.36,1,1,1,103.2,0
15002564,Cust02564,745,Spain,Male,30,8,27651.99,2,0,1,155.61,0
15002565,Cust02565,489,Germany,Male,18,0,0.0,2,0,0,197.81,1
15002566,Cust02566,628,France,Male,35,4,232882.92,3,0,0,179.44,0
15002567,Cust02567,481,France,Female,35,7,26586.83,1,0,0,189.46,1
15002568,Cust02568,692,Spain,Male,49,2,60748.29,2,1,1,129.25,0
15002569,Cust02569,724,France,Female,44,3,76406.02,1,0,1,43.58,0
15002570,Cust02570,546,Spain,Female,54,7,0.0,2,1,0,139.46,0
15002571,Cust02571,643,France,Male,26,10,118034.14,1,0,0,90.31,0
15002572,Cust02572,547,Germany,Male,42,7,92051.03,1,0,0,194.21,0
15002573,Cust02573,693,Germany,Male,44,1,37980.86,3,0,1,159.12,1
15002574,Cust02574,621,Germany,Female,24,1,29461.14,2,1,0,197.28,1
15002575,Cust02575,690,France,Male,38,1,0.0,1,0,0,160.92,0
15002576,Cust02576,530,Spain,Female,27,6,154716.02,2,1,1,72.16,0
15002577,Cust02577,703,Germany,Male,52,6,67097.94,1,1,0,40.47,1
15002578,Cust02578,538,Spain,Female,25,5,25522.5,1,1,1,172.58,0
15002579,Cust02579,599,Germany,Female,21,10,87652.39,1,1,1,164.31,0
15002580,Cust02580,760,Spain,Male,42,3,33711.36,2,1,0,98.66,0
15002581,Cust02581,677,Spain,Male,32,7,84891.89,1,0,1,126.04,0
15002582,Cust02582,602,Germany,Male,34,1,123960.58,1,0,1,78.18,1
15002583,Cust02583,696,France,Male,36,5,41830.79,3,1,1,80.93,0
15002584,Cust02584,621,France,Male,35,8,85209.97,2,0,1,152.93,0
15002585,Cust02585,652,France,Female,48,1,79939.6,2,1,1,70.15,1
15002586,Cust02586,629,Spain,Male,68,2,0.0,2,1,1,103.53,0
15002587,Cust02587,733,France,Female,34,10,174418.84,1,0,0,192.16,1
15002588,Cust02588,685,Germany,Male,25,3,127893.45,1,1,1,188.8,0
15002589,Cust02589,661,France,Female,32,5,142431.51,2,1,1,124.42,0
15002590,Cust02590,810,Germany,Female,24,9,87965.36,2,1,1,54.55,0
15002591,Cust02591,624,France,Male,20,6,38745.0,1,1,1,199.75,0
15002592,Cust02592,558,Germany,Female,41,1,87178.91,1,1,0,194.72,1
15002593,Cust02593,539,France,Female,31,0,153192.54,2,0,1,195.82,0
15002594,Cust02594,698,Germany,Female,35,8,133896.25,1,1,0,99.07,0
15002595,Cust02595,497,Spain,Female,63,5,13033.95,2,1,1,61.53,0
15002596,Cust02596,630,France,Male,42,0,0.0,2,1,0,191.47,1
15002597,Cust02597,722,Germany,Male,31,4,32478.65,1,0,1,168.41,1
15002598,Cust02598,650,Spain,Female,40,10,83087.14,2,0,0,54.84,0
15002599,Cust02599,594,France,Female,26,1,144723.57,1,1,1,176.73,0
15002600,Cust02600,502,Germany,Female,48,9,65079.68,1,1,0,39.29,1
15002601,Cust02601,580,Germany,Male,19,0,38753.63,2,0,1,43.55,0
15002602,Cust02602,616,Germany,Male,48,2,47768.77,3,0,1,57.27,0
15002603,Cust02603,537,France,Female,61,5,141386.48,1,1,1,144.34,0
15002604,Cust02604,778,France,Female,49,4,7374.04,1,1,0,73.43,1
15002605,Cust02605,611,France,Male,31,10,0.0,3,0,1,62.42,0
15002606,Cust02606,715,Germany,Male,43,3,24652.81,3,1,1,23.24,1
15002607,Cust02607,706,France,Female,30,6,66310.87,1,1,0,53.76,1
15002608,Cust02608,613,Germany,Male,44,10,22820.54,2,0,1,50.14,0
15002609,Cust02609,688,France,Female,44,5,203353.73,2,0,0,155.68,1
15002610,Cust02610,546,France,Male,42,2,108909.7,1,0,1,14.13,0
15002611,Cust02611,611,Germany,Male,39,1,74154.48,1,1,0,136.76,0
15002612,Cust02612,532,Spain,Male,47,3,79633.75,2,0,1,198.03,0
15002613,Cust02613,646,Germany,Male,34,1,162231.68,1,1,1,99.47,0
15002614,Cust02614,814,Spain,Female,40,2,7213.76,3,0,0,125.17,0
15002615,Cust02615,600,Spain,Female,38,3,60959.85,1,1,1,13.39,0
15002616,Cust02616,617,Germany,Male,32,3,67302.91,1,0,1,134.47,0
15002617,Cust02617,558,Spain,Male,40,0,6606.48,1,1,0,136.07,0
15002618,Cust02618,575,France,Male,47,6,67541.83,1,1,0,27.87,0
15002619,Cust02619,755,France,Male,33,8,59243.24,4,0,0,125.45,1
15002620,Cust02620,646,France,Male,53,8,6725.73,2,0,1,173.75,1
15002621,Cust02621,838,France,Male,48,2,0.0,1,1,0,126.88,0
15002622,Cust02622,742,Spain,Male,41,1,89537.0,3,1,1,131.47,0
15002623,Cust02623,627,Germany,Female,30,6,125343.56,2,1,1,139.18,0
15002624,Cust02624,659,France,Male,46,3,64402.43,4,0,0,158.25,0
15002625,Cust02625,644,Germany,Male,26,10,90069.78,1,1,1,193.82,0
15002626,Cust02626,750,France,Male,38,10,0.0,4,0,0,34.01,0
15002627,Cust02627,665,France,Male,38,6,43704.64,1,1,0,84.3,0
15002628,Cust02628,568,France,Female,40,3,32256.65,2,1,0,166.44,1
15002629,Cust02629,710,Spain,Male,45,4,31214.46,1,1,1,190.16,0
15002630,Cust02630,466,France,Female,41,10,0.0,1,1,0,131.71,0
15002631,Cust02631,486,France,Male,31,10,187694.76,1,1,0,115.37,0
15002632,Cust02632,591,France,Female,42,10,0.0,1,1,1,100.94,0
15002633,Cust02633,619,France,Female,35,7,156638.77,1,1,1,125.09,0
15002634,Cust02634,557,Germany,Male,43,5,20829.62,1,1,0,17.61,1
15002635,Cust02635,782,Germany,Female,40,5,119217.16,1,0,0,26.44,0
15002636,Cust02636,574,France,Male,46,9,9618.68,1,1,1,173.47,0
15002637,Cust02637,643,France,Male,45,2,61460.53,1,0,1,119.7,0
15002638,Cust02638,580,Spain,Male,56,9,79929.77,2,1,0,16.45,1
15002639,Cust02639,615,Spain,Male,27,4,119486.17,1,0,0,147.44,0
15002640,Cust02640,563,France,Female,51,7,179804.79,2,1,1,152.07,1
15002641,Cust02641,711,Germany,Female,26,3,0.0,1,1,1,42.3,0
15002642,Cust02642,612,France,Male,27,2,2035.65,1,1,0,184.32,0
15002643,Cust02643,724,France,Female,33,10,0.0,2,1,0,65.93,0
15002644,Cust02644,668,Germany,Female,28,3,164884.75,1,0,1,12.48,0
15002645,Cust02645,583,France,Female,45,2,0.0,1,0,0,137.42,1
15002646,Cust02646,711,Spain,Female,59,0,106737.47,2,1,1,76.5,0
15002647,Cust02647,666,France,Female,30,4,57059.03,2,0,0,24.57,1
15002648,Cust02648,575,Germany,Female,28,6,150225.07,1,1,1,20.76,0
15002649,Cust02649,729,Spain,Female,49,4,27536.33,2,0,1,151.89,0
15002650,Cust02650,605,France,Female,27,6,0.0,2,0,1,152.33,0
15002651,Cust02651,700,France,Female,47,3,78575.59,1,0,1,131.89,1
15002652,Cust02652,707,Spain,Female,27,4,171780.17,2,0,1,91.74,0
15002653,Cust02653,548,France,Female,52,2,80017.06,2,1,0,147.49,1
15002654,Cust02654,642,France,Female,41,9,0.0,2,0,0,168.99,0
15002655,Cust02655,636,France,Male,47,7,134629.27,1,0,1,37.63,0
15002656,Cust02656,602,Germany,Female,39,9,0.0,1,1,1,161.68,0
15002657,Cust02657,550,France,Female,34,3,56598.4,1,1,1,136.1,0
15002658,Cust02658,629,Germany,Female,39,3,83658.81,1,1,0,32.3,0
15002659,Cust02659,676,France,Male,35,6,83711.86,2,0,0,116.89,0
15002660,Cust02660,691,Germany,Female,44,4,104367.6,2,1,0,186.05,0
15002661,Cust02661,755,France,Female,18,4,115485.95,1,0,0,52.16,1
15002662,Cust02662,488,Spain,Female,21,2,62200.35,2,1,0,43.63,0
15002663,Cust02663,726,Spain,Female,43,1,0.0,1,0,0,185.48,0
15002664,Cust02664,644,Germany,Female,51,2,0.0,1,0,0,121.13,0
15002665,Cust02665,582,Germany,Female,34,5,102892.48,1,1,0,28.26,1
15002666,Cust02666,694,Spain,Female,43,5,137247.42,1,0,0,81.29,1
15002667,Cust02667,564,France,Female,48,4,56755.44,2,1,1,51.32,0
15002668,Cust02668,524,France,Male,33,9,190617.11,1,0,0,128.29,0
15002669,Cust02669,633,Germany,Male,41,2,173144.99,2,0,1,129.62,0
15002670,Cust02670,794,France,Female,42,8,123743.11,2,1,0,78.88,0
15002671,Cust02671,530,France,Female,33,0,5378.19,2,1,0,99.42,0
15002672,Cust02672,803,Spain,Male,34,4,68953.28,2,1,0,185.72,0
15002673,Cust02673,676,France,Female,45,3,94915.3,1,0,1,36.74,1
15002674,Cust02674,585,France,Male,20,3,0.0,2,0,0,162.01,1
15002675,Cust02675,640,France,Female,28,7,42131.63,1,1,1,160.61,0
15002676,Cust02676,776,France,Female,43,3,71234.34,2,1,1,191.01,0
15002677,Cust02677,664,Spain,Male,30,0,191580.37,2,1,0,116.6,0
15002678,Cust02678,691,France,Male,34,2,103564.7,2,0,1,20.98,0
15002679,Cust02679,497,France,Female,29,4,6379.29,1,0,1,101.97,0
15002680,Cust02680,637,France,Male,45,3,58664.01,2,1,0,122.98,1
15002681,Cust02681,540,Germany,Female,43,6,0.0,1,0,1,38.75,0
15002682,Cust02682,623,Spain,Male,39,3,22960.07,1,0,0,126.52,1
15002683,Cust02683,487,France,Female,26,6,46516.86,2,0,0,81.55,1
15002684,Cust02684,722,France,Male,30,3,64921.78,1,1,1,135.1,0
15002685,Cust02685,513,Spain,Male,31,10,24839.71,3,1,1,172.41,0
15002686,Cust02686,612,France,Female,62,2,0.0,2,1,1,39.28,1
15002687,Cust02687,744,Spain,Male,38,4,23013.27,2,0,0,53.54,1
15002688,Cust02688,590,Germany,Male,35,9,7977.08,2,1,1,110.7,1
15002689,Cust02689,586,France,Female,43,2,151149.62,1,1,1,99.46,1
15002690,Cust02690,698,Germany,Male,25,1,0.0,2,0,0,192.41,0
15002691,Cust02691,681,France,Male,54,5,83233.03,1,1,1,75.28,0
15002692,Cust02692,684,Spain,Male,24,7,115681.65,2,1,1,136.72,0
15002693,Cust02693,841,France,Male,30,4,63564.59,1,1,0,192.13,0
15002694,Cust02694,671,Germany,Male,26,10,0.0,2,0,1,136.93,0
15002695,Cust02695,552,Germany,Male,46,2,114369.34,1,0,1,115.51,0
15002696,Cust02696,546,Germany,Female,37,4,0.0,3,0,0,26.87,1
15002697,Cust02697,644,Spain,Female,40,9,207241.79,2,0,0,42.63,1
15002698,Cust02698,648,France,Male,40,1,142792.21,2,0,0,31.21,0
15002699,Cust02699,789,Germany,Female,34,9,111069.24,1,0,1,18.37,0
15002700,Cust02700,670,Germany,Female,58,4,94087.43,2,0,0,164.68,1
15002701,Cust02701,415,Spain,Female,43,5,79420.58,1,1,0,199.27,0
15002702,Cust02702,583,France,Male,37,7,76621.31,3,1,0,126.87,1
15002703,Cust02703,639,France,Male,34,0,100956.01,1,1,0,91.59,1
15002704,Cust02704,386,France,Female,45,10,131582.98,1,1,1,78.73,0
15002705,Cust02705,663,France,Male,51,0,108316.26,2,0,0,96.45,0
15002706,Cust02706,738,France,Female,52,0,155028.49,1,1,1,74.97,1
15002707,Cust02707,554,France,Male,30,0,81379.19,2,1,1,43.11,1
15002708,Cust02708,544,Germany,Female,27,3,20583.38,2,1,1,138.28,0
15002709,Cust02709,639,Spain,Male,21,6,85077.69,1,0,0,178.17,0
15002710,Cust02710,730,Spain,Female,28,6,0.0,1,0,1,171.54,0
15002711,Cust02711,620,France,Male,56,2,35932.98,3,0,0,194.95,1
15002712,Cust02712,699,Germany,Female,46,8,46329.64,1,0,0,199.66,0
15002713,Cust02713,651,Spain,Male,55,2,43770.28,2,0,0,129.0,1
15002714,Cust02714,745,Germany,Female,20,3,41395.74,1,1,1,186.05,0
15002715,Cust02715,562,Spain,Female,43,3,28357.0,1,1,0,45.73,0
15002716,Cust02716,624,France,Female,38,10,118525.21,2,0,0,185.05,0
15002717,Cust02717,572,France,Female,33,9,73961.78,2,1,0,182.74,1
15002718,Cust02718,634,Spain,Male,38,10,112647.61,2,0,0,31.84,0
15002719,Cust02719,675,Spain,Male,46,2,100845.71,1,0,0,80.26,0
15002720,Cust02720,704,France,Male,23,1,28842.76,1,1,0,131.45,0
15002721,Cust02721,425,Spain,Female,39,8,100276.17,1,1,1,171.09,0
15002722,Cust02722,672,France,Male,50,8,140615.82,1,0,1,195.69,0
15002723,Cust02723,597,France,Male,39,10,95469.4,1,1,0,114.75,0
15002724,Cust02724,516,Spain,Female,32,7,14088.64,2,1,0,59.15,0
15002725,Cust02725,690,Spain,Female,28,10,65195.44,1,1,1,19.01,0
15002726,Cust02726,692,France,Female,59,2,143361.77,1,0,0,94.94,0
15002727,Cust02727,625,Spain,Female,58,2,15403.42,1,0,0,191.23,1
15002728,Cust02728,527,Spain,Male,50,4,90801.75,1,1,0,132.85,0
15002729,Cust02729,598,France,Female,38,8,99942.32,3,0,0,186.32,0
15002730,Cust02730,727,Spain,Male,39,6,40857.57,2,1,0,121.9,0
15002731,Cust02731,643,Spain,Male,30,1,132754.98,2,0,0,47.73,1
15002732,Cust02732,847,France,Female,40,0,146241.44,2,0,0,124.66,1
15002733,Cust02733,626,France,Male,40,2,113143.22,2,0,1,87.31,0
15002734,Cust02734,697,France,Female,41,10,84595.37,1,0,1,113.86,0
15002735,Cust02735,646,Spain,Male,43,8,142056.33,2,1,0,169.64,0
15002736,Cust02736,635,Germany,Male,38,10,193521.46,2,0,0,43.07,0
15002737,Cust02737,529,Spain,Female,40,2,71845.38,2,1,0,142.35,0
15002738,Cust02738,457,France,Male,33,8,48054.1,2,1,0,78.3,1
15002739,Cust02739,721,France,Male,30,8,15976.03,1,0,1,48.96,0
15002740,Cust02740,629,France,Male,48,6,124432.87,2,0,0,131.01,0
15002741,Cust02741,840,France,Male,39,3,0.0,3,0,0,28.25,0
15002742,Cust02742,458,Germany,Male,21,5,106988.94,2,1,0,109.67,0
15002743,Cust02743,559,France,Male,34,6,83594.44,3,1,1,23.55,0
15002744,Cust02744,530,Spain,Female,39,10,91208.09,2,0,0,15.22,0
15002745,Cust02745,690,Germany,Male,27,10,116039.45,2,0,0,137.3,0
15002746,Cust02746,628,France,Female,24,6,27995.26,1,0,1,88.86,0
15002747,Cust02747,795,France,Male,41,8,40948.3,2,1,1,189.48,0
15002748,Cust02748,635,Spain,Male,46,6,65347.75,1,1,1,155.01,0
15002749,Cust02749,621,Spain,Female,63,9,134893.12,2,0,1,113.72,0
15002750,Cust02750,610,France,Male,30,5,0.0,1,1,1,20.69,0
15002751,Cust02751,457,France,Female,57,4,111902.73,2,0,1,111.57,0
15002752,Cust02752,567,France,Female,25,6,120470.34,2,1,0,170.08,0
15002753,Cust02753,563,Spain,Female,32,7,168909.87,1,0,1,67.19,0
15002754,Cust02754,642,Spain,Female,37,8,72075.2,1,1,1,19.68,0
15002755,Cust02755,589,Germany,Male,51,9,76888.86,2,1,0,55.54,1
15002756,Cust02756,668,France,Female,35,8,147609.85,3,1,0,118.51,1
15002757,Cust02757,850,Spain,Male,38,6,87030.32,1,0,1,76.24,0
15002758,Cust02758,650,France,Male,43,10,129004.04,2,1,0,166.91,0
15002759,Cust02759,690,France,Male,49,2,100646.72,1,1,0,39.03,0
15002760,Cust02760,601,France,Male,47,0,73507.31,2,0,1,43.17,0
15002761,Cust02761,554,France,Male,50,3,0.0,1,0,0,169.69,1
15002762,Cust02762,667,France,Male,18,9,91562.22,2,1,1,196.58,0
15002763,Cust02763,593,Spain,Male,21,8,54345.76,1,0,0,88.84,1
15002764,Cust02764,594,Germany,Female,41,0,70605.06,1,0,0,62.12,0
15002765,Cust02765,751,Spain,Female,43,1,88233.43,2,1,0,55.78,1
15002766,Cust02766,602,Germany,Female,48,6,14689.91,1,1,0,138.43,0
15002767,Cust02767,463,Germany,Female,32,6,239207.94,1,0,1,148.75,0
15002768,Cust02768,568,Germany,Male,30,8,33430.52,2,1,0,66.47,1
15002769,Cust02769,706,Spain,Male,35,6,32055.75,1,0,0,17.91,1
15002770,Cust02770,741,Germany,Female,29,4,151875.2,1,0,1,72.51,0
15002771,Cust02771,632,Spain,Female,43,8,81750.07,3,1,1,15.05,1
15002772,Cust02772,537,Germany,Female,40,2,98505.73,2,0,0,72.77,1
15002773,Cust02773,581,France,Female,27,7,147480.62,1,1,0,112.97,1
15002774,Cust02774,708,Germany,Male,57,9,0.0,1,0,0,172.41,0
15002775,Cust02775,495,Spain,Female,44,7,80443.45,2,1,1,177.14,0
15002776,Cust02776,658,Germany,Female,29,8,13497.4,1,1,1,55.3,0
15002777,Cust02777,567,Spain,Female,26,2,33576.98,1,0,0,194.56,0
15002778,Cust02778,658,France,Male,52,2,0.0,1,1,0,28.55,1
15002779,Cust02779,713,Spain,Male,51,0,84400.47,2,1,0,127.38,0
15002780,Cust02780,723,Germany,Male,61,7,77395.02,1,0,1,186.25,0
15002781,Cust02781,650,France,Female,33,8,0.0,2,0,1,46.26,0
15002782,Cust02782,514,Spain,Female,63,8,70102.26,1,0,1,30.52,1
15002783,Cust02783,729,Germany,Male,39,5,135900.66,1,0,1,139.81,0
15002784,Cust02784,663,Spain,Female,18,1,50501.85,1,0,0,95.55,0
15002785,Cust02785,659,Spain,Female,18,7,72147.56,2,1,1,72.65,0
15002786,Cust02786,599,France,Male,18,5,171526.65,2,1,1,174.11,0
15002787,Cust02787,750,Spain,Female,33,1,126566.84,2,1,0,85.23,0
15002788,Cust02788,537,France,Female,33,3,144044.07,1,0,0,19.38,0
15002789,Cust02789,620,France,Male,18,3,191848.69,1,0,1,113.05,1
15002790,Cust02790,693,Germany,Male,23,3,59426.34,2,0,1,105.82,0
15002791,Cust02791,550,Spain,Male,41,8,132018.28,1,0,1,14.84,0
15002792,Cust02792,509,France,Female,28,8,0.0,1,1,0,83.09,0
15002793,Cust02793,684,France,Female,49,6,0.0,1,0,1,42.05,0
15002794,Cust02794,708,France,Male,42,1,48817.5,2,0,1,101.06,0
15002795,Cust02795,736,France,Female,38,4,66574.83,2,1,0,97.54,0
15002796,Cust02796,713,France,Female,39,2,155926.17,2,1,0,194.32,0
15002797,Cust02797,735,France,Female,32,2,177017.75,2,1,1,95.29,0
15002798,Cust02798,691,France,Female,20,0,6990.03,2,0,0,46.0,1
15002799,Cust02799,668,Spain,Female,35,7,46280.06,1,0,0,54.69,0
15002800,Cust02800,437,Spain,Female,23,2,45795.63,1,0,1,101.92,0
15002801,Cust02801,639,France,Female,28,2,0.0,2,1,1,133.67,0
15002802,Cust02802,614,Spain,Female,39,9,58680.28,2,1,1,169.83,0
15002803,Cust02803,703,Spain,Female,37,7,127790.67,1,1,0,25.68,0
15002804,Cust02804,684,Spain,Male,32,2,93865.3,1,1,1,141.41,0
15002805,Cust02805,580,Spain,Male,51,2,34767.15,1,0,1,60.6,0
15002806,Cust02806,472,France,Female,34,9,87340.7,2,1,1,187.73,0
15002807,Cust02807,698,Germany,Male,43,6,69230.03,2,0,1,74.32,0
15002808,Cust02808,584,France,Male,42,3,161754.41,2,0,1,93.33,0
15002809,Cust02809,625,Germany,Male,39,1,94253.98,2,1,0,53.93,1
15002810,Cust02810,693,Germany,Male,47,0,49889.93,2,0,0,119.91,1
15002811,Cust02811,621,Spain,Female,43,5,159871.06,1,1,1,179.84,0
15002812,Cust02812,581,France,Female,24,1,156592.02,2,1,0,168.41,0
15002813,Cust02813,605,France,Male,48,10,188252.39,1,0,1,111.15,1
15002814,Cust02814,542,Spain,Male,44,9,95253.46,1,0,0,94.63,1
15002815,Cust02815,584,Germany,Male,29,9,2173.76,4,1,0,100.07,0
15002816,Cust02816,671,France,Male,57,3,27161.21,2,0,0,174.45,0
15002817,Cust02817,757,France,Male,59,8,96779.96,2,0,1,55.85,0
15002818,Cust02818,490,Germany,Female,35,3,51969.98,2,0,1,42.64,1
15002819,Cust02819,626,France,Female,28,3,166181.38,1,1,0,186.34,0
15002820,Cust02820,536,France,Female,29,8,117710.92,2,1,0,144.99,1
15002821,Cust02821,636,France,Male,53,0,91204.62,2,1,1,73.87,1
15002822,Cust02822,737,Spain,Female,66,7,128819.6,2,0,1,189.74,0
15002823,Cust02823,637,Germany,Male,38,9,38748.56,2,0,1,99.26,0
15002824,Cust02824,601,Germany,Male,40,6,0.0,1,1,0,62.0,0
15002825,Cust02825,686,Germany,Male,50,7,87025.45,2,1,0,168.08,0
15002826,Cust02826,724,Spain,Female,18,10,64862.92,1,0,1,26.73,0
15002827,Cust02827,583,France,Male,20,6,23287.74,2,1,0,98.07,0
15002828,Cust02828,733,Spain,Male,22,0,44337.6,2,1,1,162.19,0
15002829,Cust02829,627,France,Female,49,6,70508.59,2,0,1,20.96,0
15002830,Cust02830,850,France,Male,41,2,161434.41,2,0,0,139.24,0
15002831,Cust02831,710,France,Male,43,6,0.0,1,0,1,164.33,0
15002832,Cust02832,582,Spain,Female,31,1,112465.75,2,0,1,86.53,0
15002833,Cust02833,763,Germany,Female,38,9,20582.34,2,1,1,23.07,0
15002834,Cust02834,465,Spain,Male,19,9,0.0,1,1,1,116.11,0
15002835,Cust02835,642,Germany,Female,35,1,0.0,2,0,1,191.17,0
15002836,Cust02836,721,Germany,Male,38,7,78865.12,1,1,0,16.63,1
15002837,Cust02837,698,Germany,Male,54,1,88486.46,2,1,0,70.48,1
15002838,Cust02838,581,Germany,Male,37,8,115615.32,2,1,1,138.04,0
15002839,Cust02839,638,France,Male,33,3,0.0,1,1,1,184.95,0
15002840,Cust02840,682,Germany,Male,49,3,0.0,2,0,0,88.66,0
15002841,Cust02841,612,France,Female,32,0,42629.3,1,0,1,100.3,1
15002842,Cust02842,553,France,Male,37,0,169515.27,3,0,0,38.96,0
15002843,Cust02843,618,France,Male,33,9,0.0,1,1,1,116.34,0
15002844,Cust02844,642,France,Female,46,1,180047.16,1,1,1,36.24,1
15002845,Cust02845,648,France,Female,36,5,17634.35,4,0,0,14.36,1
15002846,Cust02846,755,France,Female,32,1,96180.08,3,0,0,67.36,0
15002847,Cust02847,770,Spain,Female,18,0,6244.03,2,1,0,104.98,0
15002848,Cust02848,803,Germany,Female,51,3,56170.4,1,1,0,171.26,0
15002849,Cust02849,850,Germany,Male,55,2,133839.51,1,1,0,107.91,1
15002850,Cust02850,801,France,Male,33,0,152722.8,1,1,1,116.36,1
15002851,Cust02851,599,France,Male,47,7,159618.98,1,1,1,109.23,0
15002852,Cust02852,657,France,Male,58,0,100176.63,1,1,0,56.68,1
15002853,Cust02853,709,Germany,Male,24,1,0.0,2,0,1,49.14,0
15002854,Cust02854,642,Spain,Male,22,5,141560.49,2,1,0,140.99,1
15002855,Cust02855,635,France,Male,18,5,47776.32,3,0,0,180.35,0
15002856,Cust02856,602,France,Female,39,1,59956.61,1,0,1,15.91,0
15002857,Cust02857,638,France,Male,38,8,103368.03,2,0,1,81.55,0
15002858,Cust02858,767,Spain,Female,48,2,78710.04,1,0,1,70.58,0
15002859,Cust02859,645,Germany,Female,31,6,107777.7,2,1,0,119.34,0
15002860,Cust02860,698,Spain,Male,53,7,36310.92,2,1,1,18.52,0
15002861,Cust02861,556,France,Male,30,3,90030.86,2,1,0,189.96,1
15002862,Cust02862,669,France,Female,29,0,81952.57,1,0,0,35.41,0
15002863,Cust02863,664,France,Male,37,2,181732.47,3,0,1,100.72,0
15002864,Cust02864,623,Germany,Female,27,2,6854.71,1,0,0,57.67,0
15002865,Cust02865,677,France,Female,33,5,93415.25,1,0,1,46.78,0
15002866,Cust02866,625,Spain,Female,22,8,41214.85,1,0,1,159.75,0
15002867,Cust02867,600,Germany,Female,56,9,61419.78,2,0,1,52.89,1
15002868,Cust02868,542,France,Male,43,5,0.0,3,0,0,51.06,0
15002869,Cust02869,615,Spain,Female,28,4,112677.4,2,1,1,182.9,0
15002870,Cust02870,630,France,Female,41,2,52363.29,1,1,0,175.65,0
15002871,Cust02871,761,Spain,Female,51,4,156290.44,2,0,0,28.94,0
15002872,Cust02872,612,Spain,Male,47,9,63308.15,1,0,1,51.24,0
15002873,Cust02873,475,Germany,Male,29,1,28280.68,1,0,0,47.43,0
15002874,Cust02874,521,Spain,Male,46,6,66722.57,2,0,0,166.05,0
15002875,Cust02875,566,Germany,Female,37,8,55644.1,1,1,1,21.55,0
15002876,Cust02876,707,Germany,Male,37,1,31898.17,1,1,1,122.97,0
15002877,Cust02877,675,France,Male,52,2,93478.92,1,0,0,156.2,0
15002878,Cust02878,462,France,Male,40,0,163981.99,1,1,0,188.22,0
15002879,Cust02879,556,Germany,Male,45,0,136991.63,1,1,0,199.15,0
15002880,Cust02880,673,Spain,Female,28,7,46133.54,1,0,0,53.06,1
15002881,Cust02881,717,Spain,Male,47,1,143041.65,1,1,0,58.4,1
15002882,Cust02882,695,Germany,Male,23,6,81137.62,2,0,0,155.05,1
15002883,Cust02883,623,France,Female,37,9,108524.25,2,1,0,161.86,0
15002884,Cust02884,614,Spain,Female,27,4,34025.31,2,0,1,62.31,0
15002885,Cust02885,567,France,Male,27,0,42920.3,1,1,0,122.33,1
15002886,Cust02886,682,France,Male,28,3,24240.55,3,0,0,103.3,0
15002887,Cust02887,799,France,Male,32,10,32789.63,2,1,1,195.04,0
15002888,Cust02888,648,France,Female,20,2,26381.82,4,0,1,56.65,0
15002889,Cust02889,689,Spain,Male,37,5,43321.9,1,0,1,86.35,0
15002890,Cust02890,519,France,Female,29,6,176770.48,3,1,1,198.66,0
15002891,Cust02891,476,Spain,Female,56,6,59897.29,1,0,0,35.22,1
15002892,Cust02892,629,France,Male,39,2,11166.91,2,0,0,41.46,0
15002893,Cust02893,673,Spain,Female,33,9,190748.43,3,1,0,111.39,1
15002894,Cust02894,611,Germany,Male,38,0,118583.3,2,0,1,29.19,0
15002895,Cust02895,549,France,Male,18,7,116910.68,1,1,0,69.53,0
15002896,Cust02896,766,France,Male,25,5,132901.87,4,0,0,178.23,1
15002897,Cust02897,792,France,Male,30,8,125182.27,3,1,0,127.81,0
15002898,Cust02898,680,Spain,Male,35,10,128314.98,1,1,1,69.45,0
15002899,Cust02899,775,France,Female,30,1,66613.36,2,0,1,108.53,0
15002900,Cust02900,528,France,Female,25,6,0.0,1,0,0,190.75,1
15002901,Cust02901,672,France,Male,29,7,94082.85,1,0,0,58.91,1
15002902,Cust02902,551,Germany,Female,44,1,115385.22,1,0,0,13.54,0
15002903,Cust02903,658,France,Female,44,0,105434.01,2,1,1,66.22,0
15002904,Cust02904,673,France,Female,46,4,15963.18,1,0,1,142.65,0
15002905,Cust02905,655,Germany,Female,46,6,39537.27,4,1,1,127.91,0
15002906,Cust02906,701,France,Male,51,5,50826.19,1,1,1,82.25,0
15002907,Cust02907,723,Germany,Male,48,4,88100.05,2,0,1,100.5,1
15002908,Cust02908,724,Spain,Female,44,1,69964.55,2,1,0,150.2,1
15002909,Cust02909,481,France,Male,31,10,49800.76,1,1,0,116.45,0
15002910,Cust02910,691,Germany,Female,50,6,2952.86,2,1,1,180.01,0
15002911,Cust02911,603,Germany,Male,50,2,122821.47,1,0,1,92.15,0
15002912,Cust02912,637,France,Female,35,8,88814.01,2,1,1,50.86,0
15002913,Cust02913,606,Germany,Male,36,9,27844.97,1,0,1,111.62,1
15002914,Cust02914,775,France,Male,40,8,0.0,1,1,1,86.96,0
15002915,Cust02915,511,France,Female,44,4,0.0,2,1,0,187.43,0
15002916,Cust02916,673,France,Female,39,8,98640.48,1,0,0,114.05,1
15002917,Cust02917,627,Germany,Female,31,4,111560.65,2,1,0,124.34,0
15002918,Cust02918,555,Spain,Male,36,0,21556.45,3,1,1,170.27,0
15002919,Cust02919,589,France,Male,36,1,102844.32,2,1,0,12.81,0
15002920,Cust02920,578,France,Male,34,7,86163.29,1,1,0,30.43,0
15002921,Cust02921,727,France,Female,32,8,5751.37,2,0,0,173.92,0
15002922,Cust02922,593,France,Female,36,8,166234.88,1,1,1,105.11,0
15002923,Cust02923,630,Germany,Female,35,1,210613.96,2,0,0,160.39,1
15002924,Cust02924,650,Germany,Female,46,4,100003.2,1,1,0,123.72,0
15002925,Cust02925,679,France,Male,47,1,29811.32,2,0,1,61.17,0
15002926,Cust02926,590,Germany,Female,34,0,2765.53,2,0,1,63.15,1
15002927,Cust02927,632,Spain,Female,18,0,138441.31,4,0,0,135.25,1
15002928,Cust02928,693,Spain,Male,28,9,57527.14,1,0,0,165.0,1
15002929,Cust02929,713,France,Male,54,3,101333.87,1,1,0,65.59,1
15002930,Cust02930,668,Germany,Female,18,1,35369.69,2,1,1,36.49,1
15002931,Cust02931,799,Spain,Female,31,2,10394.92,2,1,0,25.72,0
15002932,Cust02932,608,France,Female,26,10,109476.96,2,1,1,122.26,0
15002933,Cust02933,651,Spain,Male,52,3,73949.78,3,1,0,87.74,1
15002934,Cust02934,681,France,Male,43,0,106442.24,2,0,1,100.53,0
15002935,Cust02935,671,France,Male,37,7,86132.52,2,0,0,161.96,0
15002936,Cust02936,630,Germany,Male,22,6,110817.56,1,0,1,44.99,0
15002937,Cust02937,615,France,Male,42,10,14537.27,2,1,1,123.07,0
15002938,Cust02938,597,Germany,Male,29,7,108365.28,1,0,0,117.4,0
15002939,Cust02939,706,France,Male,35,0,0.0,1,1,0,152.33,0
15002940,Cust02940,642,Spain,Female,38,5,103310.66,2,0,0,84.95,1
15002941,Cust02941,680,France,Female,50,3,136168.68,2,0,0,117.35,0
15002942,Cust02942,545,Germany,Male,44,1,12868.26,1,0,1,149.94,0
15002943,Cust02943,719,Germany,Female,30,7,136520.6,1,1,0,117.36,0
15002944,Cust02944,761,France,Female,31,1,98477.67,1,0,0,31.88,0
15002945,Cust02945,541,Germany,Female,39,2,0.0,1,0,0,64.39,0
15002946,Cust02946,791,Germany,Male,23,6,3742.63,1,1,0,22.97,1
15002947,Cust02947,738,France,Female,23,2,159458.41,1,0,0,138.34,0
15002948,Cust02948,737,Germany,Male,50,4,0.0,2,1,0,32.54,1
15002949,Cust02949,827,France,Male,37,6,50622.15,2,0,0,92.94,0
15002950,Cust02950,633,France,Male,34,1,51024.33,1,0,1,69.37,0
15002951,Cust02951,682,France,Female,45,4,187951.47,1,0,0,77.04,0
15002952,Cust02952,668,Germany,Female,58,3,216677.48,1,0,0,99.69,1
15002953,Cust02953,689,France,Male,24,4,135720.05,3,1,1,37.6,0
15002954,Cust02954,618,France,Female,26,1,2479.48,1,0,1,175.97,0
15002955,Cust02955,748,Germany,Male,45,2,107635.64,2,0,1,177.43,0
15002956,Cust02956,667,France,Male,41,2,53573.55,1,1,1,13.91,0
15002957,Cust02957,638,France,Female,18,2,48121.69,1,0,1,69.72,0
15002958,Cust02958,702,Spain,Male,39,2,138208.69,1,1,1,77.62,0
15002959,Cust02959,610,Germany,Female,47,4,0.0,1,1,1,25.61,1
15002960,Cust02960,731,France,Female,35,1,54541.54,1,0,0,70.57,0
15002961,Cust02961,538,France,Female,18,6,186192.28,2,1,0,97.74,0
15002962,Cust02962,645,Spain,Male,58,1,160664.74,2,1,0,22.56,0
15002963,Cust02963,532,Germany,Female,42,4,39446.1,2,1,1,147.84,0
15002964,Cust02964,705,Spain,Female,65,0,117880.43,1,0,1,178.89,1
15002965,Cust02965,622,Germany,Female,43,2,144941.11,2,0,1,97.56,0
15002966,Cust02966,490,France,Female,48,4,71270.75,1,1,1,33.51,0
15002967,Cust02967,773,France,Male,47,3,0.0,3,0,1,109.62,0
15002968,Cust02968,593,Spain,Female,69,9,94784.26,1,1,1,12.66,0
15002969,Cust02969,657,France,Male,40,4,67072.0,2,1,0,186.51,1
15002970,Cust02970,662,Spain,Female,18,3,86133.76,1,1,0,44.16,0
15002971,Cust02971,606,Germany,Male,35,7,146547.18,1,1,0,154.39,0
15002972,Cust02972,642,France,Female,54,6,156432.45,3,0,1,199.16,1
15002973,Cust02973,637,Spain,Female,40,6,70024.15,2,1,1,39.67,0
15002974,Cust02974,640,France,Female,29,2,155567.98,1,0,0,167.55,1
15002975,Cust02975,650,Germany,Female,28,2,118121.14,2,1,0,190.34,0
15002976,Cust02976,547,Spain,Male,18,7,47504.47,2,0,0,90.82,0
15002977,Cust02977,787,France,Male,31,7,40430.41,1,0,1,46.35,0
15002978,Cust02978,727,Spain,Female,37,6,93417.57,2,1,0,118.54,0
15002979,Cust02979,606,France,Female,50,2,152662.35,2,1,0,95.95,1
15002980,Cust02980,725,Germany,Female,40,9,31453.99,2,0,1,173.51,1
15002981,Cust02981,650,France,Female,45,9,124091.87,1,0,0,164.78,1
15002982,Cust02982,555,France,Female,35,9,102421.71,2,0,0,144.21,0
15002983,Cust02983,599,Germany,Male,61,10,55134.21,1,1,0,38.57,1
15002984,Cust02984,518,Spain,Male,31,7,43530.33,2,0,0,56.11,0
15002985,Cust02985,587,France,Male,29,7,196835.71,2,0,1,157.66,0
15002986,Cust02986,826,Germany,Female,42,9,148986.94,1,0,1,20.23,0
15002987,Cust02987,574,France,Female,18,6,0.0,2,0,1,67.11,0
15002988,Cust02988,653,France,Female,26,6,89597.15,4,0,0,192.74,0
15002989,Cust02989,619,France,Female,30,5,0.0,1,0,1,72.35,0
15002990,Cust02990,541,Spain,Female,34,1,60681.07,2,0,0,189.62,1
15002991,Cust02991,484,Spain,Female,32,2,5878.78,2,0,0,35.4,0
15002992,Cust02992,566,France,Female,34,3,66482.96,1,0,1,77.51,0
15002993,Cust02993,676,Spain,Female,47,0,101162.72,1,1,1,25.3,0
15002994,Cust02994,716,Spain,Male,37,7,99592.26,2,1,1,156.45,0
15002995,Cust02995,682,Spain,Female,39,9,175429.52,2,1,0,185.68,0
15002996,Cust02996,714,France,Female,41,4,84281.06,2,1,1,138.2,0
15002997,Cust02997,687,Germany,Male,29,2,47579.3,1,0,0,167.78,0
15002998,Cust02998,556,Germany,Male,42,9,0.0,1,0,0,132.92,0
15002999,Cust02999,725,Germany,Female,40,3,31089.45,2,1,1,106.27,0
15003000,Cust03000,600,Germany,Male,38,2,71143.49,2,1,0,16.98,1
15003001,Cust03001,767,France,Male,32,3,77868.72,1,0,0,18.65,0
15003002,Cust03002,674,Germany,Female,42,5,161839.31,2,0,0,93.74,0
15003003,Cust03003,783,Spain,Female,23,4,109387.2,1,0,0,126.87,0
15003004,Cust03004,710,Spain,Female,46,3,79309.82,2,0,0,128.35,0
15003005,Cust03005,722,France,Male,30,6,94120.46,3,1,0,82.93,1
15003006,Cust03006,659,Spain,Female,48,9,22590.51,2,0,0,18.59,1
15003007,Cust03007,839,Germany,Female,35,4,116247.16,1,0,1,146.99,0
15003008,Cust03008,477,Germany,Female,29,5,28579.35,3,0,0,75.32,1
15003009,Cust03009,734,France,Female,40,6,60214.3,1,1,1,76.9,0
15003010,Cust03010,655,France,Male,35,1,112267.12,3,1,0,104.86,0
15003011,Cust03011,536,Germany,Male,43,9,74312.72,1,1,1,81.38,0
15003012,Cust03012,722,Germany,Male,32,2,128760.93,1,0,0,32.61,1
15003013,Cust03013,679,France,Female,44,2,58622.47,3,1,1,121.58,0
15003014,Cust03014,420,Spain,Female,35,4,108560.5,1,0,0,198.75,0
15003015,Cust03015,623,France,Female,28,3,33154.63,1,0,1,26.22,0
15003016,Cust03016,581,France,Male,38,3,66132.73,1,0,0,88.85,0
15003017,Cust03017,572,France,Female,30,5,9023.44,1,0,1,175.44,0
15003018,Cust03018,795,Germany,Male,45,9,28221.69,2,1,0,24.59,0
15003019,Cust03019,805,France,Female,34,7,170871.51,3,1,0,76.39,1
15003020,Cust03020,588,Spain,Male,34,5,78132.42,2,1,0,181.52,1
15003021,Cust03021,706,France,Male,37,4,44301.91,2,1,0,178.32,0
15003022,Cust03022,617,Spain,Male,35,4,61624.15,2,1,1,130.19,1
15003023,Cust03023,707,France,Female,25,9,53057.73,1,0,0,104.54,0
15003024,Cust03024,683,Spain,Female,37,5,59341.97,1,0,0,92.97,0
15003025,Cust03025,753,Spain,Female,18,6,72476.12,1,1,1,86.57,0
15003026,Cust03026,651,Spain,Male,32,5,99014.82,2,1,0,96.45,0
15003027,Cust03027,682,France,Female,37,6,31755.01,2,0,1,157.3,0
15003028,Cust03028,729,France,Female,26,5,51912.56,1,1,0,56.26,0
15003029,Cust03029,588,France,Female,48,0,0.0,2,0,1,45.69,0
15003030,Cust03030,708,Spain,Female,19,2,227357.86,2,1,1,77.84,0
15003031,Cust03031,683,France,Female,59,2,127404.1,2,0,0,69.16,0
15003032,Cust03032,505,France,Female,32,1,40204.8,1,0,0,171.8,0
15003033,Cust03033,645,Spain,Female,74,6,67248.72,1,1,0,135.64,1
15003034,Cust03034,634,France,Female,30,5,3911.95,2,0,1,167.43,0
15003035,Cust03035,654,France,Female,32,4,164281.73,2,0,0,45.75,0
15003036,Cust03036,532,France,Male,45,9,0.0,1,1,0,172.1,0
15003037,Cust03037,640,France,Male,38,4,96852.02,2,0,0,37.59,0
15003038,Cust03038,544,France,Male,21,0,0.0,1,0,0,19.03,0
15003039,Cust03039,683,Spain,Female,31,6,150865.2,1,0,1,196.7,0
15003040,Cust03040,774,France,Female,24,2,90045.65,1,0,1,27.95,1
15003041,Cust03041,616,Spain,Male,51,7,72434.82,1,1,1,187.9,1
15003042,Cust03042,690,Germany,Male,35,3,110324.9,2,0,0,62.36,0
15003043,Cust03043,572,France,Female,44,4,154075.59,2,1,1,108.14,0
15003044,Cust03044,751,France,Male,54,6,149470.43,1,1,0,170.01,0
15003045,Cust03045,775,France,Male,49,7,81832.33,2,1,1,58.63,0
15003046,Cust03046,725,France,Male,31,6,56789.62,2,0,1,104.13,0
15003047,Cust03047,450,France,Male,47,4,58411.45,2,0,1,98.77,0
15003048,Cust03048,682,France,Female,40,0,25177.67,4,1,0,63.29,1
15003049,Cust03049,731,Spain,Male,41,2,100427.42,1,0,1,47.05,0
15003050,Cust03050,499,Germany,Male,55,7,36925.61,1,1,1,45.88,0
15003051,Cust03051,722,France,Male,48,8,162496.32,2,1,1,111.59,0
15003052,Cust03052,756,Germany,Male,46,5,36232.22,2,1,0,127.78,1
15003053,Cust03053,508,Germany,Female,41,8,132650.12,2,1,1,166.43,1
15003054,Cust03054,559,Spain,Female,40,1,166019.45,2,0,1,113.52,0
15003055,Cust03055,549,Germany,Female,51,7,70404.94,2,1,0,139.16,1
15003056,Cust03056,698,Spain,Male,45,5,102668.86,2,0,0,197.02,0
15003057,Cust03057,538,France,Male,42,4,0.0,2,0,1,36.91,0
15003058,Cust03058,804,Spain,Female,39,1,2532.98,1,1,1,115.52,0
15003059,Cust03059,598,France,Female,49,6,75743.16,1,1,1,31.52,0
15003060,Cust03060,585,France,Female,43,7,111332.34,1,1,0,17.94,0
15003061,Cust03061,669,Germany,Male,48,5,60308.62,2,0,1,110.17,0
15003062,Cust03062,580,Spain,Male,34,0,151392.41,1,1,0,42.77,0
15003063,Cust03063,700,France,Female,36,5,104602.5,1,1,1,167.76,1
15003064,Cust03064,559,Germany,Female,32,6,38428.62,2,1,0,135.27,0
15003065,Cust03065,652,France,Male,34,7,15999.35,1,1,0,49.49,1
15003066,Cust03066,733,France,Female,34,10,76779.7,1,1,1,119.42,0
15003067,Cust03067,637,Germany,Male,19,8,232449.15,3,0,0,61.82,1
15003068,Cust03068,696,Germany,Female,31,9,0.0,2,0,0,20.94,0
15003069,Cust03069,759,France,Female,25,5,82302.66,1,1,0,187.27,0
15003070,Cust03070,578,Germany,Female,20,3,0.0,1,0,1,29.08,0
15003071,Cust03071,694,France,Female,45,10,237353.75,1,0,1,186.91,0
15003072,Cust03072,736,France,Male,59,7,54335.65,1,1,0,14.49,0
15003073,Cust03073,557,France,Female,40,0,132286.85,1,0,0,163.32,0
15003074,Cust03074,474,Germany,Female,36,2,210993.86,2,0,1,92.97,0
15003075,Cust03075,421,Germany,Male,29,8,37124.27,2,0,0,110.57,0
15003076,Cust03076,685,Spain,Female,54,5,226423.04,3,0,0,156.89,1
15003077,Cust03077,718,France,Male,48,8,87141.11,1,1,1,14.29,1
15003078,Cust03078,646,Spain,Male,36,0,98766.39,1,0,0,77.75,0
15003079,Cust03079,564,France,Female,54,4,0.0,2,0,0,168.97,1
15003080,Cust03080,643,Germany,Female,47,7,147111.7,1,1,0,14.19,1
15003081,Cust03081,720,France,Female,40,3,137128.8,1,1,0,95.03,0
15003082,Cust03082,583,France,Female,47,10,0.0,2,0,0,112.71,0
15003083,Cust03083,601,Spain,Male,54,7,143737.35,2,0,1,50.82,0
15003084,Cust03084,589,Germany,Male,46,6,171976.51,2,1,0,46.28,0
15003085,Cust03085,698,France,Male,39,1,29270.13,1,1,0,65.87,0
15003086,Cust03086,488,Spain,Male,48,5,69949.18,1,1,0,194.47,1
15003087,Cust03087,470,France,Male,20,6,76475.74,2,0,1,122.53,0
15003088,Cust03088,614,France,Male,18,8,77035.45,2,0,1,79.56,0
15003089,Cust03089,652,France,Male,25,9,16608.47,3,0,1,85.36,0
15003090,Cust03090,698,Germany,Female,25,0,149339.83,2,0,1,141.87,1
15003091,Cust03091,816,Spain,Female,50,9,0.0,1,1,1,164.17,1
15003092,Cust03092,604,France,Male,31,6,168001.19,3,0,1,93.14,0
15003093,Cust03093,530,France,Female,32,6,13156.44,1,0,0,53.37,0
15003094,Cust03094,710,Germany,Male,30,9,113431.45,1,0,0,120.51,0
15003095,Cust03095,737,France,Female,19,4,172088.75,1,1,1,168.92,0
15003096,Cust03096,640,France,Female,47,5,145836.39,4,1,0,48.07,1
15003097,Cust03097,602,France,Female,60,10,78732.01,3,0,1,122.12,1
15003098,Cust03098,579,Germany,Male,46,6,99005.33,2,0,0,119.76,0
15003099,Cust03099,524,France,Male,28,0,184134.4,1,1,1,34.45,0
15003100,Cust03100,583,Germany,Male,34,3,164900.84,2,1,0,89.54,1
15003101,Cust03101,669,Germany,Male,43,6,160078.62,1,1,0,15.29,0
15003102,Cust03102,701,France,Female,43,4,44990.53,2,0,1,17.46,0
15003103,Cust03103,635,Germany,Female,26,10,227637.71,1,0,1,90.35,0
15003104,Cust03104,837,France,Male,48,1,54921.01,1,1,1,25.24,1
15003105,Cust03105,547,France,Female,24,6,84357.69,1,0,0,12.46,1
15003106,Cust03106,708,France,Female,35,7,130130.1,2,1,1,41.34,0
15003107,Cust03107,639,France,Female,42,9,0.0,2,0,0,17.17,0
15003108,Cust03108,791,Germany,Male,35,9,116071.85,2,0,0,113.8,0
15003109,Cust03109,779,Spain,Male,27,0,59769.6,1,1,0,158.57,0
15003110,Cust03110,673,Germany,Female,29,2,101652.76,1,1,1,107.95,0
15003111,Cust03111,667,Spain,Male,38,9,126715.51,3,0,0,107.68,1
15003112,Cust03112,550,Spain,Female,36,6,64362.5,2,1,1,97.55,0
15003113,Cust03113,596,France,Female,38,0,8863.89,1,0,1,117.08,0
15003114,Cust03114,694,France,Female,35,9,111901.82,2,0,1,189.32,0
15003115,Cust03115,619,Spain,Male,52,9,34768.02,1,0,1,102.74,1
15003116,Cust03116,591,France,Male,35,4,71049.35,1,1,1,76.21,0
15003117,Cust03117,688,Spain,Male,18,4,48647.05,2,0,0,118.99,0
15003118,Cust03118,715,Spain,Male,32,3,175439.7,1,0,0,73.83,0
15003119,Cust03119,693,Spain,Female,20,2,169322.15,3,1,0,106.11,1
15003120,Cust03120,597,Spain,Female,41,10,158021.42,1,1,1,30.61,0
15003121,Cust03121,509,Germany,Male,18,4,28862.36,3,1,0,88.74,1
15003122,Cust03122,596,France,Female,37,3,80479.45,1,1,1,41.78,0
15003123,Cust03123,565,Germany,Male,22,9,89331.98,3,1,0,142.42,0
15003124,Cust03124,800,Spain,Male,47,10,58380.35,4,1,1,76.03,0
15003125,Cust03125,507,Germany,Male,45,7,119645.81,2,0,0,137.21,0
15003126,Cust03126,768,France,Male,42,8,120825.81,1,1,1,86.34,0
15003127,Cust03127,688,Germany,Female,25,0,126959.13,1,1,1,105.44,0
15003128,Cust03128,590,Spain,Female,55,3,41866.89,3,0,1,26.74,0
15003129,Cust03129,755,France,Female,42,1,0.0,1,1,1,106.25,0
15003130,Cust03130,660,Spain,Male,36,7,192263.97,4,1,0,171.41,1
15003131,Cust03131,621,France,Male,44,0,15516.96,1,1,0,62.48,0
15003132,Cust03132,524,Spain,Male,40,3,140044.4,2,0,1,177.54,0
15003133,Cust03133,668,Germany,Female,18,4,62767.17,2,1,0,132.99,0
15003134,Cust03134,426,France,Male,46,7,41041.4,2,1,0,163.58,0
15003135,Cust03135,780,France,Male,35,0,139733.46,2,1,1,112.05,0
15003136,Cust03136,541,Germany,Male,47,7,65285.57,2,1,0,121.11,0
15003137,Cust03137,643,France,Male,37,8,0.0,2,0,1,175.49,0
15003138,Cust03138,631,France,Female,38,0,179889.45,2,0,1,179.27,0
15003139,Cust03139,619,France,Male,42,1,22600.14,1,1,1,55.67,0
15003140,Cust03140,620,Germany,Female,37,10,63923.04,1,0,1,39.65,1
15003141,Cust03141,553,France,Female,41,0,37336.99,1,0,0,16.49,0
15003142,Cust03142,657,Germany,Female,41,5,55447.04,2,0,1,189.64,0
15003143,Cust03143,592,Germany,Male,38,9,123192.79,3,0,0,19.17,1
15003144,Cust03144,844,Spain,Male,35,9,53685.51,1,0,0,85.27,1
15003145,Cust03145,675,France,Female,27,10,58723.31,3,0,1,57.29,0
15003146,Cust03146,530,France,Female,26,5,115220.13,1,1,0,75.78,0
15003147,Cust03147,464,France,Female,18,9,15421.53,1,0,0,123.05,0
15003148,Cust03148,644,France,Male,37,0,33241.36,3,1,1,116.66,1
15003149,Cust03149,816,France,Male,40,6,0.0,2,1,0,174.71,0
15003150,Cust03150,730,France,Male,19,9,123980.38,2,0,1,38.8,0
15003151,Cust03151,783,France,Male,44,10,45163.09,2,0,1,137.74,0
15003152,Cust03152,678,France,Female,59,8,227272.22,1,0,1,17.74,1
15003153,Cust03153,759,France,Male,31,10,24391.85,1,1,0,132.03,0
15003154,Cust03154,675,France,Male,36,2,52692.45,1,0,1,75.71,0
15003155,Cust03155,813,France,Female,46,5,40542.02,2,1,1,145.32,0
15003156,Cust03156,725,Germany,Male,30,8,137044.76,2,0,0,199.9,1
15003157,Cust03157,651,Germany,Female,46,6,104493.68,2,1,0,191.38,0
15003158,Cust03158,510,France,Female,21,6,111790.27,4,0,1,139.62,1
15003159,Cust03159,406,France,Female,28,0,1549.22,1,0,0,94.45,0
15003160,Cust03160,602,France,Female,54,0,24460.15,1,1,1,104.21,1
15003161,Cust03161,678,Germany,Female,53,0,100590.93,1,0,1,42.99,1
15003162,Cust03162,653,France,Male,32,6,77105.6,2,1,0,68.67,1
15003163,Cust03163,700,Spain,Male,24,10,14619.15,2,1,0,109.98,0
15003164,Cust03164,390,Spain,Male,31,3,99873.42,2,0,0,108.12,1
15003165,Cust03165,631,Spain,Male,40,2,0.0,1,0,1,196.06,0
15003166,Cust03166,517,Spain,Female,33,5,34873.02,2,1,0,56.93,0
15003167,Cust03167,393,Spain,Male,40,6,0.0,1,1,0,131.37,1
15003168,Cust03168,621,Germany,Female,47,7,0.0,3,1,1,47.28,0
15003169,Cust03169,759,Germany,Male,45,0,120679.63,1,1,1,36.33,0
15003170,Cust03170,814,France,Male,39,1,233855.38,2,0,1,21.99,0
15003171,Cust03171,748,France,Male,32,4,0.0,2,1,1,174.64,0
15003172,Cust03172,536,France,Male,32,9,103983.55,2,1,0,179.71,1
15003173,Cust03173,439,Spain,Male,37,5,127956.87,2,1,0,30.57,1
15003174,Cust03174,646,Germany,Male,29,6,55676.71,2,1,1,120.18,1
15003175,Cust03175,699,France,Female,38,10,87190.76,1,1,1,100.52,1
15003176,Cust03176,731,France,Male,32,5,35915.23,2,0,0,60.3,0
15003177,Cust03177,717,France,Male,38,1,43682.2,1,0,1,48.17,0
15003178,Cust03178,700,France,Female,52,0,39027.87,1,1,0,185.56,1
15003179,Cust03179,675,France,Female,44,1,147766.22,1,1,1,137.43,0
15003180,Cust03180,741,France,Female,51,4,0.0,2,1,0,99.07,1
15003181,Cust03181,495,Germany,Female,42,9,3203.17,1,1,0,55.2,0
15003182,Cust03182,425,Spain,Female,51,6,59759.41,3,1,1,153.19,0
15003183,Cust03183,811,France,Female,57,1,9630.97,2,0,1,78.31,0
15003184,Cust03184,681,France,Female,18,6,116614.84,2,0,1,151.26,0
15003185,Cust03185,545,France,Male,49,3,47299.18,4,1,1,142.85,0
15003186,Cust03186,672,France,Female,51,3,65563.07,2,0,0,159.48,1
15003187,Cust03187,500,Spain,Female,22,7,174885.05,1,0,0,198.02,0
15003188,Cust03188,671,Spain,Female,36,3,38550.15,2,0,0,83.17,0
15003189,Cust03189,568,Germany,Female,45,4,86031.08,1,0,1,171.72,0
15003190,Cust03190,617,France,Female,43,7,97496.89,1,0,1,13.35,0
15003191,Cust03191,626,France,Male,43,9,167935.64,3,0,0,158.94,0
15003192,Cust03192,693,Germany,Male,41,0,11230.68,1,0,0,115.59,0
15003193,Cust03193,662,France,Male,37,1,103270.26,1,0,0,21.89,0
15003194,Cust03194,659,France,Female,45,4,154050.94,1,1,1,143.15,0
15003195,Cust03195,505,Spain,Male,29,9,72412.3,1,1,1,144.42,0
15003196,Cust03196,699,Germany,Female,30,4,125004.25,2,0,1,11.64,1
15003197,Cust03197,850,Germany,Female,51,6,0.0,2,0,0,54.03,0
15003198,Cust03198,592,France,Male,36,0,159397.26,2,1,1,184.54,0
15003199,Cust03199,718,France,Male,45,2,86057.84,2,1,0,86.29,0
15003200,Cust03200,756,France,Female,34,7,66707.56,1,0,1,20.31,0
15003201,Cust03201,594,Spain,Male,43,6,3614.95,1,1,1,139.4,1
15003202,Cust03202,723,Germany,Male,37,3,106487.86,2,0,0,135.01,0
15003203,Cust03203,535,France,Female,32,2,107159.64,2,1,0,179.0,0
15003204,Cust03204,642,France,Male,45,10,134620.83,2,1,0,58.58,1
15003205,Cust03205,466,France,Male,41,10,57003.48,2,1,1,66.06,0
15003206,Cust03206,680,France,Male,26,6,197500.41,2,0,1,162.62,0
15003207,Cust03207,730,France,Female,26,2,98881.23,1,0,0,170.67,0
15003208,Cust03208,543,France,Female,28,10,4320.1,2,1,1,64.8,0
15003209,Cust03209,755,Spain,Female,42,9,175376.34,1,1,1,177.88,0
15003210,Cust03210,545,France,Male,25,9,56705.09,2,1,1,153.31,0
15003211,Cust03211,550,Spain,Male,18,4,59703.89,2,1,0,71.88,0
15003212,Cust03212,717,Spain,Female,45,5,82576.5,1,1,0,145.07,1
15003213,Cust03213,726,France,Female,30,4,86570.05,1,0,0,174.39,0
15003214,Cust03214,713,France,Female,21,1,172617.7,1,0,0,196.05,0
15003215,Cust03215,654,Germany,Female,30,9,70676.44,1,1,0,161.75,1
15003216,Cust03216,597,France,Male,24,2,0.0,2,1,0,123.86,1
15003217,Cust03217,738,France,Female,18,7,55552.51,1,0,1,93.81,0
15003218,Cust03218,679,France,Female,18,1,76033.44,2,0,0,55.97,1
15003219,Cust03219,529,Spain,Female,36,0,0.0,1,1,0,174.75,0
15003220,Cust03220,562,France,Male,40,3,0.0,2,1,1,165.5,0
15003221,Cust03221,781,France,Female,42,6,142533.32,1,1,1,180.77,0
15003222,Cust03222,666,Spain,Female,46,3,35174.64,2,0,0,169.09,0
15003223,Cust03223,708,Germany,Female,28,2,77080.6,1,0,0,150.09,0
15003224,Cust03224,696,France,Male,38,6,0.0,1,1,0,45.61,1
15003225,Cust03225,683,France,Female,54,5,123048.56,2,1,1,147.52,0
15003226,Cust03226,545,Spain,Female,41,5,156496.74,1,1,1,25.6,0
15003227,Cust03227,485,Germany,Male,22,4,75607.28,2,1,0,115.46,1
15003228,Cust03228,643,France,Female,22,5,53012.22,2,1,0,164.04,0
15003229,Cust03229,667,France,Male,38,6,83884.78,1,1,1,79.87,0
15003230,Cust03230,778,France,Female,43,4,38368.27,1,1,1,170.58,1
15003231,Cust03231,679,Germany,Male,23,3,70285.72,2,1,0,66.19,0
15003232,Cust03232,643,France,Female,40,7,22647.52,2,0,1,147.92,1
15003233,Cust03233,661,France,Male,36,0,41792.25,2,1,1,98.66,0
15003234,Cust03234,738,France,Female,51,0,116243.79,1,1,0,35.65,0
15003235,Cust03235,714,Spain,Male,55,0,258605.27,4,1,0,27.53,1
15003236,Cust03236,624,Spain,Male,40,9,104078.21,2,0,1,28.62,0
15003237,Cust03237,502,Germany,Female,48,2,0.0,2,1,0,112.08,0
15003238,Cust03238,762,France,Female,57,6,126597.02,2,0,1,67.7,0
15003239,Cust03239,646,France,Male,24,5,120207.6,2,1,1,15.22,0
15003240,Cust03240,597,Spain,Male,53,9,144946.9,1,0,1,68.99,0
15003241,Cust03241,583,Germany,Male,21,2,85065.32,2,1,0,161.83,1
15003242,Cust03242,666,Spain,Female,28,2,0.0,2,0,0,55.09,0
15003243,Cust03243,746,France,Male,36,5,2320.15,2,0,1,176.17,0
15003244,Cust03244,534,France,Male,40,3,92945.3,1,1,1,48.02,0
15003245,Cust03245,524,Spain,Female,60,5,46807.31,2,0,1,161.18,1
15003246,Cust03246,591,Germany,Female,33,10,55399.09,2,0,0,115.12,1
15003247,Cust03247,656,Spain,Male,32,9,0.0,1,1,1,32.02,1
15003248,Cust03248,771,France,Male,35,10,136636.18,2,0,1,126.34,1
15003249,Cust03249,696,Spain,Female,34,9,36552.08,2,0,1,35.48,0
15003250,Cust03250,642,France,Male,45,1,90077.91,2,1,0,49.09,0
15003251,Cust03251,711,France,Male,52,9,101106.36,1,0,1,61.01,1
15003252,Cust03252,832,Germany,Male,30,7,110204.17,2,0,1,140.63,0
15003253,Cust03253,734,Germany,Female,55,5,103344.22,2,1,0,62.03,0
15003254,Cust03254,690,Germany,Male,34,2,189252.12,2,0,0,69.38,0
15003255,Cust03255,623,France,Male,50,2,60790.94,2,0,1,163.24,0
15003256,Cust03256,676,Spain,Male,56,6,134881.42,1,1,1,72.22,1
15003257,Cust03257,565,Germany,Female,24,7,0.0,4,1,1,195.77,1
15003258,Cust03258,663,Germany,Female,56,7,21196.78,1,0,0,15.92,0
15003259,Cust03259,737,Germany,Male,43,7,117582.6,2,1,0,98.04,0
15003260,Cust03260,695,France,Female,36,9,106332.51,1,1,1,65.52,0
15003261,Cust03261,722,Spain,Female,33,2,55686.73,1,0,1,15.92,0
15003262,Cust03262,731,France,Male,30,8,18929.7,1,0,0,56.37,0
15003263,Cust03263,507,France,Male,40,3,73207.24,2,0,0,57.27,1
15003264,Cust03264,631,Spain,Male,27,10,0.0,2,0,0,31.72,1
15003265,Cust03265,658,Spain,Female,48,10,111167.51,2,0,0,113.86,0
15003266,Cust03266,742,France,Female,33,0,171486.69,3,1,0,21.47,0
15003267,Cust03267,594,France,Male,43,3,45441.14,2,0,0,183.2,0
15003268,Cust03268,706,Spain,Male,48,3,60354.08,1,1,1,121.88,0
15003269,Cust03269,621,France,Male,46,3,117532.84,2,0,1,186.78,0
15003270,Cust03270,558,France,Female,33,8,109354.51,2,0,0,181.8,0
15003271,Cust03271,763,Spain,Male,28,7,79827.55,1,0,0,64.91,0
15003272,Cust03272,850,Spain,Male,38,1,71208.32,1,1,0,144.72,0
15003273,Cust03273,465,Germany,Female,30,10,53612.6,3,1,0,88.32,0
15003274,Cust03274,850,Spain,Male,20,8,152171.47,1,1,1,19.37,1
15003275,Cust03275,647,France,Male,52,1,27926.5,4,1,0,86.93,1
15003276,Cust03276,601,France,Male,30,10,0.0,3,0,0,147.65,0
15003277,Cust03277,661,Germany,Female,46,0,118776.3,1,1,0,185.39,1
15003278,Cust03278,570,Germany,Male,18,0,129362.5,2,1,1,79.63,0
15003279,Cust03279,693,Spain,Male,28,3,0.0,2,1,1,87.29,0
15003280,Cust03280,635,Spain,Female,40,6,169748.21,4,1,0,137.02,0
15003281,Cust03281,645,Germany,Female,32,6,86730.19,3,0,0,29.08,1
15003282,Cust03282,502,Germany,Female,32,7,16798.12,1,1,0,167.09,0
15003283,Cust03283,692,France,Female,24,5,129592.27,2,0,0,33.12,0
15003284,Cust03284,623,France,Female,18,8,61153.78,2,0,0,23.1,1
15003285,Cust03285,583,Germany,Female,52,8,171357.01,1,1,0,115.09,0
15003286,Cust03286,629,France,Male,23,4,95175.26,1,1,0,29.27,0
15003287,Cust03287,542,Spain,Female,40,8,117724.15,1,1,1,17.27,1
15003288,Cust03288,838,France,Male,47,4,23056.94,1,1,1,85.08,0
15003289,Cust03289,515,France,Male,29,5,2010.51,2,1,1,75.55,0
15003290,Cust03290,601,Germany,Female,35,4,49682.49,2,0,1,164.28,1
15003291,Cust03291,648,France,Male,47,2,56894.85,2,0,0,35.91,0
15003292,Cust03292,850,Spain,Female,26,1,0.0,1,1,1,63.24,0
15003293,Cust03293,609,France,Male,27,9,65964.38,1,0,1,37.66,0
15003294,Cust03294,723,France,Male,34,9,170625.39,2,0,1,21.1,0
15003295,Cust03295,679,Spain,Male,54,3,11109.62,2,0,0,145.75,0
15003296,Cust03296,611,Germany,Female,42,0,62311.07,2,1,0,119.61,1
15003297,Cust03297,665,Germany,Female,43,6,0.0,2,0,1,59.77,0
15003298,Cust03298,636,France,Male,34,0,10141.1,1,1,1,67.53,0
15003299,Cust03299,717,France,Male,41,2,159914.0,2,0,0,181.4,0
15003300,Cust03300,661,Germany,Female,37,9,119436.91,2,0,0,179.56,0
15003301,Cust03301,802,France,Female,26,6,0.0,2,1,1,19.6,0
15003302,Cust03302,538,Spain,Male,45,7,64554.12,2,0,1,157.2,0
15003303,Cust03303,631,France,Female,43,1,12887.13,1,0,0,40.85,1
15003304,Cust03304,762,Germany,Female,41,1,67412.94,2,1,1,66.08,0
15003305,Cust03305,653,France,Female,37,0,48520.44,1,1,0,26.98,0
15003306,Cust03306,661,France,Male,40,1,27614.91,2,1,1,59.48,0
15003307,Cust03307,658,Spain,Female,34,9,127966.99,2,0,1,72.57,0
15003308,Cust03308,641,France,Female,34,1,131083.71,1,0,0,112.1,1
15003309,Cust03309,704,Germany,Female,38,0,43458.71,4,1,1,70.36,1
15003310,Cust03310,777,Spain,Male,30,4,9585.92,2,1,1,49.64,0
15003311,Cust03311,762,France,Male,46,9,77271.11,1,1,0,18.06,0
15003312,Cust03312,502,France,Female,38,4,32404.3,1,0,1,122.13,0
15003313,Cust03313,629,France,Male,45,2,96110.69,1,0,1,18.76,0
15003314,Cust03314,580,Spain,Female,32,9,22735.54,2,0,0,55.0,1
15003315,Cust03315,615,Spain,Female,34,0,59474.07,2,1,0,187.52,0
15003316,Cust03316,666,Spain,Female,33,1,61815.37,2,0,1,57.54,0
15003317,Cust03317,770,France,Female,34,3,147837.36,1,0,0,60.67,0
15003318,Cust03318,506,Germany,Female,41,3,49046.43,1,1,0,158.17,0
15003319,Cust03319,612,Germany,Male,38,7,75522.06,2,0,1,73.25,1
15003320,Cust03320,641,Spain,Female,36,10,50129.55,2,1,1,72.78,0
15003321,Cust03321,633,Germany,Male,25,6,49041.12,2,0,0,58.67,0
15003322,Cust03322,675,Germany,Male,49,3,9650.18,3,0,1,62.75,0
15003323,Cust03323,640,France,Male,41,0,0.0,1,0,0,55.89,1
15003324,Cust03324,540,France,Female,60,5,0.0,4,1,0,156.91,0
15003325,Cust03325,850,Germany,Male,41,2,51739.41,1,0,0,154.62,1
15003326,Cust03326,675,France,Female,24,6,164030.36,2,0,1,22.25,1
15003327,Cust03327,715,France,Male,20,0,107334.12,1,1,1,137.17,0
15003328,Cust03328,573,France,Male,18,2,166977.31,1,0,1,103.15,1
15003329,Cust03329,639,Germany,Male,38,9,122725.95,1,0,0,143.44,0
15003330,Cust03330,616,France,Male,50,1,53263.5,3,0,0,168.81,1
15003331,Cust03331,687,France,Female,47,3,98641.22,1,0,0,179.67,1
15003332,Cust03332,810,France,Male,62,8,89551.27,1,0,0,73.63,1
15003333,Cust03333,715,Spain,Female,21,5,172545.57,2,1,1,193.35,0
15003334,Cust03334,703,France,Male,39,8,179906.96,1,1,1,12.43,0
15003335,Cust03335,635,France,Female,42,9,91022.05,2,1,0,11.83,0
15003336,Cust03336,691,Spain,Female,21,3,0.0,1,1,1,22.56,0
15003337,Cust03337,678,Germany,Male,36,4,55155.37,2,1,0,84.98,0
15003338,Cust03338,640,Germany,Female,38,6,195614.74,2,0,1,160.69,0
15003339,Cust03339,832,Germany,Female,36,5,16145.43,2,0,1,163.9,0
15003340,Cust03340,615,Germany,Male,38,5,109876.74,2,0,1,151.95,0
15003341,Cust03341,796,France,Female,22,5,63535.6,1,1,1,174.56,0
15003342,Cust03342,606,Germany,Female,32,6,150244.29,1,1,0,114.58,0
15003343,Cust03343,615,Spain,Female,18,2,161905.66,2,1,0,31.71,1
15003344,Cust03344,686,France,Female,48,7,169572.88,3,0,1,131.84,1
15003345,Cust03345,710,France,Male,39,10,176116.56,2,1,0,129.08,0
15003346,Cust03346,644,Spain,Male,43,5,51196.44,1,1,1,154.98,0
15003347,Cust03347,637,Spain,Female,28,3,55351.53,2,0,1,33.95,0
15003348,Cust03348,494,France,Male,37,4,107138.55,2,0,0,141.13,0
15003349,Cust03349,659,France,Male,36,10,84156.2,3,0,0,61.07,1
15003350,Cust03350,697,Germany,Male,29,7,116151.57,1,0,0,57.85,0
15003351,Cust03351,643,France,Male,49,6,88494.84,1,0,0,133.0,0
15003352,Cust03352,802,France,Female,39,7,20597.98,3,0,0,123.52,1
15003353,Cust03353,688,France,Male,18,1,67308.97,1,0,1,100.2,0
15003354,Cust03354,652,France,Female,48,7,54106.55,1,1,1,19.46,0
15003355,Cust03355,618,Spain,Male,30,6,144737.81,2,1,1,100.21,0
15003356,Cust03356,698,France,Male,25,9,64592.7,1,0,1,54.46,1
15003357,Cust03357,543,France,Female,26,8,28311.94,2,0,0,167.89,1
15003358,Cust03358,725,France,Female,46,4,279615.33,2,0,1,82.25,0
15003359,Cust03359,804,Spain,Female,35,10,129879.94,2,0,0,182.71,0
15003360,Cust03360,511,Spain,Male,33,1,68957.92,3,0,0,186.82,1
15003361,Cust03361,638,Germany,Male,59,1,17624.9,1,0,1,189.55,0
15003362,Cust03362,645,France,Male,27,3,16388.75,1,1,1,47.37,0
15003363,Cust03363,840,Germany,Female,45,7,137708.78,2,0,1,78.03,0
15003364,Cust03364,845,France,Male,57,9,0.0,2,1,0,67.23,0
15003365,Cust03365,668,Germany,Female,33,7,64537.74,2,0,0,58.76,0
15003366,Cust03366,794,Germany,Male,22,1,0.0,1,1,0,124.72,0
15003367,Cust03367,646,France,Female,51,10,58564.83,2,0,0,101.01,1
15003368,Cust03368,608,Spain,Female,40,6,85052.66,3,1,0,133.77,0
15003369,Cust03369,665,France,Male,22,3,211881.57,1,0,0,117.56,0
15003370,Cust03370,611,Germany,Female,36,4,0.0,2,0,0,182.91,1
15003371,Cust03371,675,France,Female,42,0,24866.49,2,0,1,70.01,0
15003372,Cust03372,657,Germany,Male,45,3,39621.82,3,1,0,133.03,1
15003373,Cust03373,824,Germany,Male,40,1,114399.66,2,0,0,198.88,0
15003374,Cust03374,712,Germany,Male,41,9,156472.29,2,0,0,21.62,1
15003375,Cust03375,746,France,Male,45,2,120830.36,4,0,1,53.77,1
15003376,Cust03376,641,France,Female,25,10,0.0,1,0,1,74.9,0
15003377,Cust03377,685,France,Male,50,6,0.0,2,1,1,35.77,0
15003378,Cust03378,454,Germany,Male,41,9,88279.53,1,0,0,78.97,0
15003379,Cust03379,557,France,Male,27,10,136470.82,4,0,1,146.04,1
15003380,Cust03380,617,Spain,Male,39,5,180324.15,1,0,0,187.17,0
15003381,Cust03381,669,France,Female,65,3,77517.74,1,1,1,68.22,0
15003382,Cust03382,552,France,Male,22,6,174875.24,2,1,1,94.2,0
15003383,Cust03383,567,France,Female,35,4,81927.67,2,0,0,75.02,0
15003384,Cust03384,671,France,Male,35,7,51918.5,2,1,1,55.59,0
15003385,Cust03385,531,Spain,Male,53,0,57208.25,1,0,1,185.54,0
15003386,Cust03386,702,France,Female,42,3,81975.38,1,1,0,158.83,0
15003387,Cust03387,676,France,Male,25,7,154339.42,1,1,0,83.11,0
15003388,Cust03388,696,France,Female,39,0,42171.92,1,0,1,129.88,1
15003389,Cust03389,515,France,Female,39,10,0.0,3,0,0,44.37,1
15003390,Cust03390,781,Germany,Female,48,2,66000.3,1,1,0,160.6,0
15003391,Cust03391,612,France,Female,43,6,9072.62,2,0,1,198.64,0
15003392,Cust03392,592,Germany,Male,39,7,13075.17,1,0,0,14.27,0
15003393,Cust03393,541,France,Male,42,1,98214.59,1,0,0,59.88,1
15003394,Cust03394,653,Spain,Male,29,2,209747.39,2,1,0,182.68,0
15003395,Cust03395,765,France,Male,57,8,3436.22,1,1,0,83.93,1
15003396,Cust03396,605,France,Female,22,7,27504.87,2,0,0,122.71,0
15003397,Cust03397,580,Germany,Male,25,3,0.0,1,0,1,129.82,1
15003398,Cust03398,601,Germany,Female,31,2,177677.31,1,0,0,105.93,0
15003399,Cust03399,673,France,Male,43,10,0.0,2,1,1,178.05,0
15003400,Cust03400,664,France,Female,39,8,96278.66,1,0,0,55.33,0
15003401,Cust03401,669,France,Female,43,1,5907.73,2,1,0,152.08,0
15003402,Cust03402,523,Spain,Male,44,8,0.0,2,0,1,194.39,0
15003403,Cust03403,736,Spain,Female,18,4,126687.14,2,0,0,11.27,1
15003404,Cust03404,445,Spain,Male,47,0,95020.98,1,1,1,152.18,0
15003405,Cust03405,651,Spain,Male,26,10,86565.76,4,1,0,26.13,0
15003406,Cust03406,588,France,Female,44,4,83487.77,3,0,1,196.79,0
15003407,Cust03407,711,France,Female,48,8,49292.16,1,1,1,79.27,0
15003408,Cust03408,632,Spain,Female,33,0,73379.38,2,1,0,81.81,0
15003409,Cust03409,661,Spain,Female,24,9,124699.92,3,0,1,92.65,0
15003410,Cust03410,480,France,Female,31,0,0.0,1,0,1,153.94,0
15003411,Cust03411,711,France,Male,37,7,810.08,2,1,1,111.03,0
15003412,Cust03412,683,France,Female,64,2,58727.75,1,0,0,108.57,0
15003413,Cust03413,739,Spain,Female,39,9,59899.41,2,0,0,76.23,0
15003414,Cust03414,402,Spain,Female,21,3,43780.18,2,1,0,43.62,0
15003415,Cust03415,660,Germany,Female,42,4,73627.8,1,1,0,19.6,1
15003416,Cust03416,435,Germany,Male,44,8,0.0,1,0,0,161.39,0
15003417,Cust03417,621,Germany,Male,30,3,37243.34,1,0,0,104.79,1
15003418,Cust03418,719,France,Male,45,4,135846.39,1,1,1,134.23,0
15003419,Cust03419,791,Germany,Male,18,5,158002.31,2,1,1,193.77,0
15003420,Cust03420,729,Germany,Male,45,6,2477.16,1,1,1,76.2,1
15003421,Cust03421,540,France,Female,47,7,15601.62,1,0,0,109.54,0
15003422,Cust03422,532,Spain,Female,47,10,207299.26,2,1,0,124.16,0
15003423,Cust03423,565,Germany,Female,49,10,14324.15,2,0,1,163.32,1
15003424,Cust03424,750,France,Male,26,9,143609.27,1,0,0,135.96,0
15003425,Cust03425,585,France,Female,27,2,175116.15,2,0,0,85.63,0
15003426,Cust03426,673,France,Male,32,1,92356.78,1,0,0,141.9,0
15003427,Cust03427,571,France,Male,35,7,127608.83,2,0,1,171.03,0
15003428,Cust03428,565,France,Female,46,0,108537.14,4,0,0,138.36,1
15003429,Cust03429,580,Spain,Female,23,8,71554.21,2,1,0,148.86,1
15003430,Cust03430,509,France,Male,24,10,24645.24,2,0,0,118.25,0
15003431,Cust03431,573,France,Male,32,7,104220.89,2,0,0,26.54,1
15003432,Cust03432,597,Spain,Male,18,9,152686.06,2,1,0,113.56,0
15003433,Cust03433,677,France,Female,37,6,43303.47,2,1,1,83.25,1
15003434,Cust03434,561,Spain,Female,38,9,0.0,1,1,0,107.46,1
15003435,Cust03435,614,France,Female,36,3,21026.77,1,0,0,74.9,0
15003436,Cust03436,554,Spain,Female,30,7,142862.42,3,0,1,178.54,0
15003437,Cust03437,767,France,Female,24,3,195433.42,1,0,1,56.18,0
15003438,Cust03438,625,France,Male,18,1,54839.12,2,1,1,77.29,0
15003439,Cust03439,754,Spain,Female,36,0,138802.46,1,1,1,129.16,1
15003440,Cust03440,646,France,Male,37,8,125924.87,1,1,1,114.37,0
15003441,Cust03441,701,France,Male,31,9,96581.76,1,0,0,44.59,1
15003442,Cust03442,732,France,Female,43,10,204336.76,2,1,0,114.04,0
15003443,Cust03443,510,Germany,Female,58,3,36978.8,1,0,0,31.5,1
15003444,Cust03444,556,France,Female,49,9,183750.1,1,0,1,41.42,0
15003445,Cust03445,801,Spain,Female,23,10,170734.86,2,1,0,126.91,0
15003446,Cust03446,850,France,Female,34,2,90791.1,2,0,0,114.22,1
15003447,Cust03447,547,Germany,Male,28,7,74779.79,2,0,0,41.2,0
15003448,Cust03448,690,Spain,Male,34,3,66508.81,1,1,1,193.14,0
15003449,Cust03449,725,Spain,Female,43,6,210568.04,2,0,1,165.15,0
15003450,Cust03450,700,Spain,Female,47,1,224703.86,2,0,1,107.34,0
15003451,Cust03451,605,Spain,Female,27,3,41974.09,3,0,0,180.32,1
15003452,Cust03452,694,Germany,Male,41,6,119302.36,2,0,1,196.55,0
15003453,Cust03453,842,France,Female,38,3,36555.7,2,1,0,143.04,0
15003454,Cust03454,614,France,Female,43,5,139833.15,3,0,0,165.58,0
15003455,Cust03455,521,Germany,Female,32,5,29637.32,3,1,1,19.19,0
15003456,Cust03456,836,France,Female,21,8,26231.25,1,1,0,163.2,1
15003457,Cust03457,790,Germany,Female,33,5,85518.76,2,0,1,45.07,0
15003458,Cust03458,584,France,Male,52,6,172619.81,2,1,1,157.31,0
15003459,Cust03459,850,Germany,Male,39,2,78440.06,2,0,1,51.66,0
15003460,Cust03460,513,Germany,Female,50,7,82871.86,1,0,1,199.74,0
15003461,Cust03461,658,Spain,Male,41,4,0.0,2,1,0,54.87,1
15003462,Cust03462,555,Spain,Female,31,6,42096.02,2,1,0,74.48,1
15003463,Cust03463,646,Germany,Female,51,7,96312.83,2,0,1,90.97,0
15003464,Cust03464,644,Germany,Female,48,2,184158.72,1,1,0,119.48,0
15003465,Cust03465,625,France,Male,19,1,105936.62,1,0,0,38.51,1
15003466,Cust03466,412,Spain,Male,65,0,97684.36,3,1,1,29.14,1
15003467,Cust03467,725,Germany,Female,49,6,45341.13,2,1,0,133.55,1
15003468,Cust03468,649,France,Male,32,10,103153.04,1,1,0,104.23,1
15003469,Cust03469,644,France,Male,36,2,105928.19,1,0,1,37.57,0
15003470,Cust03470,754,France,Female,35,4,78081.19,2,0,0,188.85,0
15003471,Cust03471,531,France,Female,36,10,76932.1,2,0,0,51.73,0
15003472,Cust03472,674,Spain,Female,45,7,125112.52,2,0,0,40.81,0
15003473,Cust03473,712,Germany,Female,28,9,157006.35,3,1,0,122.02,1
15003474,Cust03474,760,Germany,Female,53,4,0.0,2,0,0,91.0,0
15003475,Cust03475,581,France,Female,37,1,53270.64,3,0,1,186.86,1
15003476,Cust03476,571,Spain,Male,40,1,19927.17,1,1,1,178.26,0
15003477,Cust03477,824,France,Male,45,8,0.0,2,0,0,113.95,1
15003478,Cust03478,698,Spain,Male,37,4,39671.05,1,0,0,70.83,0
15003479,Cust03479,849,France,Female,45,1,145995.32,2,1,0,140.13,0
15003480,Cust03480,542,Spain,Female,35,8,91207.17,2,1,1,26.08,0
15003481,Cust03481,657,France,Male,34,3,86013.84,1,0,0,185.02,0
15003482,Cust03482,763,Spain,Female,41,6,24005.33,1,0,1,101.96,0
15003483,Cust03483,635,France,Female,47,0,75140.55,1,0,0,191.62,0
15003484,Cust03484,478,Germany,Male,40,6,43886.03,2,0,1,54.94,0
15003485,Cust03485,725,France,Male,26,5,0.0,2,1,1,128.3,0
15003486,Cust03486,790,Spain,Female,47,1,86351.99,1,1,1,164.93,0
15003487,Cust03487,741,Spain,Male,31,10,82613.52,1,1,0,59.25,0
15003488,Cust03488,652,France,Female,42,0,267988.51,1,0,1,184.31,0
15003489,Cust03489,656,France,Male,39,9,153926.44,1,1,1,108.69,0
15003490,Cust03490,505,Spain,Male,39,5,84068.03,3,0,0,182.81,1
15003491,Cust03491,532,France,Male,31,1,108067.03,2,1,1,163.73,0
15003492,Cust03492,787,France,Female,42,8,141517.29,2,1,1,100.46,0
15003493,Cust03493,580,Spain,Male,47,0,65854.71,2,0,0,109.14,1
15003494,Cust03494,524,Spain,Male,38,2,83139.44,3,1,0,185.28,0
15003495,Cust03495,725,France,Male,31,4,114779.51,1,1,0,110.67,1
15003496,Cust03496,733,France,Female,29,4,157232.08,1,0,0,117.66,0
15003497,Cust03497,633,France,Male,18,0,133105.29,2,1,0,133.49,0
15003498,Cust03498,456,Germany,Female,47,3,3656.99,2,0,1,70.42,0
15003499,Cust03499,479,France,Male,37,1,26535.03,2,1,0,104.43,0
15003500,Cust03500,659,Spain,Female,50,10,43134.45,2,1,0,126.88,1
15003501,Cust03501,658,Spain,Male,28,7,49823.56,3,0,0,38.11,1
15003502,Cust03502,701,France,Female,48,2,105729.65,1,1,1,143.29,1
15003503,Cust03503,669,Spain,Male,44,5,70861.01,2,1,1,147.7,0
15003504,Cust03504,723,France,Female,32,1,61095.29,2,1,0,140.79,0
15003505,Cust03505,653,Spain,Female,35,5,78099.97,2,1,1,73.76,0
15003506,Cust03506,511,France,Female,30,8,84387.52,2,0,1,165.5,0
15003507,Cust03507,665,France,Female,34,2,61038.48,1,1,0,107.58,0
15003508,Cust03508,558,France,Female,29,3,83533.19,2,0,0,16.92,1
15003509,Cust03509,698,France,Male,33,4,80797.21,1,0,1,119.37,1
15003510,Cust03510,738,Spain,Female,46,10,181868.03,1,0,0,35.79,1
15003511,Cust03511,747,Germany,Male,44,1,120986.59,3,1,0,130.72,0
15003512,Cust03512,505,France,Male,44,6,8937.63,2,0,1,136.21,1
15003513,Cust03513,607,Spain,Male,39,6,80258.2,1,0,1,144.48,0
15003514,Cust03514,492,Germany,Female,18,8,45932.76,3,0,0,69.99,1
15003515,Cust03515,556,Spain,Male,54,5,0.0,2,0,0,164.69,1
15003516,Cust03516,677,Spain,Female,30,9,118314.33,1,1,1,137.04,0
15003517,Cust03517,508,Germany,Female,63,10,101044.31,1,1,0,28.27,0
15003518,Cust03518,651,France,Male,33,1,161008.13,3,1,0,59.05,0
15003519,Cust03519,690,France,Female,44,2,169883.35,2,0,1,112.95,0
15003520,Cust03520,577,France,Male,37,7,24639.0,2,1,0,116.88,1
15003521,Cust03521,700,France,Male,43,0,223845.06,2,0,0,12.45,0
15003522,Cust03522,592,Spain,Male,47,5,64095.92,1,0,1,136.09,0
15003523,Cust03523,781,Germany,Female,29,1,45727.03,1,0,0,95.88,0
15003524,Cust03524,633,Spain,Male,26,3,41258.1,1,1,0,193.66,0
15003525,Cust03525,367,Spain,Male,39,0,98471.95,1,0,0,188.98,0
15003526,Cust03526,694,Spain,Male,30,1,15708.06,2,0,0,73.65,0
15003527,Cust03527,632,France,Male,48,2,134191.41,2,0,1,91.34,0
15003528,Cust03528,745,France,Female,36,8,0.0,2,0,0,161.34,0
15003529,Cust03529,704,France,Female,36,3,0.0,2,1,1,57.72,1
15003530,Cust03530,433,Germany,Female,33,2,54424.65,2,0,0,108.36,1
15003531,Cust03531,684,France,Female,35,8,66315.98,1,1,1,175.49,0
15003532,Cust03532,656,Germany,Female,36,0,89481.22,2,0,0,26.72,0
15003533,Cust03533,671,Germany,Male,37,0,101583.76,4,0,0,41.76,1
15003534,Cust03534,703,Spain,Female,36,3,161567.64,2,1,0,183.31,1
15003535,Cust03535,684,Spain,Male,47,4,152018.48,1,1,0,167.36,0
15003536,Cust03536,811,France,Female,59,10,64671.46,1,0,1,55.78,0
15003537,Cust03537,529,France,Male,48,8,36912.4,2,1,0,142.68,0
15003538,Cust03538,580,Spain,Male,46,6,93511.89,3,1,1,181.78,1
15003539,Cust03539,605,Spain,Female,31,10,148778.21,1,1,0,191.33,0
15003540,Cust03540,556,France,Female,46,6,10804.05,1,0,0,12.43,0
15003541,Cust03541,627,France,Female,37,5,28142.8,1,0,1,114.63,0
15003542,Cust03542,694,Spain,Female,29,9,203353.93,2,0,1,70.93,0
15003543,Cust03543,718,France,Female,29,2,101929.33,1,1,1,164.65,0
15003544,Cust03544,548,Spain,Male,41,8,0.0,1,0,1,95.92,1
15003545,Cust03545,694,France,Female,39,1,96437.28,2,0,1,186.44,0
15003546,Cust03546,623,Spain,Male,51,9,37321.9,1,0,1,32.9,0
15003547,Cust03547,622,France,Male,49,8,132354.12,2,0,0,64.95,0
15003548,Cust03548,749,France,Female,18,0,35210.29,1,1,0,15.12,1
15003549,Cust03549,668,Spain,Female,41,4,101177.28,2,0,1,136.0,0
15003550,Cust03550,608,Germany,Female,18,10,133927.33,2,0,0,95.07,0
15003551,Cust03551,677,Germany,Male,52,0,72087.95,1,0,1,30.89,0
15003552,Cust03552,562,France,Female,66,10,119470.13,1,1,0,109.88,0
15003553,Cust03553,655,Germany,Female,39,10,25586.31,2,1,0,118.88,0
15003554,Cust03554,664,France,Male,47,6,23336.12,2,0,0,36.9,0
15003555,Cust03555,664,Germany,Male,28,7,77704.23,2,0,0,99.72,0
15003556,Cust03556,543,Germany,Female,41,10,119225.32,2,0,1,25.63,0
15003557,Cust03557,611,Spain,Female,40,3,157687.53,2,1,0,114.21,0
15003558,Cust03558,746,France,Male,48,10,0.0,2,1,1,115.77,0
15003559,Cust03559,783,Germany,Female,21,6,100895.4,2,1,1,38.1,1
15003560,Cust03560,590,France,Female,29,3,206841.24,1,1,1,184.16,0
15003561,Cust03561,669,France,Female,53,1,97850.22,1,1,1,161.15,0
15003562,Cust03562,592,Germany,Male,19,10,92510.31,2,1,0,192.53,0
15003563,Cust03563,686,Spain,Male,28,10,123085.41,3,1,1,74.13,0
15003564,Cust03564,630,Germany,Female,49,3,83513.29,1,1,1,77.63,0
15003565,Cust03565,701,France,Male,42,10,90665.62,2,1,1,149.07,0
15003566,Cust03566,634,France,Female,45,3,130784.72,1,1,0,130.2,0
15003567,Cust03567,686,Spain,Female,25,3,179403.47,2,1,1,26.78,0
15003568,Cust03568,504,France,Male,18,4,85230.97,1,0,1,63.1,0
15003569,Cust03569,542,France,Male,42,8,45112.1,1,1,0,102.55,0
15003570,Cust03570,614,France,Female,40,3,155228.34,1,0,0,72.34,0
15003571,Cust03571,658,France,Female,30,2,119831.21,2,1,1,127.46,0
15003572,Cust03572,733,Germany,Male,44,3,115549.7,2,0,0,143.09,0
15003573,Cust03573,765,France,Female,56,1,151013.43,1,0,0,171.51,1
15003574,Cust03574,614,France,Male,47,8,13655.53,1,0,1,55.26,0
15003575,Cust03575,774,France,Female,18,9,100888.64,1,0,0,199.46,0
15003576,Cust03576,757,Spain,Female,43,3,100191.94,1,0,0,74.13,1
15003577,Cust03577,763,Spain,Male,26,4,140379.93,4,0,1,114.69,0
15003578,Cust03578,723,Germany,Female,57,2,43470.54,2,1,0,183.97,0
15003579,Cust03579,596,France,Male,21,8,50099.18,1,0,0,11.79,0
15003580,Cust03580,698,Spain,Female,56,4,115806.8,1,0,1,70.08,0
15003581,Cust03581,552,France,Male,38,9,86564.86,2,0,0,98.23,0
15003582,Cust03582,567,France,Female,30,5,113173.87,2,1,0,51.24,0
15003583,Cust03583,565,Spain,Female,31,2,0.0,2,0,1,39.09,0
15003584,Cust03584,636,France,Female,35,6,82481.62,1,0,0,111.75,0
15003585,Cust03585,572,Germany,Female,56,6,106827.51,2,0,1,90.1,1
15003586,Cust03586,779,France,Female,35,0,0.0,2,0,1,110.01,0
15003587,Cust03587,683,France,Male,45,6,108300.57,2,0,1,152.9,0
15003588,Cust03588,795,Germany,Male,26,9,18923.84,2,0,1,26.18,0
15003589,Cust03589,727,Germany,Female,20,5,152401.6,1,1,0,16.81,0
15003590,Cust03590,680,France,Female,38,7,160738.3,1,0,0,123.72,0
15003591,Cust03591,791,France,Male,28,8,79449.07,3,0,1,121.17,0
15003592,Cust03592,761,Germany,Male,45,10,119365.91,1,0,0,154.87,1
15003593,Cust03593,464,Spain,Male,32,6,0.0,1,0,0,157.69,0
15003594,Cust03594,663,Germany,Male,42,1,230089.46,1,0,1,53.6,0
15003595,Cust03595,722,France,Female,41,7,213.51,1,0,0,91.63,0
15003596,Cust03596,720,France,Male,18,4,113112.9,2,0,0,158.87,0
15003597,Cust03597,729,Spain,Female,31,3,162053.87,1,1,0,153.06,0
15003598,Cust03598,478,France,Male,35,10,103422.73,2,0,1,44.5,0
15003599,Cust03599,657,Spain,Male,29,5,0.0,1,0,0,104.07,0
15003600,Cust03600,507,Germany,Male,50,6,42695.82,3,1,0,79.5,0
15003601,Cust03601,596,France,Male,56,8,82651.72,1,1,0,33.88,0
15003602,Cust03602,604,France,Male,23,8,155664.84,2,0,0,79.12,1
15003603,Cust03603,723,Spain,Female,38,9,0.0,2,1,1,128.92,0
15003604,Cust03604,627,France,Female,27,1,159263.29,2,1,0,114.4,0
15003605,Cust03605,741,Spain,Female,43,0,56370.59,1,1,1,117.04,0
15003606,Cust03606,705,Spain,Male,41,5,165580.72,2,0,1,165.52,0
15003607,Cust03607,710,France,Male,55,0,0.0,1,1,0,22.73,0
15003608,Cust03608,797,Spain,Male,20,3,78035.82,2,1,1,123.54,0
15003609,Cust03609,731,France,Female,57,8,80613.21,1,1,0,105.24,1
15003610,Cust03610,658,Germany,Female,40,0,54064.97,2,0,1,86.87,0
15003611,Cust03611,733,Spain,Female,53,4,77191.57,2,0,0,114.94,0
15003612,Cust03612,791,Spain,Male,30,0,119163.76,1,0,0,61.98,0
15003613,Cust03613,614,France,Female,47,1,143595.15,1,1,1,160.75,1
15003614,Cust03614,597,Spain,Male,20,2,187583.77,1,0,0,135.57,0
15003615,Cust03615,736,France,Male,28,8,94364.43,2,0,1,158.62,0
15003616,Cust03616,507,Spain,Female,52,3,33495.62,1,0,0,40.31,0
15003617,Cust03617,739,Spain,Male,27,10,29444.18,3,1,0,163.21,0
15003618,Cust03618,710,Spain,Female,59,8,3044.71,2,1,1,53.71,0
15003619,Cust03619,540,France,Male,31,0,10817.6,1,0,1,12.35,0
15003620,Cust03620,436,France,Male,47,7,56410.24,3,1,0,165.07,1
15003621,Cust03621,439,France,Female,48,0,126896.33,2,1,0,52.77,1
15003622,Cust03622,850,France,Female,38,1,47892.09,2,0,1,156.89,0
15003623,Cust03623,607,France,Female,30,5,122017.02,1,1,0,153.43,0
15003624,Cust03624,523,France,Female,53,1,169699.55,2,1,1,196.56,0
15003625,Cust03625,722,France,Female,49,10,126985.22,2,1,0,23.43,0
15003626,Cust03626,470,France,Female,45,6,70258.84,1,1,1,137.97,0
15003627,Cust03627,553,France,Male,37,0,14545.96,1,1,0,57.08,0
15003628,Cust03628,717,France,Female,33,4,0.0,2,0,0,54.48,0
15003629,Cust03629,596,France,Female,62,10,113586.71,1,0,1,185.24,0
15003630,Cust03630,644,France,Female,28,2,63418.71,2,0,0,195.42,1
15003631,Cust03631,407,Germany,Male,33,1,81582.58,2,1,0,26.42,0
15003632,Cust03632,640,France,Male,32,5,120536.56,1,0,0,125.57,0
15003633,Cust03633,610,Germany,Female,58,3,97133.61,2,1,1,180.44,0
15003634,Cust03634,540,Germany,Female,32,5,78474.22,1,1,1,31.28,0
15003635,Cust03635,663,France,Male,29,0,0.0,1,0,1,196.69,0
15003636,Cust03636,459,Germany,Male,24,6,94610.85,2,0,1,29.69,0
15003637,Cust03637,550,France,Male,36,9,110931.42,1,0,1,23.27,0
15003638,Cust03638,666,France,Male,34,4,36522.71,1,1,0,54.47,0
15003639,Cust03639,770,Germany,Male,63,9,29890.61,1,1,0,90.73,1
15003640,Cust03640,599,France,Female,31,1,0.0,2,0,0,72.55,0
15003641,Cust03641,676,France,Female,47,10,57766.15,1,1,1,141.48,0
15003642,Cust03642,693,Spain,Female,26,9,26324.34,2,1,1,179.63,0
15003643,Cust03643,763,France,Male,33,2,122201.59,1,0,0,96.82,0
15003644,Cust03644,483,Germany,Female,38,6,82886.18,1,0,0,187.07,0
15003645,Cust03645,686,Germany,Male,64,6,46976.28,1,0,1,101.62,0
15003646,Cust03646,741,France,Female,35,3,174312.11,2,0,1,25.5,0
15003647,Cust03647,580,France,Female,59,7,79438.11,2,1,0,43.65,0
15003648,Cust03648,666,France,Female,36,3,103398.35,2,0,0,114.04,0
15003649,Cust03649,850,Germany,Male,41,6,179858.06,2,0,0,187.26,1
15003650,Cust03650,620,France,Male,27,7,147496.52,1,1,1,123.66,0
15003651,Cust03651,850,Spain,Male,40,1,0.0,1,0,1,147.5,0
15003652,Cust03652,643,Germany,Male,39,1,131909.41,2,1,1,85.51,0
15003653,Cust03653,681,Germany,Male,36,4,105797.9,2,0,0,109.02,0
15003654,Cust03654,614,France,Female,54,4,186485.49,1,1,0,198.77,1
15003655,Cust03655,433,France,Male,37,10,166733.01,2,0,0,172.97,0
15003656,Cust03656,585,France,Male,50,9,168034.91,2,0,1,31.38,0
15003657,Cust03657,694,Germany,Male,36,7,91914.48,2,0,0,78.14,1
15003658,Cust03658,797,Germany,Male,28,10,155381.83,2,1,1,192.48,0
15003659,Cust03659,809,Germany,Male,28,2,82898.65,2,1,0,148.88,1
15003660,Cust03660,714,Spain,Male,49,9,117325.64,2,1,1,180.88,1
15003661,Cust03661,650,France,Female,27,5,87953.53,1,1,1,97.78,0
15003662,Cust03662,600,France,Male,57,0,94711.1,2,1,1,80.72,0
15003663,Cust03663,456,Spain,Male,25,10,21402.4,2,1,1,134.29,0
15003664,Cust03664,586,Spain,Female,47,2,128986.89,2,0,0,132.24,0
15003665,Cust03665,565,France,Male,31,5,47357.51,2,0,1,158.88,0
15003666,Cust03666,704,France,Male,44,3,104784.35,3,1,0,32.97,0
15003667,Cust03667,612,France,Female,50,2,0.0,1,0,1,34.47,0
15003668,Cust03668,573,Spain,Male,38,4,73101.53,1,0,0,85.01,0
15003669,Cust03669,774,Germany,Male,21,9,0.0,2,0,0,19.57,0
15003670,Cust03670,786,Germany,Male,30,3,22714.83,1,1,0,80.72,1
15003671,Cust03671,702,Spain,Female,55,4,0.0,1,1,1,190.68,1
15003672,Cust03672,511,Germany,Male,39,2,0.0,2,0,1,198.06,1
15003673,Cust03673,685,Spain,Female,46,6,201190.35,1,0,0,130.84,0
15003674,Cust03674,593,Spain,Male,44,5,209190.83,1,1,0,104.91,0
15003675,Cust03675,645,Spain,Male,18,4,0.0,2,0,0,14.08,0
15003676,Cust03676,478,France,Female,23,4,87361.0,2,0,1,166.48,0
15003677,Cust03677,563,Germany,Male,29,8,57680.19,3,0,1,192.12,0
15003678,Cust03678,574,Spain,Male,52,0,11685.78,2,1,1,199.03,0
15003679,Cust03679,620,France,Male,51,0,91176.65,2,0,0,47.39,0
15003680,Cust03680,599,Spain,Female,39,9,0.0,2,1,0,184.68,0
15003681,Cust03681,790,Spain,Male,28,3,97638.76,2,0,1,106.67,1
15003682,Cust03682,683,France,Male,70,9,36947.05,2,0,1,118.63,1
15003683,Cust03683,671,Spain,Male,57,4,189432.88,1,1,0,139.98,0
15003684,Cust03684,653,France,Female,30,3,172307.99,1,1,0,64.06,0
15003685,Cust03685,693,France,Female,30,5,98328.12,1,1,1,122.73,0
15003686,Cust03686,552,France,Male,46,8,15047.6,1,1,1,157.29,1
15003687,Cust03687,556,France,Male,35,6,121683.9,3,0,1,22.91,0
15003688,Cust03688,681,France,Male,40,5,130590.16,2,0,1,161.56,0
15003689,Cust03689,608,Germany,Female,34,9,90354.16,1,1,0,83.02,1
15003690,Cust03690,587,France,Female,53,4,102472.99,1,1,0,194.78,0
15003691,Cust03691,522,France,Female,39,0,144685.04,1,0,0,65.63,1
15003692,Cust03692,515,Germany,Female,24,4,112910.04,1,1,0,72.74,0
15003693,Cust03693,697,Germany,Female,34,10,114333.94,1,1,1,46.29,0
15003694,Cust03694,629,Spain,Female,45,7,62097.06,1,0,1,186.93,0
15003695,Cust03695,533,Germany,Male,62,6,126177.28,2,0,1,101.75,0
15003696,Cust03696,832,Germany,Male,42,0,25806.86,3,0,1,101.65,0
15003697,Cust03697,577,Germany,Female,32,1,194995.44,1,1,1,74.05,0
15003698,Cust03698,693,Spain,Male,19,10,133231.41,1,1,0,15.36,0
15003699,Cust03699,592,France,Female,33,4,67734.42,2,0,0,197.5,0
15003700,Cust03700,748,France,Female,33,9,20946.3,2,1,1,80.88,1
15003701,Cust03701,766,Germany,Female,18,5,176276.24,2,0,1,33.26,0
15003702,Cust03702,698,France,Male,27,7,145293.21,1,0,0,126.67,0
15003703,Cust03703,600,Spain,Female,49,2,0.0,2,1,0,43.25,0
15003704,Cust03704,701,Spain,Male,53,5,128415.21,2,0,1,165.25,0
15003705,Cust03705,726,Germany,Female,28,0,39608.59,4,0,1,194.69,0
15003706,Cust03706,575,Germany,Female,43,2,156216.7,2,1,0,13.48,0
15003707,Cust03707,592,Germany,Male,39,8,27482.44,2,0,1,92.09,0
15003708,Cust03708,559,Germany,Female,34,3,25739.23,1,1,0,130.36,1
15003709,Cust03709,694,Germany,Male,37,1,134509.5,2,0,1,85.11,0
15003710,Cust03710,553,France,Female,40,1,209319.27,3,0,0,15.73,0
15003711,Cust03711,511,Spain,Female,49,2,31254.82,3,1,1,194.61,1
15003712,Cust03712,562,France,Female,35,0,14641.12,2,1,1,144.62,0
15003713,Cust03713,642,France,Male,36,6,62970.35,1,1,1,125.71,0
15003714,Cust03714,703,Spain,Female,26,8,49122.27,2,1,0,129.57,1
15003715,Cust03715,556,Spain,Male,31,3,117475.8,1,1,1,138.91,1
15003716,Cust03716,600,Spain,Male,36,7,39501.11,2,0,1,146.0,0
15003717,Cust03717,405,Germany,Female,53,7,0.0,2,0,1,55.23,0
15003718,Cust03718,589,France,Female,26,7,69827.86,2,0,1,55.2,0
15003719,Cust03719,631,France,Female,45,5,133003.32,2,1,0,173.69,0
15003720,Cust03720,609,Germany,Female,19,2,138298.94,2,0,1,77.89,0
15003721,Cust03721,650,Germany,Male,29,3,217216.71,2,1,1,28.02,0
15003722,Cust03722,436,France,Female,38,2,146612.46,1,1,1,143.39,0
15003723,Cust03723,662,France,Female,29,5,46862.61,1,0,0,160.73,0
15003724,Cust03724,803,France,Male,18,10,109706.56,2,0,0,87.79,0
15003725,Cust03725,489,Spain,Male,29,9,22049.88,2,0,1,103.83,0
15003726,Cust03726,625,France,Male,30,3,208893.58,2,1,1,163.62,0
15003727,Cust03727,794,Germany,Female,39,10,0.0,2,1,0,71.1,1
15003728,Cust03728,552,France,Male,39,10,160276.07,1,1,1,156.32,0
15003729,Cust03729,584,Spain,Male,39,0,110956.63,1,0,0,39.05,1
15003730,Cust03730,683,Spain,Female,41,9,0.0,4,1,1,175.83,1
15003731,Cust03731,647,Spain,Female,36,5,40866.42,4,0,0,181.71,0
15003732,Cust03732,464,France,Male,33,7,0.0,2,1,1,186.99,0
15003733,Cust03733,654,France,Female,25,7,224366.76,1,0,1,42.87,0
15003734,Cust03734,626,Spain,Female,35,7,64737.02,2,1,1,185.03,0
15003735,Cust03735,658,Germany,Female,50,8,45583.06,2,0,1,61.89,0
15003736,Cust03736,593,France,Female,45,9,153224.52,2,0,0,135.51,0
15003737,Cust03737,850,France,Male,49,3,56620.2,1,0,0,153.68,0
15003738,Cust03738,699,Germany,Male,45,5,103156.33,1,1,0,35.55,0
15003739,Cust03739,681,France,Male,33,1,205348.37,1,1,0,193.28,1
15003740,Cust03740,832,France,Female,47,6,151334.07,1,1,1,81.27,0
15003741,Cust03741,481,France,Male,20,4,22132.45,2,1,0,87.93,0
15003742,Cust03742,802,France,Female,57,2,87903.61,1,1,1,60.82,0
15003743,Cust03743,574,France,Male,35,3,38289.17,2,1,0,178.25,0
15003744,Cust03744,561,Germany,Female,50,6,0.0,1,1,1,188.32,1
15003745,Cust03745,517,France,Male,53,5,87598.27,1,0,0,170.22,1
15003746,Cust03746,607,Spain,Male,18,4,84541.02,3,1,1,39.01,0
15003747,Cust03747,667,France,Male,39,9,64362.98,3,1,0,112.89,0
15003748,Cust03748,623,France,Female,22,5,161196.42,2,0,1,45.59,0
15003749,Cust03749,706,Spain,Male,25,2,68126.76,4,1,1,147.8,0
15003750,Cust03750,635,Spain,Male,29,6,148105.35,2,0,0,101.6,0
15003751,Cust03751,814,Germany,Male,45,9,51619.34,1,0,0,14.46,0
15003752,Cust03752,738,Germany,Male,41,4,125516.19,2,0,1,128.53,1
15003753,Cust03753,582,Spain,Male,48,4,110177.87,3,0,1,133.04,0
15003754,Cust03754,708,Spain,Male,18,0,53016.73,2,0,0,146.46,1
15003755,Cust03755,699,France,Female,44,3,63479.34,1,0,1,120.34,0
15003756,Cust03756,719,France,Male,26,1,110189.07,1,1,1,198.25,0
15003757,Cust03757,618,France,Male,41,5,59190.86,1,0,0,110.37,0
15003758,Cust03758,632,France,Female,46,7,0.0,2,0,0,22.73,0
15003759,Cust03759,704,Germany,Female,45,5,97066.55,2,1,1,96.62,0
15003760,Cust03760,663,France,Female,42,3,221257.13,2,1,1,145.36,0
15003761,Cust03761,645,France,Male,26,9,128571.58,2,0,1,164.01,0
15003762,Cust03762,767,Germany,Female,44,5,128147.06,1,1,1,143.5,0
15003763,Cust03763,735,Germany,Male,49,0,83784.63,1,0,1,95.85,0
15003764,Cust03764,613,France,Male,42,0,96704.59,1,0,0,37.19,0
15003765,Cust03765,721,France,Male,44,6,129325.27,2,1,0,35.81,1
15003766,Cust03766,449,France,Female,41,5,0.0,3,1,0,91.43,0
15003767,Cust03767,764,France,Female,54,2,107707.75,1,0,1,49.3,0
15003768,Cust03768,786,Germany,Male,52,0,0.0,1,0,0,181.33,0
15003769,Cust03769,838,Spain,Female,39,7,51442.79,1,0,1,73.03,1
15003770,Cust03770,772,France,Male,34,0,63967.03,1,1,1,183.33,0
15003771,Cust03771,551,Spain,Male,22,4,39000.11,2,1,0,81.39,1
15003772,Cust03772,850,France,Female,40,5,180532.43,1,0,1,77.68,0
15003773,Cust03773,638,Spain,Male,39,2,29079.62,3,1,0,37.04,0
15003774,Cust03774,583,France,Male,33,2,55244.05,2,0,1,128.7,1
15003775,Cust03775,491,Germany,Female,25,7,58638.5,1,1,1,106.65,1
15003776,Cust03776,635,Spain,Female,39,1,126210.46,2,1,1,29.03,0
15003777,Cust03777,495,Spain,Male,47,0,112320.4,1,1,1,175.79,0
15003778,Cust03778,625,France,Male,52,3,185324.53,2,1,1,45.33,0
15003779,Cust03779,429,France,Female,18,9,63415.96,2,0,0,88.55,1
15003780,Cust03780,628,Spain,Male,38,6,96370.91,2,0,0,152.52,0
15003781,Cust03781,622,Germany,Male,23,8,9628.5,1,1,1,148.36,0
15003782,Cust03782,764,France,Female,36,1,18054.25,2,0,0,81.61,0
15003783,Cust03783,635,France,Male,54,4,149454.12,2,1,0,149.68,0
15003784,Cust03784,474,Germany,Female,48,4,33600.67,1,0,1,42.46,0
15003785,Cust03785,727,Spain,Male,49,5,32858.54,1,1,0,137.79,0
15003786,Cust03786,828,Spain,Male,44,6,37850.54,2,0,1,159.03,0
15003787,Cust03787,748,France,Female,38,7,94719.76,1,1,1,49.32,0
15003788,Cust03788,511,Spain,Female,25,5,27060.15,1,0,0,185.78,0
15003789,Cust03789,585,Spain,Male,24,2,150160.29,2,0,0,176.78,0
15003790,Cust03790,542,France,Male,27,2,165921.1,1,0,0,32.34,0
15003791,Cust03791,794,Spain,Female,30,6,28336.46,2,1,1,119.62,0
15003792,Cust03792,836,France,Female,41,8,40017.99,1,1,1,154.23,0
15003793,Cust03793,719,Spain,Female,40,4,128892.84,2,1,1,198.15,0
15003794,Cust03794,674,France,Female,18,10,165985.28,1,1,1,147.36,0
15003795,Cust03795,820,Spain,Female,28,9,39832.74,2,1,1,21.19,0
15003796,Cust03796,663,France,Female,45,1,42218.06,3,0,1,72.64,0
15003797,Cust03797,742,France,Male,41,6,39534.51,1,0,0,80.57,0
15003798,Cust03798,525,Spain,Female,43,4,72636.21,1,1,1,172.15,0
15003799,Cust03799,586,France,Female,47,10,122097.66,1,0,1,159.3,0
15003800,Cust03800,759,Spain,Male,31,0,23056.41,3,0,0,122.51,1
15003801,Cust03801,625,Spain,Male,41,0,41013.22,2,1,0,67.64,0
15003802,Cust03802,759,France,Female,35,9,0.0,2,0,0,70.52,0
15003803,Cust03803,553,France,Female,48,8,0.0,2,0,1,29.62,0
15003804,Cust03804,842,Spain,Female,39,6,49474.28,1,0,1,51.0,0
15003805,Cust03805,574,Spain,Male,33,10,25887.64,2,0,1,155.75,1
15003806,Cust03806,673,France,Female,19,8,165703.02,1,1,0,68.0,0
15003807,Cust03807,553,France,Female,40,6,208193.08,4,1,0,27.95,0
15003808,Cust03808,705,France,Female,42,6,153868.1,2,1,0,89.32,0
15003809,Cust03809,615,Germany,Male,50,9,151205.0,2,1,1,39.17,0
15003810,Cust03810,566,Germany,Female,36,10,72793.79,2,1,0,146.98,1
15003811,Cust03811,446,France,Male,39,6,146190.01,3,1,0,19.84,1
15003812,Cust03812,744,Spain,Female,29,6,105193.87,1,0,1,98.14,0
15003813,Cust03813,606,France,Male,42,5,36305.71,3,0,0,131.23,0
15003814,Cust03814,559,Spain,Female,33,5,188992.73,2,0,0,175.49,0
15003815,Cust03815,564,France,Female,57,4,77970.6,1,1,1,101.58,0
15003816,Cust03816,634,Spain,Female,22,6,0.0,1,0,1,173.37,0
15003817,Cust03817,748,France,Male,28,9,106492.49,2,1,1,55.82,0
15003818,Cust03818,546,France,Female,45,4,22751.65,1,1,0,56.18,0
15003819,Cust03819,753,Spain,Female,25,4,97826.39,2,0,0,30.7,0
15003820,Cust03820,462,Spain,Female,45,4,15608.27,1,1,1,105.68,0
15003821,Cust03821,601,France,Male,43,7,69155.13,1,1,1,156.17,0
15003822,Cust03822,850,France,Male,24,10,35538.93,2,0,1,113.82,0
15003823,Cust03823,691,Spain,Male,44,5,117918.43,2,0,0,106.47,0
15003824,Cust03824,619,Germany,Female,44,9,109420.57,2,0,1,158.15,0
15003825,Cust03825,532,Germany,Male,39,4,39521.58,2,1,0,38.33,0
15003826,Cust03826,622,France,Male,38,0,26981.31,2,0,0,35.21,0
15003827,Cust03827,540,Spain,Female,27,7,44688.93,2,1,1,188.98,0
15003828,Cust03828,740,France,Female,24,8,158776.49,2,0,1,169.73,0
15003829,Cust03829,817,France,Female,43,6,85526.25,1,0,1,50.12,0
15003830,Cust03830,703,Germany,Female,48,4,78562.26,1,1,1,133.63,0
15003831,Cust03831,578,Spain,Female,52,2,37329.61,1,0,1,110.13,0
15003832,Cust03832,505,France,Male,43,10,61686.43,2,1,1,191.81,0
15003833,Cust03833,751,France,Female,40,5,19064.4,3,0,1,81.96,0
15003834,Cust03834,780,France,Female,32,10,96235.62,2,0,1,12.81,0
15003835,Cust03835,607,France,Female,38,7,89105.6,1,0,1,21.47,0
15003836,Cust03836,648,France,Female,48,10,108250.94,2,1,1,127.81,0
15003837,Cust03837,657,France,Male,44,4,46024.0,1,1,1,144.97,0
15003838,Cust03838,732,Germany,Male,43,7,178249.86,3,1,1,27.1,1
15003839,Cust03839,512,France,Male,32,9,0.0,2,0,0,124.12,1
15003840,Cust03840,495,France,Male,22,10,157915.09,2,0,1,36.15,0
15003841,Cust03841,727,Germany,Female,54,9,60274.29,2,1,0,91.41,0
15003842,Cust03842,466,France,Male,27,8,35815.79,1,0,1,38.06,0
15003843,Cust03843,835,France,Female,35,9,0.0,2,0,1,40.7,0
15003844,Cust03844,674,Spain,Female,45,3,62827.56,2,1,0,22.8,0
15003845,Cust03845,545,Spain,Female,45,8,4208.11,2,0,1,99.59,1
15003846,Cust03846,680,France,Male,37,4,15026.11,2,0,0,163.28,0
15003847,Cust03847,623,Germany,Male,50,9,46486.9,1,1,0,118.42,1
15003848,Cust03848,655,France,Female,28,2,151788.93,2,1,0,56.87,0
15003849,Cust03849,809,Germany,Male,18,5,0.0,2,1,1,182.11,0
15003850,Cust03850,831,Germany,Female,59,8,158481.3,3,0,0,60.5,0
15003851,Cust03851,521,Germany,Male,41,5,107421.76,2,1,1,112.56,0
15003852,Cust03852,795,France,Male,36,8,60177.22,1,1,0,68.78,0
15003853,Cust03853,687,Spain,Male,62,7,83775.34,2,1,0,108.68,1
15003854,Cust03854,797,Spain,Female,29,6,37428.1,3,0,0,81.44,0
15003855,Cust03855,566,Spain,Male,52,2,114070.25,1,0,1,114.61,0
15003856,Cust03856,850,Germany,Male,38,1,0.0,2,0,1,88.64,0
15003857,Cust03857,516,Germany,Female,33,5,146372.29,2,1,1,146.57,0
15003858,Cust03858,598,France,Male,32,2,63072.6,1,1,1,75.81,0
15003859,Cust03859,631,France,Male,44,8,72813.51,2,1,0,70.23,1
15003860,Cust03860,671,Germany,Male,41,8,202786.21,3,1,0,47.09,1
15003861,Cust03861,530,Spain,Male,18,9,43747.04,1,1,1,145.69,0
15003862,Cust03862,561,Spain,Female,38,7,139779.32,3,1,1,180.05,0
15003863,Cust03863,611,France,Male,64,4,74068.06,2,0,0,74.29,1
15003864,Cust03864,850,France,Male,59,1,0.0,1,1,0,93.72,0
15003865,Cust03865,569,Germany,Male,40,3,18672.07,1,1,1,139.84,0
15003866,Cust03866,727,France,Female,41,0,127322.06,2,0,1,81.64,0
15003867,Cust03867,568,France,Male,39,8,211008.36,1,1,1,39.34,0
15003868,Cust03868,570,Spain,Male,33,7,106722.02,1,1,0,148.01,0
15003869,Cust03869,541,France,Male,33,7,193232.11,1,1,1,36.56,0
15003870,Cust03870,705,Spain,Male,25,8,33037.52,1,0,0,143.37,1
15003871,Cust03871,610,Germany,Male,48,6,151669.54,2,1,1,152.39,1
15003872,Cust03872,597,France,Female,33,1,150599.19,2,0,1,55.7,1
15003873,Cust03873,561,Spain,Male,41,9,85645.93,2,1,1,22.08,0
15003874,Cust03874,575,Spain,Female,24,10,93200.11,1,1,0,114.35,0
15003875,Cust03875,727,Spain,Male,50,9,0.0,2,0,0,168.63,0
15003876,Cust03876,808,Spain,Female,38,8,0.0,2,0,1,50.26,0
15003877,Cust03877,628,France,Female,43,7,160302.53,3,1,1,104.46,1
15003878,Cust03878,783,Germany,Male,46,1,174552.93,2,1,0,52.58,0
15003879,Cust03879,598,France,Male,31,6,0.0,2,0,0,192.36,1
15003880,Cust03880,700,Spain,Male,41,8,60514.1,2,1,1,51.09,0
15003881,Cust03881,850,Spain,Male,47,9,137398.57,1,1,0,66.7,0
15003882,Cust03882,685,Germany,Male,47,10,99201.44,2,0,0,101.93,1
15003883,Cust03883,757,France,Female,41,1,101753.54,2,1,1,103.25,0
15003884,Cust03884,491,France,Female,33,1,78955.72,1,0,0,103.65,0
15003885,Cust03885,715,Germany,Male,42,2,26162.87,3,0,0,74.49,1
15003886,Cust03886,710,France,Female,45,9,105941.66,2,0,1,128.88,0
15003887,Cust03887,637,Germany,Female,43,1,82282.28,2,1,0,47.21,0
15003888,Cust03888,549,Spain,Male,44,0,82887.48,1,1,0,110.87,0
15003889,Cust03889,700,France,Male,50,4,66876.37,3,1,0,51.88,1
15003890,Cust03890,710,Germany,Female,38,8,139043.52,2,1,0,189.99,1
15003891,Cust03891,680,France,Female,44,1,25592.58,2,1,1,127.81,0
15003892,Cust03892,603,Germany,Female,31,0,0.0,1,1,0,37.78,1
15003893,Cust03893,368,Germany,Female,57,10,103248.12,2,0,0,140.41,0
15003894,Cust03894,732,France,Male,52,0,51127.26,1,0,1,86.19,0
15003895,Cust03895,606,France,Female,47,5,22307.58,3,1,1,79.0,0
15003896,Cust03896,602,France,Male,47,4,68354.68,2,0,1,143.67,0
15003897,Cust03897,774,Germany,Male,49,1,43587.56,2,1,1,193.77,1
15003898,Cust03898,609,France,Female,36,2,89089.74,2,1,1,143.24,0
15003899,Cust03899,637,Spain,Female,34,7,77591.68,1,0,0,58.5,1
15003900,Cust03900,667,France,Female,35,6,117376.03,1,1,1,106.17,0
15003901,Cust03901,690,Spain,Female,49,5,76009.95,2,1,0,96.82,1
15003902,Cust03902,653,Spain,Male,35,4,0.0,2,1,0,84.32,0
15003903,Cust03903,477,Spain,Female,43,10,34987.75,1,1,1,20.57,1
15003904,Cust03904,715,France,Male,43,10,31937.1,2,1,0,36.26,1
15003905,Cust03905,610,France,Female,29,8,20019.58,2,1,1,121.9,0
15003906,Cust03906,681,France,Female,21,7,91032.7,1,0,1,73.74,0
15003907,Cust03907,679,France,Female,21,9,147831.06,1,1,0,143.43,0
15003908,Cust03908,799,France,Female,50,3,103812.01,4,0,0,159.26,1
15003909,Cust03909,711,France,Male,50,10,23826.54,2,1,0,50.08,1
15003910,Cust03910,638,France,Male,44,10,0.0,3,0,0,166.39,0
15003911,Cust03911,560,France,Male,40,4,48950.01,1,0,1,178.5,0
15003912,Cust03912,671,Germany,Female,42,9,74103.23,4,1,0,187.7,0
15003913,Cust03913,815,France,Female,53,10,105338.19,1,1,1,150.18,0
15003914,Cust03914,654,France,Male,45,9,155591.84,1,0,1,179.23,0
15003915,Cust03915,692,Spain,Male,18,0,0.0,2,1,1,58.88,0
15003916,Cust03916,640,Germany,Female,50,4,65655.94,2,1,0,192.38,1
15003917,Cust03917,619,Germany,Male,28,4,75021.78,1,1,1,60.48,0
15003918,Cust03918,637,Spain,Male,33,5,133174.75,1,1,1,31.06,0
15003919,Cust03919,727,France,Male,49,5,171347.01,1,0,1,144.35,0
15003920,Cust03920,615,Germany,Female,41,8,114074.56,2,1,1,112.19,1
15003921,Cust03921,704,France,Male,47,9,81671.76,3,0,0,18.59,1
15003922,Cust03922,745,France,Female,36,0,86293.17,3,0,1,58.18,0
15003923,Cust03923,655,Germany,Male,47,9,97910.42,2,0,1,157.64,0
15003924,Cust03924,542,Germany,Male,38,8,66702.09,2,0,1,140.59,0
15003925,Cust03925,491,Germany,Female,52,6,43153.75,1,0,1,41.36,0
15003926,Cust03926,706,Spain,Female,32,4,29483.95,1,0,0,120.5,1
15003927,Cust03927,612,France,Male,45,7,35594.34,1,1,0,28.63,0
15003928,Cust03928,675,France,Female,37,4,41999.4,1,0,0,76.55,0
15003929,Cust03929,818,France,Male,32,10,60858.67,2,0,1,11.96,0
15003930,Cust03930,726,France,Female,24,1,107624.13,1,1,0,73.78,0
15003931,Cust03931,623,Spain,Male,52,4,24836.8,1,0,1,188.75,0
15003932,Cust03932,635,Spain,Male,31,5,270706.22,1,1,1,98.57,0
15003933,Cust03933,558,Germany,Male,49,6,0.0,1,1,1,132.92,0
15003934,Cust03934,436,Germany,Male,40,3,67394.62,1,1,1,101.15,1
15003935,Cust03935,773,France,Male,37,6,126899.96,2,0,1,13.64,1
15003936,Cust03936,658,France,Female,35,5,0.0,1,0,0,158.43,1
15003937,Cust03937,781,France,Female,64,10,0.0,2,0,1,199.98,1
15003938,Cust03938,600,France,Male,49,9,144458.86,1,1,0,103.88,1
15003939,Cust03939,668,France,Male,40,9,75869.08,1,0,0,97.4,0
15003940,Cust03940,527,Spain,Male,32,3,29600.24,1,0,1,19.82,0
15003941,Cust03941,521,Germany,Male,37,7,182337.33,2,0,0,16.41,0
15003942,Cust03942,649,Germany,Female,57,5,191818.04,2,0,1,185.23,0
15003943,Cust03943,832,Germany,Female,45,1,29214.53,1,0,0,147.26,0
15003944,Cust03944,637,France,Female,31,4,114994.22,2,0,1,28.99,0
15003945,Cust03945,708,France,Female,41,3,73649.29,2,0,1,21.74,0
15003946,Cust03946,711,Spain,Male,56,1,95321.33,1,1,1,105.6,1
15003947,Cust03947,609,Germany,Female,42,7,59705.36,2,1,1,92.14,0
15003948,Cust03948,685,France,Female,51,4,16481.7,2,1,1,171.83,1
15003949,Cust03949,667,Germany,Female,25,5,109209.69,2,1,1,88.85,0
15003950,Cust03950,650,Germany,Male,21,8,0.0,2,0,0,102.02,0
15003951,Cust03951,680,Spain,Male,50,4,140255.93,3,0,1,78.66,1
15003952,Cust03952,673,France,Female,47,0,89162.58,2,0,1,145.76,1
15003953,Cust03953,737,France,Female,34,7,19601.57,1,1,0,135.99,0
15003954,Cust03954,635,France,Female,42,2,21185.23,1,1,0,37.51,0
15003955,Cust03955,763,France,Male,36,0,73975.33,2,0,1,180.77,0
15003956,Cust03956,568,Spain,Male,39,1,29672.53,2,0,1,22.32,0
15003957,Cust03957,660,Germany,Male,51,7,47316.03,1,0,1,84.06,0
15003958,Cust03958,760,France,Female,36,5,133339.23,1,0,0,95.07,0
15003959,Cust03959,608,Spain,Male,47,9,134667.11,2,0,1,82.45,0
15003960,Cust03960,662,Germany,Female,22,7,118414.51,2,0,0,33.95,0
15003961,Cust03961,558,Spain,Female,52,9,5232.22,1,1,1,49.69,0
15003962,Cust03962,721,Germany,Male,41,5,81838.94,1,0,0,11.39,1
15003963,Cust03963,802,Germany,Male,35,4,110169.85,2,0,1,72.95,0
15003964,Cust03964,767,France,Male,29,2,14245.21,2,0,0,117.94,0
15003965,Cust03965,619,Spain,Female,38,4,0.0,2,1,0,106.46,0
15003966,Cust03966,568,Spain,Female,33,2,0.0,2,1,0,88.14,0
15003967,Cust03967,671,Spain,Female,40,4,75603.15,2,0,1,138.32,0
15003968,Cust03968,739,France,Female,45,9,68478.86,2,0,0,170.36,0
15003969,Cust03969,460,France,Female,27,4,62054.99,3,0,0,42.51,1
15003970,Cust03970,560,France,Female,30,9,194555.04,1,1,0,99.39,0
15003971,Cust03971,572,Spain,Male,55,5,78361.24,1,1,0,51.71,1
15003972,Cust03972,724,France,Male,41,3,117202.25,1,1,0,180.21,0
15003973,Cust03973,731,France,Male,33,0,46217.7,1,0,1,120.08,0
15003974,Cust03974,576,Germany,Male,24,4,94920.7,2,1,0,125.93,0
15003975,Cust03975,561,Spain,Male,19,7,140583.34,1,0,0,97.87,0
15003976,Cust03976,663,France,Male,23,6,78219.76,1,0,0,16.46,0
15003977,Cust03977,504,Germany,Female,18,1,76908.67,1,1,1,112.94,0
15003978,Cust03978,595,France,Female,23,10,25519.31,4,0,1,98.69,1
15003979,Cust03979,717,Germany,Female,51,5,88191.54,1,0,0,39.88,0
15003980,Cust03980,526,France,Female,39,1,118399.39,1,0,0,95.16,0
15003981,Cust03981,509,Germany,Male,54,9,0.0,1,0,1,68.64,0
15003982,Cust03982,828,France,Male,46,4,113276.68,2,1,0,20.63,0
15003983,Cust03983,654,Germany,Male,35,5,60105.95,2,1,1,65.71,0
15003984,Cust03984,598,France,Female,46,6,56149.49,2,0,0,146.24,0
15003985,Cust03985,714,France,Male,27,6,37079.19,1,1,0,35.39,0
15003986,Cust03986,664,France,Female,24,6,12134.11,1,0,0,97.06,0
15003987,Cust03987,587,France,Female,44,1,115066.7,1,1,0,15.08,1
15003988,Cust03988,675,Spain,Female,36,8,103995.94,2,1,1,160.71,0
15003989,Cust03989,687,France,Male,35,10,0.0,1,1,0,45.87,0
15003990,Cust03990,820,Spain,Male,18,1,98241.64,1,1,1,21.08,0
15003991,Cust03991,710,Germany,Male,32,9,124026.79,1,0,0,181.73,1
15003992,Cust03992,553,Germany,Female,44,10,111726.18,1,0,0,119.44,0
15003993,Cust03993,695,Spain,Female,19,1,95298.23,2,1,1,140.21,0
15003994,Cust03994,610,France,Female,18,10,169477.88,1,1,1,43.17,0
15003995,Cust03995,722,Germany,Male,44,6,69659.49,2,0,0,17.69,0
15003996,Cust03996,652,France,Female,52,2,8129.09,2,0,1,58.16,0
15003997,Cust03997,609,Spain,Female,34,3,131370.8,1,1,0,129.32,0
15003998,Cust03998,600,France,Male,32,8,23932.56,1,1,1,198.48,0
15003999,Cust03999,573,Spain,Female,18,1,205710.11,2,1,1,44.06,0
15004000,Cust04000,468,France,Female,52,1,120446.53,1,1,1,46.22,0
15004001,Cust04001,669,Germany,Female,36,8,185779.8,2,1,1,110.34,0
15004002,Cust04002,710,Germany,Female,43,7,212605.21,2,0,1,14.33,0
15004003,Cust04003,487,France,Female,39,10,107411.46,2,1,1,162.37,0
15004004,Cust04004,557,France,Male,28,8,51739.21,1,1,0,98.55,0
15004005,Cust04005,723,France,Male,34,2,59936.79,1,1,1,183.95,0
15004006,Cust04006,649,Germany,Male,51,7,92322.46,2,1,0,156.1,1
15004007,Cust04007,594,France,Female,26,7,0.0,2,1,0,185.14,0
15004008,Cust04008,642,France,Female,38,1,104799.13,1,1,0,88.09,1
15004009,Cust04009,710,France,Female,56,10,152429.16,1,1,1,145.8,0
15004010,Cust04010,708,France,Male,51,5,99332.21,1,0,0,55.83,0
15004011,Cust04011,649,Spain,Male,43,9,104071.28,2,1,1,190.82,0
15004012,Cust04012,604,Spain,Male,24,4,134052.92,1,1,0,120.73,1
15004013,Cust04013,734,Germany,Female,46,3,134237.83,2,0,0,199.46,1
15004014,Cust04014,603,France,Male,28,5,21174.89,1,1,0,115.22,0
15004015,Cust04015,507,France,Female,40,1,130610.02,1,1,1,166.91,0
15004016,Cust04016,642,France,Female,40,2,95103.96,2,1,0,74.8,0
15004017,Cust04017,574,Spain,Female,43,2,74301.06,1,0,1,85.77,0
15004018,Cust04018,668,Spain,Male,38,0,129113.24,1,0,0,65.13,1
15004019,Cust04019,766,Germany,Female,62,0,85963.68,1,1,1,119.92,0
15004020,Cust04020,709,Germany,Male,37,2,112710.38,1,1,0,132.82,0
15004021,Cust04021,818,France,Male,43,8,7670.76,2,0,1,48.73,1
15004022,Cust04022,580,France,Male,47,8,65189.5,2,0,0,199.48,0
15004023,Cust04023,620,France,Female,41,4,96715.83,2,0,1,150.29,0
15004024,Cust04024,752,France,Female,45,2,133064.56,2,1,1,27.66,0
15004025,Cust04025,640,France,Male,25,2,0.0,2,1,0,192.08,1
15004026,Cust04026,561,Spain,Female,37,3,151322.81,2,0,1,151.35,0
15004027,Cust04027,491,France,Female,41,0,189734.74,1,0,0,157.92,0
15004028,Cust04028,653,France,Male,44,6,64221.15,2,0,1,149.75,0
15004029,Cust04029,636,Spain,Male,39,10,132812.4,2,0,1,175.17,1
15004030,Cust04030,440,France,Male,49,8,0.0,2,0,0,106.95,0
15004031,Cust04031,779,Germany,Male,39,5,90910.23,2,1,0,34.91,0
15004032,Cust04032,509,Spain,Female,42,8,0.0,2,0,1,156.35,1
15004033,Cust04033,741,France,Female,37,1,187090.5,1,0,0,118.84,0
15004034,Cust04034,576,France,Male,46,4,47949.7,1,1,0,62.32,0
15004035,Cust04035,651,France,Female,18,10,82347.7,1,0,1,118.42,0
15004036,Cust04036,754,France,Female,30,6,0.0,1,1,0,80.55,0
15004037,Cust04037,699,Germany,Female,43,1,58722.78,1,1,0,45.92,1
15004038,Cust04038,607,France,Female,40,5,0.0,2,1,1,112.81,0
15004039,Cust04039,694,France,Male,37,7,63829.8,1,1,1,80.75,0
15004040,Cust04040,466,France,Female,39,0,37488.13,1,1,1,27.21,0
15004041,Cust04041,653,Spain,Female,54,0,60730.01,2,0,0,94.8,0
15004042,Cust04042,596,Spain,Female,49,9,47154.78,1,0,1,120.83,0
15004043,Cust04043,516,France,Female,33,0,0.0,1,1,1,186.42,0
15004044,Cust04044,513,Germany,Male,39,5,169988.6,2,1,0,61.29,1
15004045,Cust04045,631,Germany,Male,18,0,4520.08,4,1,1,117.73,1
15004046,Cust04046,628,Germany,Male,36,5,53636.32,1,0,1,15.61,0
15004047,Cust04047,750,France,Female,50,7,33137.24,1,1,1,146.38,0
15004048,Cust04048,738,Germany,Female,41,10,61007.29,2,1,1,64.31,0
15004049,Cust04049,526,France,Male,20,6,0.0,2,0,0,29.54,0
15004050,Cust04050,610,France,Female,25,0,120640.84,2,1,1,25.11,0
15004051,Cust04051,654,Germany,Male,28,10,54206.17,2,1,0,133.04,0
15004052,Cust04052,742,Germany,Male,23,7,40740.25,2,0,0,56.29,0
15004053,Cust04053,634,Spain,Female,22,0,42390.82,4,1,0,179.35,1
15004054,Cust04054,533,France,Female,46,4,61334.94,1,1,1,135.08,0
15004055,Cust04055,687,France,Female,23,3,171933.28,1,1,1,78.59,0
15004056,Cust04056,760,Germany,Female,57,2,147760.16,1,0,1,61.89,0
15004057,Cust04057,573,France,Male,45,3,5971.89,1,0,0,180.18,0
15004058,Cust04058,734,Spain,Male,56,6,131065.75,2,1,0,79.33,0
15004059,Cust04059,787,Spain,Female,20,10,125291.33,2,0,0,185.85,0
15004060,Cust04060,616,France,Female,40,6,128317.38,2,0,1,51.5,0
15004061,Cust04061,569,Spain,Male,38,3,35791.66,2,1,1,102.04,0
15004062,Cust04062,722,Germany,Male,48,9,83859.78,1,1,1,52.4,0
15004063,Cust04063,703,Spain,Female,23,1,190554.92,4,0,1,178.38,0
15004064,Cust04064,747,Germany,Female,53,9,66806.45,1,0,1,13.03,1
15004065,Cust04065,658,France,Male,37,7,123557.11,2,1,1,142.21,0
15004066,Cust04066,618,France,Male,36,6,24307.67,1,0,1,74.88,0
15004067,Cust04067,623,Spain,Male,34,5,54055.01,2,1,1,73.03,0
15004068,Cust04068,575,Germany,Female,47,0,86501.4,1,1,1,147.9,0
15004069,Cust04069,794,France,Male,42,9,75011.12,2,1,0,170.93,0
15004070,Cust04070,660,Germany,Male,35,8,28324.49,4,1,0,47.48,1
15004071,Cust04071,809,France,Male,24,5,34923.94,1,0,1,146.87,0
15004072,Cust04072,612,France,Male,37,1,89660.04,2,0,0,108.39,0
15004073,Cust04073,623,France,Female,54,1,103095.09,2,1,0,153.14,0
15004074,Cust04074,459,Germany,Male,34,2,57859.13,3,0,0,24.4,1
15004075,Cust04075,656,Spain,Male,48,10,143885.91,2,1,1,49.65,0
15004076,Cust04076,730,Spain,Female,30,7,60579.15,1,0,0,143.36,1
15004077,Cust04077,780,Spain,Male,47,7,177573.43,2,1,0,21.01,0
15004078,Cust04078,724,France,Female,30,5,0.0,2,0,0,43.65,1
15004079,Cust04079,475,France,Male,44,2,112274.35,1,0,0,157.55,0
15004080,Cust04080,565,Germany,Female,40,1,39470.9,2,0,0,163.98,0
15004081,Cust04081,554,France,Female,44,4,13991.39,2,1,0,140.7,0
15004082,Cust04082,734,France,Male,57,6,77030.5,2,1,1,29.93,1
15004083,Cust04083,624,France,Male,55,9,0.0,2,0,0,47.44,0
15004084,Cust04084,623,France,Male,26,10,102521.67,2,1,0,53.94,1
15004085,Cust04085,678,Germany,Male,21,7,254193.13,2,1,0,141.31,0
15004086,Cust04086,468,France,Female,51,4,65818.75,1,1,0,38.63,0
15004087,Cust04087,599,Spain,Female,26,8,125285.41,1,0,0,112.09,1
15004088,Cust04088,754,Germany,Male,58,3,70634.14,1,1,0,174.11,0
15004089,Cust04089,645,Spain,Female,56,8,156667.99,2,0,1,101.05,0
15004090,Cust04090,728,France,Male,37,10,100047.17,3,0,1,172.06,0
15004091,Cust04091,818,Germany,Male,49,2,180523.95,3,0,0,49.35,1
15004092,Cust04092,715,Spain,Female,30,3,46427.5,2,0,1,112.54,0
15004093,Cust04093,351,Spain,Female,45,6,87869.41,2,0,0,29.15,1
15004094,Cust04094,755,Spain,Male,40,8,51801.14,2,0,1,88.53,0
15004095,Cust04095,704,Spain,Female,36,7,43820.41,2,1,0,146.78,0
15004096,Cust04096,508,France,Female,25,9,113581.28,1,1,0,140.86,0
15004097,Cust04097,672,Spain,Male,34,4,196732.86,2,1,0,74.64,1
15004098,Cust04098,428,France,Male,38,6,28746.18,3,1,0,91.67,1
15004099,Cust04099,641,Spain,Male,39,5,27158.99,1,1,1,73.12,0
15004100,Cust04100,628,France,Female,26,2,21192.63,1,0,0,11.64,0
15004101,Cust04101,491,France,Male,18,0,95284.42,2,0,0,104.29,0
15004102,Cust04102,760,Germany,Male,33,8,120418.67,2,0,0,143.37,1
15004103,Cust04103,454,France,Male,18,1,66615.5,1,1,0,105.01,0
15004104,Cust04104,677,Germany,Female,24,8,195339.98,1,0,0,105.44,0
15004105,Cust04105,711,France,Female,28,0,166853.52,2,0,1,89.16,0
15004106,Cust04106,713,Spain,Female,18,10,96605.48,2,1,1,96.68,0
15004107,Cust04107,684,France,Female,41,5,111573.6,1,1,1,194.52,0
15004108,Cust04108,591,Spain,Male,39,0,82671.41,3,0,0,40.89,0
15004109,Cust04109,850,Spain,Female,37,2,92962.86,1,0,0,51.08,0
15004110,Cust04110,706,France,Female,41,0,56966.37,4,0,0,70.57,1
15004111,Cust04111,672,France,Male,25,0,0.0,2,0,1,85.57,0
15004112,Cust04112,827,Germany,Female,34,3,87130.44,4,1,0,80.05,0
15004113,Cust04113,575,Germany,Male,42,8,0.0,1,0,1,72.35,0
15004114,Cust04114,788,France,Female,40,6,208848.08,2,1,1,128.39,1
15004115,Cust04115,562,France,Male,29,4,68103.82,1,1,0,179.84,0
15004116,Cust04116,649,France,Female,40,6,31511.36,1,1,0,107.57,1
15004117,Cust04117,687,Spain,Female,51,5,102525.95,2,0,1,152.56,0
15004118,Cust04118,615,France,Female,34,4,232674.65,1,1,0,75.74,0
15004119,Cust04119,654,Spain,Female,46,1,29785.61,1,0,1,129.48,0
15004120,Cust04120,706,Spain,Female,35,9,56991.23,2,1,0,103.89,0
15004121,Cust04121,631,Germany,Male,18,5,102783.79,2,1,1,157.57,1
15004122,Cust04122,646,France,Male,44,2,0.0,2,0,1,163.26,0
15004123,Cust04123,536,Spain,Female,38,10,120892.65,1,1,0,99.34,0
15004124,Cust04124,696,France,Male,47,4,88280.87,2,1,0,72.39,0
15004125,Cust04125,653,Spain,Male,31,9,124278.33,1,0,0,113.78,1
15004126,Cust04126,668,France,Male,24,5,77633.16,1,1,0,84.3,0
15004127,Cust04127,566,Spain,Male,43,6,99920.93,1,0,1,143.49,0
15004128,Cust04128,579,Spain,Male,20,0,79129.21,1,1,0,56.55,0
15004129,Cust04129,744,Spain,Male,47,8,35164.81,1,1,0,12.52,1
15004130,Cust04130,736,Germany,Male,48,5,122269.21,3,1,1,187.44,0
15004131,Cust04131,792,France,Male,45,0,0.0,1,1,1,134.59,0
15004132,Cust04132,462,France,Male,47,1,20768.44,2,1,0,26.57,1
15004133,Cust04133,639,France,Female,29,7,42511.38,1,0,1,37.26,0
15004134,Cust04134,702,France,Male,18,1,28245.93,4,0,1,22.9,0
15004135,Cust04135,695,Spain,Male,45,1,223584.04,2,0,0,196.69,1
15004136,Cust04136,678,France,Female,55,8,37543.61,2,1,0,171.8,1
15004137,Cust04137,717,Spain,Female,41,7,44174.59,1,0,0,62.13,0
15004138,Cust04138,630,Spain,Male,40,0,58169.78,2,1,1,70.81,0
15004139,Cust04139,718,France,Male,36,3,24192.72,2,1,0,71.64,0
15004140,Cust04140,657,Spain,Female,42,6,17185.44,3,0,0,159.32,0
15004141,Cust04141,606,France,Female,27,2,162244.63,2,1,0,27.19,0
15004142,Cust04142,519,Germany,Male,48,9,98.05,2,0,0,52.25,0
15004143,Cust04143,702,Germany,Male,55,10,109652.03,1,0,1,22.94,0
15004144,Cust04144,570,Spain,Female,39,4,132271.93,1,1,1,60.54,0
15004145,Cust04145,729,Germany,Male,46,7,21904.3,1,0,1,161.71,1
15004146,Cust04146,607,Spain,Female,27,4,10920.2,2,1,1,164.49,0
15004147,Cust04147,625,Germany,Male,39,6,23344.58,1,1,0,195.86,0
15004148,Cust04148,601,Spain,Male,51,9,27718.15,2,0,1,112.42,0
15004149,Cust04149,661,Spain,Female,18,5,0.0,2,1,1,109.64,0
15004150,Cust04150,680,France,Female,43,5,102848.88,1,0,1,125.49,0
15004151,Cust04151,707,France,Male,38,4,0.0,2,1,0,109.67,1
15004152,Cust04152,739,France,Male,27,10,20667.17,2,1,1,181.66,1
15004153,Cust04153,670,Germany,Male,54,5,134155.36,2,0,1,71.84,0
15004154,Cust04154,685,France,Male,52,2,107716.44,1,1,1,175.24,1
15004155,Cust04155,763,Germany,Female,36,9,22679.85,2,1,0,179.2,0
15004156,Cust04156,621,France,Male,36,2,121698.38,1,0,1,72.84,0
15004157,Cust04157,659,France,Male,53,5,53956.11,2,1,0,55.73,1
15004158,Cust04158,564,France,Female,44,9,75016.31,2,0,0,154.51,0
15004159,Cust04159,701,France,Female,37,7,63366.91,1,1,1,94.79,0
15004160,Cust04160,532,Spain,Female,29,5,156989.39,1,1,0,45.87,0
15004161,Cust04161,683,France,Male,56,6,68029.84,1,1,0,192.67,1
15004162,Cust04162,642,Germany,Female,30,5,48319.82,2,1,1,54.54,1
15004163,Cust04163,675,France,Male,33,10,25362.25,2,0,1,75.64,0
15004164,Cust04164,702,Germany,Male,42,6,0.0,1,1,1,194.74,1
15004165,Cust04165,684,France,Male,24,8,4497.87,2,0,1,72.71,0
15004166,Cust04166,629,France,Female,60,3,57160.47,2,1,1,83.85,0
15004167,Cust04167,584,Germany,Female,34,9,90363.54,1,0,1,147.88,0
15004168,Cust04168,692,France,Male,35,7,0.0,2,1,0,164.61,1
15004169,Cust04169,620,France,Female,45,3,28901.59,2,0,1,145.07,0
15004170,Cust04170,591,France,Male,36,8,14566.63,1,0,1,173.18,0
15004171,Cust04171,688,Spain,Male,47,6,78153.96,2,0,0,19.23,0
15004172,Cust04172,611,France,Male,54,9,43139.33,1,1,0,91.41,0
15004173,Cust04173,800,France,Male,40,6,114754.76,2,1,0,93.78,0
15004174,Cust04174,725,France,Female,43,10,67495.78,1,0,0,157.1,1
15004175,Cust04175,503,Germany,Female,48,4,0.0,2,1,1,89.57,0
15004176,Cust04176,620,Germany,Male,57,6,195346.31,1,0,0,39.92,0
15004177,Cust04177,782,Germany,Male,37,9,164788.87,2,0,0,42.23,0
15004178,Cust04178,835,France,Male,33,1,80393.63,1,1,0,89.03,1
15004179,Cust04179,509,France,Male,46,6,36021.85,1,0,0,26.92,0
15004180,Cust04180,850,Spain,Female,39,7,34557.15,2,0,1,23.68,0
15004181,Cust04181,819,France,Female,49,7,129388.08,2,1,0,148.55,0
15004182,Cust04182,508,Germany,Male,24,6,189653.08,1,0,0,120.04,0
15004183,Cust04183,695,Germany,Male,25,6,13765.16,4,0,1,129.38,1
15004184,Cust04184,649,Spain,Female,49,8,194090.15,2,0,1,97.64,0
15004185,Cust04185,572,France,Female,59,0,168264.35,2,1,1,73.55,1
15004186,Cust04186,658,Spain,Female,37,2,88803.35,1,0,1,78.54,0
15004187,Cust04187,705,Spain,Female,38,7,108468.45,2,1,0,125.65,0
15004188,Cust04188,532,Germany,Female,27,6,135359.41,1,1,1,24.35,0
15004189,Cust04189,611,France,Female,34,1,68650.88,1,1,0,168.22,0
15004190,Cust04190,596,France,Male,36,9,31335.92,1,0,1,25.13,0
15004191,Cust04191,647,France,Female,30,4,143707.44,1,0,0,163.09,0
15004192,Cust04192,810,Germany,Male,23,10,144947.76,2,1,0,141.04,0
15004193,Cust04193,519,Spain,Female,49,8,74958.32,2,0,0,25.72,0
15004194,Cust04194,571,Germany,Female,46,6,214917.95,1,1,1,46.96,0
15004195,Cust04195,664,France,Male,28,1,11276.9,2,1,0,126.96,0
15004196,Cust04196,572,France,Female,42,10,0.0,2,0,1,158.97,0
15004197,Cust04197,616,France,Male,53,9,63395.51,2,1,0,97.24,0
15004198,Cust04198,595,France,Male,26,7,15980.91,1,1,1,35.77,0
15004199,Cust04199,649,France,Male,40,0,107719.52,2,0,0,183.37,0
15004200,Cust04200,587,France,Female,43,3,39629.82,1,1,1,55.29,0
15004201,Cust04201,540,France,Male,39,10,41871.98,3,1,0,132.35,0
15004202,Cust04202,657,France,Male,54,1,16325.07,1,0,0,163.32,0
15004203,Cust04203,739,France,Male,36,7,38252.96,2,1,0,103.14,0
15004204,Cust04204,688,France,Male,30,2,0.0,1,1,1,137.82,0
15004205,Cust04205,776,Germany,Male,29,10,334.32,2,0,0,168.46,1
15004206,Cust04206,612,Spain,Female,30,5,110030.47,3,1,1,94.05,0
15004207,Cust04207,510,Spain,Female,50,10,103614.6,1,1,1,134.15,0
15004208,Cust04208,651,Spain,Female,33,4,92087.69,1,0,1,24.24,0
15004209,Cust04209,576,Spain,Female,28,10,149131.37,2,0,1,167.34,1
15004210,Cust04210,730,France,Female,48,3,44533.06,1,0,1,13.7,1
15004211,Cust04211,698,Germany,Male,48,3,34535.75,2,0,1,188.23,0
15004212,Cust04212,664,Germany,Female,52,9,0.0,2,1,1,56.86,0
15004213,Cust04213,759,Spain,Female,33,0,151557.24,2,1,1,168.57,0
15004214,Cust04214,547,France,Female,33,4,203741.18,2,0,1,74.0,0
15004215,Cust04215,656,Spain,Female,41,8,246424.51,2,1,1,169.65,0
15004216,Cust04216,758,France,Male,50,3,0.0,3,1,1,186.25,1
15004217,Cust04217,683,Spain,Female,18,7,50158.92,1,1,0,87.49,0
15004218,Cust04218,734,Spain,Female,51,3,32990.82,1,1,0,199.5,1
15004219,Cust04219,674,Germany,Male,28,1,222.01,3,0,0,170.38,0
15004220,Cust04220,615,Spain,Male,46,8,104798.23,1,1,1,53.87,0
15004221,Cust04221,696,Germany,Male,34,3,105164.35,1,1,0,90.48,0
15004222,Cust04222,653,France,Female,44,3,130517.05,2,0,0,164.83,0
15004223,Cust04223,760,France,Female,27,4,47325.05,1,1,0,144.95,1
15004224,Cust04224,727,Germany,Female,39,8,45990.78,2,1,0,26.34,0
15004225,Cust04225,568,France,Male,34,4,82849.06,2,1,1,126.21,0
15004226,Cust04226,663,France,Female,53,2,153885.72,2,1,0,51.71,0
15004227,Cust04227,635,Spain,Female,25,10,25224.95,2,0,0,63.72,0
15004228,Cust04228,745,France,Male,43,7,119616.6,1,0,1,11.68,0
15004229,Cust04229,625,France,Male,38,6,229469.46,1,1,1,83.24,0
15004230,Cust04230,603,Spain,Female,42,7,96796.12,1,1,1,65.01,0
15004231,Cust04231,767,Germany,Female,56,1,166911.33,1,0,0,52.29,0
15004232,Cust04232,757,Germany,Male,45,9,41089.9,4,0,1,78.64,0
15004233,Cust04233,605,Germany,Female,43,9,79206.51,1,1,1,196.46,0
15004234,Cust04234,749,France,Male,19,4,87758.17,1,0,0,22.9,1
15004235,Cust04235,477,Germany,Female,28,4,59705.36,2,0,1,189.94,0
15004236,Cust04236,504,Spain,Female,40,1,117785.84,3,0,1,77.19,0
15004237,Cust04237,547,Germany,Male,52,2,66332.58,2,0,0,90.97,0
15004238,Cust04238,598,Germany,Male,24,10,99505.67,1,1,0,198.05,0
15004239,Cust04239,567,Germany,Male,38,6,121884.86,1,0,1,11.48,0
15004240,Cust04240,785,France,Male,34,0,57462.99,1,1,0,89.66,0
15004241,Cust04241,608,Germany,Female,56,1,0.0,2,0,1,120.94,1
15004242,Cust04242,706,Germany,Female,46,6,0.0,1,0,0,166.3,1
15004243,Cust04243,656,France,Male,27,7,0.0,2,0,1,128.69,0
15004244,Cust04244,609,Germany,Female,37,6,117482.67,1,1,1,119.66,0
15004245,Cust04245,761,Spain,Female,37,6,44290.87,1,1,1,33.22,0
15004246,Cust04246,773,France,Male,34,2,25369.99,2,0,1,128.76,0
15004247,Cust04247,726,Germany,Female,39,6,90946.9,2,1,1,90.72,0
15004248,Cust04248,810,Germany,Female,36,2,34374.41,2,0,1,119.94,0
15004249,Cust04249,850,France,Male,46,0,19682.84,1,0,0,125.88,0
15004250,Cust04250,717,Spain,Female,38,1,55989.84,2,0,0,50.37,0
15004251,Cust04251,724,Germany,Male,51,6,52053.3,3,1,1,123.48,1
15004252,Cust04252,651,France,Female,38,8,39392.67,1,1,1,112.31,0
15004253,Cust04253,682,France,Female,36,6,125410.03,4,0,0,99.56,1
15004254,Cust04254,600,Germany,Female,49,7,128504.93,2,1,1,126.2,0
15004255,Cust04255,543,Germany,Male,31,6,25632.36,1,0,0,64.36,1
15004256,Cust04256,651,Spain,Female,45,7,127059.86,1,1,0,138.89,1
15004257,Cust04257,552,Spain,Female,52,7,146770.18,2,0,0,129.13,1
15004258,Cust04258,449,France,Female,41,9,10743.57,2,0,0,113.77,0
15004259,Cust04259,617,France,Male,26,2,80267.07,2,1,0,78.94,0
15004260,Cust04260,644,France,Female,32,0,6446.61,2,0,1,179.45,0
15004261,Cust04261,641,France,Female,28,8,59211.24,2,0,1,48.84,0
15004262,Cust04262,787,Germany,Male,31,4,185799.37,1,1,1,163.45,0
15004263,Cust04263,770,Spain,Male,31,5,7110.33,2,1,1,170.75,0
15004264,Cust04264,575,Spain,Male,37,8,150923.28,1,1,1,71.1,0
15004265,Cust04265,800,France,Female,30,8,120185.05,2,1,1,194.87,0
15004266,Cust04266,643,France,Male,45,2,54164.81,2,0,0,192.61,0
15004267,Cust04267,578,Spain,Female,20,8,123469.87,2,1,0,92.83,1
15004268,Cust04268,593,Germany,Male,37,3,180706.98,2,1,1,102.85,0
15004269,Cust04269,580,Spain,Female,25,2,107491.83,1,0,1,49.96,0
15004270,Cust04270,815,Spain,Female,31,3,0.0,1,0,0,135.21,1
15004271,Cust04271,471,Germany,Male,44,1,59619.02,1,1,0,194.14,0
15004272,Cust04272,601,France,Male,37,3,98701.08,1,0,1,156.55,0
15004273,Cust04273,491,Spain,Male,35,0,85962.96,2,0,0,195.63,0
15004274,Cust04274,614,France,Female,37,4,0.0,2,0,1,121.0,0
15004275,Cust04275,720,France,Female,58,7,23201.31,1,1,0,24.4,0
15004276,Cust04276,693,Germany,Female,52,9,162848.19,1,1,1,22.85,0
15004277,Cust04277,454,Spain,Female,29,5,246700.23,3,1,1,19.48,0
15004278,Cust04278,566,France,Female,53,0,179100.65,2,1,0,157.06,0
15004279,Cust04279,821,France,Male,53,7,88464.96,1,1,1,126.37,0
15004280,Cust04280,549,Spain,Female,46,2,0.0,2,0,1,75.19,1
15004281,Cust04281,709,Germany,Female,29,10,107225.47,2,0,0,13.46,0
15004282,Cust04282,755,France,Male,39,9,117431.38,2,0,0,126.18,0
15004283,Cust04283,584,Germany,Female,58,4,74675.53,2,1,0,166.76,1
15004284,Cust04284,638,France,Male,25,7,137961.62,2,1,1,53.28,0
15004285,Cust04285,850,Spain,Male,24,4,0.0,3,0,1,173.61,0
15004286,Cust04286,639,France,Male,52,2,200552.38,2,1,1,173.69,1
15004287,Cust04287,656,Spain,Male,36,6,0.0,1,0,1,193.52,1
15004288,Cust04288,570,Germany,Male,37,8,172965.6,3,1,0,141.29,1
15004289,Cust04289,738,Spain,Male,43,0,140906.5,1,1,1,79.83,1
15004290,Cust04290,625,Germany,Male,38,2,17259.78,1,1,0,130.37,1
15004291,Cust04291,673,Germany,Male,25,1,0.0,1,1,0,105.24,1
15004292,Cust04292,642,Spain,Female,48,7,54038.99,1,0,1,142.1,0
15004293,Cust04293,552,Germany,Female,44,8,135946.77,1,0,1,170.61,0
15004294,Cust04294,669,Germany,Male,41,1,71981.83,1,0,0,84.94,0
15004295,Cust04295,632,Spain,Male,24,3,0.0,1,1,1,20.75,0
15004296,Cust04296,615,France,Male,35,8,65717.86,2,0,1,169.35,0
15004297,Cust04297,714,France,Female,54,2,154229.19,1,0,0,81.76,0
15004298,Cust04298,540,France,Male,28,3,73429.61,1,0,0,164.3,0
15004299,Cust04299,507,France,Female,30,10,43960.41,1,0,1,149.79,0
15004300,Cust04300,749,Spain,Male,40,7,69267.64,1,0,0,69.59,0
15004301,Cust04301,800,Germany,Female,22,4,166125.32,1,0,0,25.69,1
15004302,Cust04302,666,France,Male,19,0,65387.39,2,0,1,65.27,0
15004303,Cust04303,597,France,Female,28,6,56216.05,1,1,0,87.51,0
15004304,Cust04304,479,Spain,Female,18,5,87250.46,1,1,1,113.76,0
15004305,Cust04305,459,Spain,Female,18,10,82065.24,2,0,0,167.91,0
15004306,Cust04306,793,Germany,Male,43,1,17124.78,1,0,1,190.05,0
15004307,Cust04307,735,Spain,Male,48,1,0.0,2,0,1,196.37,0
15004308,Cust04308,631,Spain,Female,41,0,127567.45,3,1,0,73.2,1
15004309,Cust04309,661,France,Female,34,0,168935.42,1,1,1,111.37,0
15004310,Cust04310,385,Germany,Female,48,6,119281.17,2,0,0,59.27,0
15004311,Cust04311,772,France,Female,40,0,50165.1,1,0,1,31.67,0
15004312,Cust04312,742,France,Male,33,9,48323.29,2,0,1,99.37,0
15004313,Cust04313,711,Spain,Male,29,3,123042.88,1,1,0,197.12,0
15004314,Cust04314,513,Germany,Female,38,5,0.0,2,1,1,106.45,0
15004315,Cust04315,690,Spain,Male,42,9,0.0,2,0,0,96.53,0
15004316,Cust04316,594,Spain,Male,34,9,16576.14,2,0,1,124.19,0
15004317,Cust04317,481,Germany,Male,29,10,0.0,1,1,1,180.22,0
15004318,Cust04318,652,Germany,Male,43,3,0.0,2,0,1,151.36,0
15004319,Cust04319,478,Germany,Female,47,8,85600.73,2,0,1,170.26,0
15004320,Cust04320,631,Spain,Male,51,8,177345.54,2,0,1,27.44,0
15004321,Cust04321,695,Germany,Male,24,2,34499.92,3,0,0,187.03,1
15004322,Cust04322,676,France,Female,50,7,20451.29,1,1,1,36.85,0
15004323,Cust04323,727,Germany,Female,29,7,0.0,3,1,0,145.51,1
15004324,Cust04324,651,France,Male,49,2,170179.21,1,0,0,36.18,0
15004325,Cust04325,701,France,Male,42,9,56061.56,1,1,0,21.01,1
15004326,Cust04326,718,France,Female,52,0,132321.68,2,0,1,70.57,1
15004327,Cust04327,707,France,Female,35,2,113017.48,2,1,0,140.66,0
15004328,Cust04328,664,Germany,Male,64,6,0.0,2,0,0,179.29,1
15004329,Cust04329,630,Germany,Male,40,6,119959.85,1,0,1,101.32,0
15004330,Cust04330,573,France,Female,52,5,101999.2,1,1,1,116.59,0
15004331,Cust04331,850,Germany,Male,18,6,63489.99,2,0,1,99.42,0
15004332,Cust04332,748,France,Male,40,7,82080.99,2,1,0,68.19,1
15004333,Cust04333,766,Germany,Female,33,10,0.0,2,1,1,74.22,0
15004334,Cust04334,710,France,Female,30,6,40973.01,1,0,0,121.43,0
15004335,Cust04335,605,France,Female,21,10,87179.92,4,0,1,60.08,0
15004336,Cust04336,718,Germany,Female,39,9,63359.22,2,1,0,194.23,0
15004337,Cust04337,542,Spain,Female,18,3,158798.09,1,0,1,177.74,0
15004338,Cust04338,642,Germany,Female,48,10,109111.9,2,0,0,95.45,1
15004339,Cust04339,579,Germany,Male,38,6,143431.63,2,1,0,135.69,0
15004340,Cust04340,689,France,Female,39,4,64318.16,2,0,0,123.61,0
15004341,Cust04341,749,Spain,Female,49,8,0.0,1,1,1,154.95,1
15004342,Cust04342,739,Spain,Male,38,7,61107.05,3,1,1,18.61,0
15004343,Cust04343,635,France,Male,43,9,135263.36,3,1,1,44.25,0
15004344,Cust04344,502,France,Female,40,4,77256.86,1,0,1,57.14,0
15004345,Cust04345,720,Spain,Female,35,6,91678.35,1,1,0,114.51,0
15004346,Cust04346,761,Germany,Male,42,6,114764.17,3,0,1,187.82,1
15004347,Cust04347,649,France,Female,27,5,65764.87,2,0,1,145.14,0
15004348,Cust04348,742,Germany,Male,33,8,145218.71,1,0,1,127.17,0
15004349,Cust04349,550,Spain,Female,21,1,95249.72,2,0,0,189.08,1
15004350,Cust04350,640,France,Male,46,2,46487.38,2,1,1,71.92,0
15004351,Cust04351,622,Germany,Male,51,0,188673.27,2,1,1,130.79,1
15004352,Cust04352,589,Germany,Female,29,2,89015.42,2,0,1,40.27,0
15004353,Cust04353,766,Germany,Male,44,10,120670.14,1,0,1,165.42,0
15004354,Cust04354,559,Germany,Female,47,9,32869.98,4,0,0,62.37,1
15004355,Cust04355,635,France,Female,43,6,151384.16,1,1,1,109.29,1
15004356,Cust04356,657,France,Male,41,1,71112.8,2,1,0,74.08,0
15004357,Cust04357,769,Spain,Female,38,1,117918.3,3,0,1,186.09,0
15004358,Cust04358,850,France,Female,27,1,81004.25,1,1,1,102.26,0
15004359,Cust04359,572,Spain,Male,41,1,62752.02,4,0,0,66.57,0
15004360,Cust04360,565,France,Female,35,2,14530.58,2,1,1,181.09,0
15004361,Cust04361,839,Spain,Female,42,2,43377.75,1,1,1,183.56,0
15004362,Cust04362,635,Germany,Female,44,7,3099.72,1,1,0,104.15,0
15004363,Cust04363,790,France,Male,32,5,134063.41,3,0,0,96.82,0
15004364,Cust04364,520,Spain,Male,33,8,90002.19,3,0,1,101.94,0
15004365,Cust04365,738,Germany,Male,24,9,179725.36,1,1,1,167.03,0
15004366,Cust04366,558,France,Female,21,5,154991.7,3,0,0,140.5,0
15004367,Cust04367,612,Spain,Female,21,7,84256.32,1,1,1,170.94,0
15004368,Cust04368,544,Spain,Male,51,1,129301.09,2,0,0,122.25,1
15004369,Cust04369,653,Germany,Female,47,0,46552.68,2,0,1,52.09,1
15004370,Cust04370,725,France,Male,22,8,28094.25,2,1,1,49.5,0
15004371,Cust04371,592,Germany,Male,45,2,180665.74,1,0,0,197.4,1
15004372,Cust04372,669,France,Male,53,10,0.0,2,1,1,153.37,0
15004373,Cust04373,702,Spain,Female,22,10,228144.2,1,1,1,119.82,1
15004374,Cust04374,734,France,Female,38,10,47512.52,2,1,1,115.36,0
15004375,Cust04375,781,France,Female,24,6,0.0,1,1,0,63.68,0
15004376,Cust04376,774,Spain,Male,19,7,0.0,4,1,1,120.66,0
15004377,Cust04377,644,France,Male,48,3,0.0,1,0,0,36.11,1
15004378,Cust04378,532,France,Male,36,6,122375.71,2,0,0,14.69,1
15004379,Cust04379,586,Germany,Female,36,10,33472.06,3,1,1,183.58,1
15004380,Cust04380,629,Germany,Female,48,3,42814.77,1,0,1,185.79,0
15004381,Cust04381,597,Germany,Male,60,6,50152.22,1,0,1,137.86,0
15004382,Cust04382,616,France,Male,31,4,214352.77,2,1,1,99.75,0
15004383,Cust04383,583,France,Male,33,7,85909.79,2,0,0,90.12,0
15004384,Cust04384,850,France,Male,39,6,93111.12,2,1,0,36.53,1
15004385,Cust04385,626,France,Male,39,3,0.0,4,0,0,183.5,0
15004386,Cust04386,512,France,Female,25,2,127252.41,2,0,1,162.64,0
15004387,Cust04387,698,Germany,Male,22,7,46066.36,2,0,1,108.19,0
15004388,Cust04388,591,France,Male,42,3,144770.89,2,1,0,170.99,1
15004389,Cust04389,646,Spain,Female,45,2,24485.27,2,1,0,190.24,1
15004390,Cust04390,702,France,Female,34,3,21291.86,1,0,0,133.43,0
15004391,Cust04391,831,Spain,Male,38,8,96264.85,1,1,0,42.06,1
15004392,Cust04392,599,Spain,Male,53,4,160254.9,2,1,0,140.82,0
15004393,Cust04393,546,Germany,Female,42,10,88236.84,2,1,1,140.71,0
15004394,Cust04394,703,France,Male,45,10,186339.04,2,1,1,112.14,0
15004395,Cust04395,604,France,Female,31,2,101205.61,1,1,0,128.64,0
15004396,Cust04396,749,Spain,Female,18,4,91156.18,1,0,0,51.76,0
15004397,Cust04397,581,France,Female,39,8,115367.7,2,0,1,34.42,0
15004398,Cust04398,626,France,Male,56,10,91176.04,2,0,0,69.06,0
15004399,Cust04399,652,Spain,Female,36,10,55952.07,2,0,0,68.91,1
15004400,Cust04400,632,France,Male,24,2,100389.46,1,1,1,13.21,0
15004401,Cust04401,778,Germany,Male,26,10,0.0,2,0,0,100.43,1
15004402,Cust04402,700,France,Female,40,10,98373.36,2,0,1,46.97,0
15004403,Cust04403,749,France,Female,33,7,90790.6,1,0,1,15.09,0
15004404,Cust04404,648,Spain,Female,40,3,74623.59,1,1,0,121.46,0
15004405,Cust04405,642,France,Female,49,2,135604.34,1,1,1,43.61,1
15004406,Cust04406,707,France,Female,33,9,132117.39,2,0,1,121.13,0
15004407,Cust04407,612,Spain,Female,28,3,91598.45,2,1,1,140.01,0
15004408,Cust04408,733,France,Male,46,8,103438.87,2,1,1,152.9,0
15004409,Cust04409,570,France,Female,26,3,67178.29,1,0,1,31.75,0
15004410,Cust04410,711,France,Male,59,0,125701.66,2,1,0,28.86,1
15004411,Cust04411,759,France,Male,28,5,116434.41,2,1,0,141.37,0
15004412,Cust04412,649,Germany,Male,34,3,116669.55,1,1,1,84.78,0
15004413,Cust04413,494,Spain,Male,33,6,51834.75,2,0,0,160.11,0
15004414,Cust04414,569,France,Male,40,4,0.0,2,1,1,28.46,0
15004415,Cust04415,709,Spain,Female,42,3,76589.73,4,0,1,34.49,0
15004416,Cust04416,569,Germany,Female,35,8,173764.69,2,0,1,176.73,0
15004417,Cust04417,637,Spain,Female,40,1,45752.12,2,1,0,194.87,0
15004418,Cust04418,819,Spain,Male,73,9,149825.18,1,0,1,46.4,0
15004419,Cust04419,522,Germany,Female,36,10,78584.23,3,0,0,114.71,1
15004420,Cust04420,552,Germany,Male,42,4,135306.07,1,1,1,50.37,0
15004421,Cust04421,670,Germany,Male,49,8,96726.6,1,0,1,66.88,1
15004422,Cust04422,610,Germany,Male,41,10,60702.29,1,1,1,85.66,0
15004423,Cust04423,699,France,Male,37,7,87967.37,2,1,1,73.35,0
15004424,Cust04424,481,Spain,Male,32,7,21070.32,1,1,1,63.1,1
15004425,Cust04425,695,Germany,Female,18,9,0.0,1,0,1,106.21,1
15004426,Cust04426,642,France,Male,43,3,79483.4,1,1,1,161.88,0
15004427,Cust04427,797,Spain,Male,49,4,85051.75,3,1,0,197.99,1
15004428,Cust04428,602,Spain,Female,54,2,37696.63,4,0,0,153.59,0
15004429,Cust04429,548,France,Male,29,8,151487.98,2,0,0,36.53,1
15004430,Cust04430,831,Germany,Female,22,9,94263.25,1,1,0,193.43,0
15004431,Cust04431,579,Spain,Male,48,3,77674.65,2,1,1,87.41,0
15004432,Cust04432,651,France,Male,29,10,208740.16,2,0,1,136.18,1
15004433,Cust04433,728,France,Female,38,0,34668.0,4,0,1,47.11,0
15004434,Cust04434,516,Germany,Female,60,8,137026.38,2,0,0,121.71,1
15004435,Cust04435,691,Germany,Male,40,5,150963.36,2,0,0,47.56,1
15004436,Cust04436,606,France,Female,39,10,35694.19,1,0,0,51.04,0
15004437,Cust04437,665,France,Male,31,0,170784.29,1,1,1,22.85,0
15004438,Cust04438,557,Spain,Male,49,0,0.0,1,1,1,73.58,0
15004439,Cust04439,717,France,Male,18,5,41958.63,2,1,0,114.56,0
15004440,Cust04440,659,Spain,Male,50,3,152340.86,3,1,0,66.65,0
15004441,Cust04441,723,France,Male,60,10,126936.98,2,0,1,50.96,0
15004442,Cust04442,584,France,Female,52,10,108229.4,2,1,0,185.5,0
15004443,Cust04443,753,Spain,Male,39,9,25354.59,2,0,1,115.31,1
15004444,Cust04444,660,Germany,Male,34,9,0.0,1,0,0,11.83,1
15004445,Cust04445,686,France,Male,41,4,96246.91,2,0,0,168.41,1
15004446,Cust04446,720,Germany,Female,26,0,105199.96,2,0,1,13.72,0
15004447,Cust04447,473,France,Female,57,7,90520.04,1,1,1,28.83,1
15004448,Cust04448,714,France,Male,40,6,103028.67,1,0,0,194.83,0
15004449,Cust04449,762,Germany,Male,35,0,109765.98,2,0,1,181.27,0
15004450,Cust04450,550,Germany,Male,28,6,83306.35,1,0,0,150.18,1
15004451,Cust04451,543,Spain,Male,31,10,112899.75,1,0,0,102.67,0
15004452,Cust04452,585,France,Male,41,10,15614.04,2,0,0,158.15,1
15004453,Cust04453,645,France,Female,18,9,159912.97,2,0,0,184.93,0
15004454,Cust04454,565,France,Male,49,4,2956.07,2,1,1,78.9,0
15004455,Cust04455,639,Spain,Male,53,0,88466.15,2,1,0,69.73,0
15004456,Cust04456,831,France,Male,22,4,86719.28,1,1,0,24.05,1
15004457,Cust04457,736,France,Male,18,3,73841.64,2,0,0,181.98,0
15004458,Cust04458,560,France,Male,34,8,97395.34,2,1,1,148.74,0
15004459,Cust04459,763,Germany,Male,51,8,125507.3,2,1,0,147.13,1
15004460,Cust04460,628,Germany,Male,45,4,99413.65,1,1,1,119.69,0
15004461,Cust04461,612,Germany,Male,37,6,74521.69,1,1,0,148.76,0
15004462,Cust04462,659,France,Female,37,4,94370.31,1,1,0,23.47,0
15004463,Cust04463,613,Spain,Female,42,9,260750.98,2,1,1,71.16,0
15004464,Cust04464,605,Germany,Male,19,4,91222.14,1,0,1,48.41,0
15004465,Cust04465,680,France,Female,32,6,84829.1,1,0,1,151.02,0
15004466,Cust04466,754,Germany,Male,29,9,130622.83,2,0,0,158.3,1
15004467,Cust04467,622,Germany,Female,41,7,66164.26,1,1,0,44.93,0
15004468,Cust04468,720,France,Female,44,8,43531.5,1,0,0,35.6,0
15004469,Cust04469,597,Germany,Female,41,2,119198.99,2,1,1,136.91,1
15004470,Cust04470,544,Germany,Female,36,2,49527.22,2,1,1,167.88,1
15004471,Cust04471,667,France,Male,33,4,229993.49,2,1,1,48.55,0
15004472,Cust04472,680,France,Female,27,5,142686.88,1,1,1,26.12,0
15004473,Cust04473,662,France,Male,25,1,54650.55,2,1,0,44.28,1
15004474,Cust04474,635,Spain,Male,50,5,158488.0,1,0,0,18.38,1
15004475,Cust04475,695,France,Female,37,0,186213.98,1,1,1,173.55,0
15004476,Cust04476,697,Germany,Female,46,2,197404.16,1,0,1,165.58,0
15004477,Cust04477,611,France,Female,18,3,127625.28,1,0,0,118.51,0
15004478,Cust04478,576,Spain,Female,20,6,53445.36,1,0,1,64.07,0
15004479,Cust04479,622,France,Male,34,1,140018.83,1,0,0,152.37,0
15004480,Cust04480,554,Spain,Female,24,3,96078.03,2,1,0,32.71,0
15004481,Cust04481,630,France,Female,23,8,106496.45,1,0,1,100.67,0
15004482,Cust04482,664,France,Male,40,4,47646.6,1,0,0,14.63,0
15004483,Cust04483,825,France,Male,38,3,91059.96,1,1,0,99.9,0
15004484,Cust04484,711,Spain,Male,18,10,87524.43,2,0,1,28.13,0
15004485,Cust04485,651,France,Female,40,8,0.0,2,1,0,36.19,0
15004486,Cust04486,681,France,Female,37,7,0.0,4,1,0,133.56,1
15004487,Cust04487,841,Germany,Female,31,8,84609.57,2,0,0,126.15,0
15004488,Cust04488,667,Germany,Male,45,5,54931.09,1,0,0,180.24,0
15004489,Cust04489,802,France,Male,52,1,73228.06,2,0,0,70.14,1
15004490,Cust04490,748,Germany,Female,29,5,35953.69,1,0,1,184.0,1
15004491,Cust04491,562,Germany,Female,33,6,67652.07,2,1,1,13.97,0
15004492,Cust04492,760,Spain,Female,37,4,90623.63,1,1,0,47.67,0
15004493,Cust04493,656,France,Female,25,5,106288.25,1,0,1,167.62,0
15004494,Cust04494,718,Spain,Male,50,5,105774.21,2,0,1,183.47,1
15004495,Cust04495,512,Spain,Male,32,7,94549.37,2,0,1,62.19,0
15004496,Cust04496,656,France,Male,43,10,77944.84,2,0,1,104.96,1
15004497,Cust04497,717,Germany,Female,40,2,39188.79,2,1,1,133.27,0
15004498,Cust04498,649,France,Female,29,3,58549.48,1,1,0,27.46,0
15004499,Cust04499,547,Spain,Female,33,3,15978.82,1,0,1,41.35,0
15004500,Cust04500,599,Germany,Male,45,9,226417.31,1,1,0,79.06,1
15004501,Cust04501,796,Germany,Male,44,10,196246.74,1,1,1,77.4,0
15004502,Cust04502,704,France,Female,35,8,130665.18,2,0,0,22.5,0
15004503,Cust04503,659,France,Female,32,0,11385.16,3,0,0,55.17,1
15004504,Cust04504,670,Spain,Female,41,9,83463.13,1,1,1,67.13,0
15004505,Cust04505,651,France,Male,28,7,0.0,3,0,0,48.69,1
15004506,Cust04506,612,France,Male,43,3,132248.55,2,1,1,180.35,0
15004507,Cust04507,687,Germany,Female,35,0,120224.49,1,0,0,157.42,0
15004508,Cust04508,639,Spain,Male,40,6,144764.17,2,1,1,69.07,0
15004509,Cust04509,585,Germany,Female,32,0,159250.35,2,0,1,170.84,0
15004510,Cust04510,385,Germany,Female,27,6,145972.83,1,1,1,104.22,0
15004511,Cust04511,599,France,Male,18,1,108694.46,2,0,0,44.12,1
15004512,Cust04512,673,Germany,Male,53,8,119832.48,1,0,1,106.6,0
15004513,Cust04513,648,France,Female,37,2,77292.17,1,0,0,169.49,1
15004514,Cust04514,850,France,Female,41,5,0.0,2,1,0,194.25,0
15004515,Cust04515,574,France,Female,51,6,0.0,2,1,0,54.44,0
15004516,Cust04516,480,Spain,Male,20,1,45061.49,1,1,1,115.34,0
15004517,Cust04517,801,France,Female,34,9,46704.94,2,0,0,20.13,0
15004518,Cust04518,702,Spain,Female,42,5,104189.71,1,1,0,47.99,1
15004519,Cust04519,705,Germany,Male,36,7,40552.21,2,0,1,191.55,0
15004520,Cust04520,655,France,Male,18,6,95166.57,1,0,0,78.14,0
15004521,Cust04521,623,Spain,Female,36,5,0.0,2,1,1,78.42,0
15004522,Cust04522,684,Spain,Female,37,9,77048.18,2,0,0,109.37,0
15004523,Cust04523,850,France,Female,45,5,61809.43,2,0,1,199.35,0
15004524,Cust04524,810,France,Female,52,7,35280.24,2,0,1,112.87,0
15004525,Cust04525,602,France,Male,29,4,97921.1,1,1,0,61.22,0
15004526,Cust04526,810,France,Male,38,8,31963.2,2,1,0,186.2,0
15004527,Cust04527,569,France,Male,22,3,196260.87,1,0,1,98.95,0
15004528,Cust04528,645,France,Male,33,0,67580.67,1,0,0,52.58,0
15004529,Cust04529,594,France,Male,51,4,198056.55,1,0,1,29.34,0
15004530,Cust04530,536,France,Male,50,1,12132.43,1,0,0,23.03,1
15004531,Cust04531,573,Spain,Female,61,1,94762.04,2,1,1,152.57,0
15004532,Cust04532,808,Spain,Male,25,4,26211.37,2,0,1,69.28,0
15004533,Cust04533,636,France,Male,35,6,0.0,2,1,1,89.79,0
15004534,Cust04534,688,France,Male,52,0,108302.24,2,1,0,66.87,1
15004535,Cust04535,591,France,Male,57,7,23128.39,1,1,0,22.11,0
15004536,Cust04536,735,France,Female,38,9,0.0,2,0,1,16.52,0
15004537,Cust04537,661,Spain,Female,43,1,93588.06,2,1,1,37.34,0
15004538,Cust04538,804,France,Male,57,2,147995.11,2,1,1,32.19,1
15004539,Cust04539,650,France,Female,46,4,77808.81,2,0,1,109.48,0
15004540,Cust04540,638,France,Male,41,6,0.0,1,1,1,32.9,0
15004541,Cust04541,643,Spain,Female,55,1,127017.27,1,1,1,99.53,1
15004542,Cust04542,712,France,Female,27,7,140548.68,2,1,0,26.39,0
15004543,Cust04543,553,Germany,Female,65,4,149933.6,1,1,0,185.35,1
15004544,Cust04544,746,France,Female,41,6,156958.15,2,1,1,93.47,0
15004545,Cust04545,688,Germany,Female,35,5,92984.02,2,1,1,190.84,0
15004546,Cust04546,673,Germany,Female,47,7,0.0,2,1,1,149.91,0
15004547,Cust04547,523,Germany,Male,36,4,145006.04,2,1,1,142.45,0
15004548,Cust04548,593,Spain,Male,50,4,145073.11,1,1,0,56.96,0
15004549,Cust04549,662,France,Male,21,8,109020.98,2,1,1,165.57,0
15004550,Cust04550,665,Spain,Female,34,5,94363.44,2,0,1,93.99,0
15004551,Cust04551,633,France,Male,33,7,174631.79,2,1,0,39.53,0
15004552,Cust04552,748,France,Female,53,6,15385.9,2,0,0,25.23,1
15004553,Cust04553,752,Spain,Female,18,8,67350.13,1,1,0,146.4,0
15004554,Cust04554,647,France,Male,46,4,21065.56,1,0,1,50.68,1
15004555,Cust04555,703,Germany,Female,45,0,104700.59,1,0,0,31.45,0
15004556,Cust04556,721,Spain,Female,45,10,81375.06,2,0,0,76.57,0
15004557,Cust04557,680,Germany,Female,54,4,145286.27,2,1,1,117.1,0
15004558,Cust04558,679,Spain,Male,49,3,1021.88,2,0,1,182.57,1
15004559,Cust04559,504,Germany,Female,40,4,112191.22,1,0,0,143.16,0
15004560,Cust04560,627,Germany,Female,33,1,166446.79,1,0,0,130.15,1
15004561,Cust04561,685,France,Male,40,7,110630.61,2,0,1,56.88,0
15004562,Cust04562,679,France,Female,38,9,127093.37,2,1,1,197.65,0
15004563,Cust04563,623,France,Male,31,0,29520.65,1,1,1,191.1,0
15004564,Cust04564,792,France,Female,34,4,182780.58,2,1,0,90.48,0
15004565,Cust04565,532,France,Female,42,10,62149.3,2,0,1,183.95,1
15004566,Cust04566,798,Germany,Male,18,6,6709.67,2,1,1,143.77,0
15004567,Cust04567,833,France,Female,18,1,13471.09,2,0,0,55.49,0
15004568,Cust04568,772,France,Female,33,1,40362.82,2,0,0,151.23,1
15004569,Cust04569,850,France,Female,53,9,68983.42,2,1,0,130.08,0
15004570,Cust04570,678,Germany,Male,33,7,160539.85,1,1,0,182.41,0
15004571,Cust04571,782,Spain,Male,32,7,80969.91,2,0,1,81.78,0
15004572,Cust04572,798,France,Male,41,6,44264.16,1,1,0,93.8,0
15004573,Cust04573,654,Spain,Female,53,7,71937.19,2,1,0,66.98,0
15004574,Cust04574,591,France,Female,27,7,83774.24,1,1,1,110.94,0
15004575,Cust04575,614,France,Female,39,4,91117.27,2,1,0,109.62,0
15004576,Cust04576,781,Spain,Male,25,1,127248.21,2,0,1,121.59,0
15004577,Cust04577,631,France,Male,31,6,181038.9,2,1,1,148.52,0
15004578,Cust04578,717,Germany,Male,35,8,37727.46,2,1,0,41.78,1
15004579,Cust04579,584,Germany,Male,47,7,72005.82,2,1,1,121.74,1
15004580,Cust04580,499,Spain,Female,27,2,191768.34,1,0,0,184.96,0
15004581,Cust04581,758,France,Male,18,2,30688.24,2,1,1,53.2,0
15004582,Cust04582,686,France,Male,48,3,104677.97,1,1,1,62.95,0
15004583,Cust04583,567,France,Male,46,0,49638.04,1,0,1,48.52,0
15004584,Cust04584,739,Germany,Male,18,2,49136.38,2,0,0,95.36,1
15004585,Cust04585,540,France,Female,40,3,129152.07,1,1,0,110.66,1
15004586,Cust04586,639,France,Male,29,10,129447.57,3,0,0,128.95,0
15004587,Cust04587,615,Spain,Female,71,8,0.0,1,0,1,89.76,0
15004588,Cust04588,749,France,Male,53,9,93203.71,1,0,1,61.91,0
15004589,Cust04589,623,France,Female,56,3,164157.37,3,1,1,146.86,0
15004590,Cust04590,581,France,Female,40,3,62861.54,2,0,1,147.42,0
15004591,Cust04591,608,France,Female,38,3,30761.21,2,0,1,134.44,0
15004592,Cust04592,624,Spain,Female,25,2,160794.38,2,0,0,186.82,0
15004593,Cust04593,690,France,Male,34,9,116950.32,1,0,1,192.93,0
15004594,Cust04594,658,France,Female,42,10,67789.61,1,0,1,13.87,0
15004595,Cust04595,634,Spain,Male,18,0,77035.86,3,0,1,169.75,0
15004596,Cust04596,549,Germany,Female,29,4,0.0,1,1,1,82.01,1
15004597,Cust04597,651,Germany,Male,31,4,45837.46,2,1,0,132.04,0
15004598,Cust04598,618,Germany,Male,47,8,95731.83,2,1,1,67.32,0
15004599,Cust04599,781,France,Male,37,5,87799.23,1,1,1,65.99,0
15004600,Cust04600,731,France,Male,43,5,163833.0,2,0,0,97.07,0
15004601,Cust04601,569,Spain,Male,43,7,178587.35,1,1,1,102.98,0
15004602,Cust04602,499,Germany,Female,55,7,267995.12,1,0,1,34.83,1
15004603,Cust04603,467,Spain,Male,32,3,0.0,2,0,1,40.28,0
15004604,Cust04604,767,Germany,Male,41,7,114292.48,2,0,0,103.47,0
15004605,Cust04605,447,Spain,Female,33,5,67621.94,2,1,1,174.59,0
15004606,Cust04606,736,Spain,Female,34,4,56821.63,3,0,1,151.19,0
15004607,Cust04607,547,France,Female,22,6,0.0,2,1,0,185.32,1
15004608,Cust04608,566,France,Male,46,5,28868.08,3,0,1,45.96,0
15004609,Cust04609,798,France,Male,45,6,2809.09,1,0,0,32.91,0
15004610,Cust04610,668,Spain,Female,22,5,43770.84,1,0,1,65.97,0
15004611,Cust04611,444,Germany,Male,21,4,29999.75,1,0,0,120.25,0
15004612,Cust04612,590,Germany,Female,66,8,101561.4,1,1,1,70.44,0
15004613,Cust04613,511,Germany,Female,47,6,22262.57,2,0,1,21.32,0
15004614,Cust04614,740,Germany,Male,51,3,54183.82,1,1,1,156.32,0
15004615,Cust04615,543,France,Female,26,0,80262.5,1,0,0,89.8,0
15004616,Cust04616,554,Germany,Male,32,4,99692.14,1,1,0,180.06,0
15004617,Cust04617,686,France,Female,32,8,106571.36,1,0,0,165.49,0
15004618,Cust04618,680,Spain,Male,35,3,152939.87,1,1,0,145.02,0
15004619,Cust04619,567,Spain,Male,54,1,132498.26,2,1,0,31.29,0
15004620,Cust04620,756,Germany,Female,35,10,93259.91,2,0,0,155.14,0
15004621,Cust04621,623,Germany,Male,43,9,188988.36,1,0,1,134.0,0
15004622,Cust04622,716,France,Male,52,6,80443.18,1,0,0,34.53,0
15004623,Cust04623,483,Spain,Male,45,9,86511.51,1,1,0,187.07,1
15004624,Cust04624,812,France,Male,44,8,22767.65,2,1,0,199.45,0
15004625,Cust04625,776,Germany,Male,18,8,166235.39,2,0,1,178.89,0
15004626,Cust04626,727,Germany,Male,37,6,110363.78,2,1,1,169.79,0
15004627,Cust04627,649,Germany,Male,34,0,140157.55,2,1,0,32.67,1
15004628,Cust04628,745,France,Female,51,6,127830.14,1,1,0,35.07,0
15004629,Cust04629,644,France,Female,43,0,51609.67,1,0,0,64.16,0
15004630,Cust04630,535,Spain,Female,54,6,0.0,1,1,0,149.26,0
15004631,Cust04631,563,Spain,Female,38,4,84669.17,1,0,1,92.74,0
15004632,Cust04632,811,France,Male,41,4,45455.4,3,1,1,108.16,0
15004633,Cust04633,750,France,Female,25,3,112396.63,1,1,1,99.92,0
15004634,Cust04634,850,France,Male,58,3,78920.49,2,0,0,117.79,0
15004635,Cust04635,621,Germany,Male,33,8,100826.78,3,1,1,89.11,0
15004636,Cust04636,599,Spain,Female,47,6,203771.25,2,0,0,85.56,0
15004637,Cust04637,613,Spain,Male,35,9,7008.63,2,0,0,64.3,0
15004638,Cust04638,678,Spain,Male,40,4,45541.69,1,1,0,184.4,1
15004639,Cust04639,736,France,Female,26,3,64927.9,1,1,0,197.68,0
15004640,Cust04640,670,Spain,Male,18,3,84093.62,2,1,1,158.31,0
15004641,Cust04641,596,Germany,Female,33,7,199761.44,2,0,1,125.42,0
15004642,Cust04642,646,France,Female,38,10,144396.78,2,1,1,184.86,0
15004643,Cust04643,700,Spain,Female,41,7,96369.15,2,0,0,22.61,0
15004644,Cust04644,497,France,Male,34,6,0.0,2,1,1,180.91,0
15004645,Cust04645,350,France,Female,31,3,41180.88,3,0,0,135.88,0
15004646,Cust04646,634,France,Male,53,4,0.0,3,1,0,41.88,0
15004647,Cust04647,654,Germany,Male,38,0,90998.73,1,0,0,39.7,0
15004648,Cust04648,572,Spain,Female,31,4,11431.26,2,0,1,55.39,0
15004649,Cust04649,790,France,Male,45,10,200875.05,2,1,0,25.74,0
15004650,Cust04650,740,France,Male,39,3,87697.57,1,1,0,26.35,0
15004651,Cust04651,666,Spain,Male,44,2,246073.0,2,1,1,15.47,0
15004652,Cust04652,792,Germany,Male,43,7,172032.91,2,0,1,28.32,1
15004653,Cust04653,612,France,Male,18,0,75791.83,1,0,1,111.5,1
15004654,Cust04654,614,France,Male,38,9,119635.34,1,1,1,64.39,0
15004655,Cust04655,691,Germany,Female,26,9,213562.09,2,1,1,53.07,0
15004656,Cust04656,563,France,Male,40,7,109716.01,1,0,1,55.47,0
15004657,Cust04657,690,France,Male,31,4,0.0,1,0,0,83.64,0
15004658,Cust04658,639,Germany,Female,43,7,89631.95,2,1,0,122.32,1
15004659,Cust04659,694,France,Male,40,9,79918.0,2,0,0,120.64,0
15004660,Cust04660,521,Spain,Female,43,5,152290.03,2,0,1,74.76,0
15004661,Cust04661,766,Germany,Male,54,2,98612.13,1,0,0,174.71,0
15004662,Cust04662,508,France,Male,42,1,52639.92,1,1,1,70.02,0
15004663,Cust04663,773,Germany,Male,27,3,111155.35,1,0,1,139.59,0
15004664,Cust04664,778,France,Male,32,6,149735.57,2,1,1,17.96,0
15004665,Cust04665,677,France,Female,39,7,91987.42,3,0,0,161.5,1
15004666,Cust04666,704,Germany,Male,45,2,99549.67,2,1,0,65.84,1
15004667,Cust04667,573,Germany,Female,56,10,38430.29,3,1,0,174.99,1
15004668,Cust04668,618,France,Female,18,1,106562.89,2,0,0,31.7,0
15004669,Cust04669,591,France,Female,52,7,0.0,2,0,0,136.87,0
15004670,Cust04670,573,France,Male,43,9,0.0,2,0,0,68.61,0
15004671,Cust04671,586,France,Female,49,9,72522.68,2,0,1,76.71,0
15004672,Cust04672,639,Germany,Female,45,9,16134.35,1,0,0,156.97,0
15004673,Cust04673,670,France,Male,30,4,0.0,1,1,1,152.62,0
15004674,Cust04674,719,Germany,Female,31,1,151636.48,2,0,0,146.33,1
15004675,Cust04675,796,Germany,Male,41,5,0.0,2,0,1,188.88,1
15004676,Cust04676,550,Spain,Male,54,4,152903.77,1,1,0,150.19,1
15004677,Cust04677,677,France,Male,34,0,102619.74,1,1,1,97.17,0
15004678,Cust04678,715,Spain,Male,41,0,70888.35,2,1,0,179.57,0
15004679,Cust04679,802,Germany,Male,25,7,175659.08,3,0,0,77.29,1
15004680,Cust04680,722,France,Female,33,7,112360.09,1,0,1,105.77,0
15004681,Cust04681,776,Germany,Male,38,8,66552.6,2,0,0,93.51,0
15004682,Cust04682,709,Spain,Female,36,1,97336.29,1,1,1,114.5,0
15004683,Cust04683,504,France,Female,55,5,96383.54,1,0,1,18.25,0
15004684,Cust04684,700,France,Male,34,0,201377.18,2,0,0,197.03,0
15004685,Cust04685,625,Spain,Male,27,6,3387.6,2,0,0,74.4,0
15004686,Cust04686,696,France,Male,58,6,164200.9,1,1,0,108.84,0
15004687,Cust04687,533,Spain,Female,39,4,65121.58,1,1,1,117.45,0
15004688,Cust04688,649,Germany,Male,51,5,86992.43,2,1,1,88.37,1
15004689,Cust04689,705,France,Female,21,5,72565.6,1,1,1,106.91,0
15004690,Cust04690,580,France,Female,46,6,132351.12,1,0,1,126.26,1
15004691,Cust04691,651,Spain,Male,42,6,79912.64,1,0,1,167.45,0
15004692,Cust04692,652,Germany,Male,22,1,0.0,2,0,0,145.4,1
15004693,Cust04693,850,Spain,Male,24,6,129543.54,2,0,1,78.39,0
15004694,Cust04694,666,France,Male,38,10,52105.14,2,0,0,72.86,0
15004695,Cust04695,632,France,Female,41,10,95965.27,1,0,1,197.26,0
15004696,Cust04696,687,Germany,Female,44,7,39501.06,2,1,0,86.46,1
15004697,Cust04697,512,Spain,Female,29,2,53994.88,2,0,0,96.97,1
15004698,Cust04698,832,France,Female,40,4,29187.89,1,1,1,16.03,0
15004699,Cust04699,692,France,Female,37,6,32228.92,2,0,0,108.67,1
15004700,Cust04700,552,France,Male,45,3,35197.25,1,0,1,25.99,0
15004701,Cust04701,813,Spain,Male,36,5,13318.19,1,1,1,197.03,0
15004702,Cust04702,697,France,Female,39,8,50844.34,1,1,0,140.08,0
15004703,Cust04703,669,France,Male,43,1,96324.76,2,1,1,43.42,0
15004704,Cust04704,486,Germany,Female,37,7,107124.12,2,0,1,158.57,0
15004705,Cust04705,740,Spain,Female,35,10,0.0,2,0,0,78.13,0
15004706,Cust04706,720,Spain,Female,24,1,41656.05,1,0,0,158.14,0
15004707,Cust04707,606,Spain,Male,47,6,66038.78,2,1,0,96.9,1
15004708,Cust04708,676,Germany,Male,33,9,98756.9,1,1,0,100.39,1
15004709,Cust04709,634,France,Male,42,3,93293.23,2,0,1,25.42,0
15004710,Cust04710,611,France,Female,45,8,88510.68,1,1,1,185.19,0
15004711,Cust04711,537,France,Female,31,2,158971.48,1,0,0,116.32,1
15004712,Cust04712,506,Spain,Female,32,4,92217.8,2,0,0,57.97,1
15004713,Cust04713,783,France,Male,29,4,23353.34,2,0,1,28.93,0
15004714,Cust04714,702,Germany,Male,18,2,0.0,2,0,1,120.27,0
15004715,Cust04715,626,Spain,Female,47,0,109665.08,2,1,1,76.45,0
15004716,Cust04716,638,Germany,Male,32,5,982.17,1,1,1,36.96,0
15004717,Cust04717,654,Germany,Male,21,7,63591.66,1,0,0,150.62,0
15004718,Cust04718,677,France,Female,33,3,33875.99,1,0,0,43.03,0
15004719,Cust04719,741,France,Male,49,9,174545.71,1,1,0,100.46,1
15004720,Cust04720,555,France,Male,35,3,0.0,1,1,1,57.33,0
15004721,Cust04721,751,Germany,Male,39,9,81263.07,1,0,0,171.61,0
15004722,Cust04722,668,France,Female,47,0,96992.85,2,1,1,196.75,1
15004723,Cust04723,652,Spain,Female,38,3,117215.31,2,1,1,12.31,0
15004724,Cust04724,546,France,Male,35,0,0.0,1,1,1,93.27,0
15004725,Cust04725,649,France,Female,35,9,117702.0,1,0,0,172.83,0
15004726,Cust04726,745,Germany,Female,48,9,125128.49,2,0,0,95.47,0
15004727,Cust04727,611,Germany,Male,30,5,57348.21,1,1,0,61.06,0
15004728,Cust04728,662,Germany,Male,30,1,102931.37,1,1,0,60.48,0
15004729,Cust04729,592,France,Female,43,6,89268.89,1,0,1,159.2,0
15004730,Cust04730,647,Germany,Male,55,6,61654.69,1,1,1,72.39,1
15004731,Cust04731,657,Germany,Male,30,2,132545.47,3,0,1,12.87,0
15004732,Cust04732,731,Germany,Male,53,2,81229.14,2,1,0,140.5,0
15004733,Cust04733,626,Germany,Female,18,3,77765.07,2,0,1,68.68,0
15004734,Cust04734,562,Germany,Female,53,4,72237.5,2,0,0,41.91,1
15004735,Cust04735,652,Germany,Male,61,9,46320.82,2,0,0,100.03,1
15004736,Cust04736,566,Germany,Female,25,1,106106.82,1,1,0,182.38,1
15004737,Cust04737,665,Spain,Male,54,2,110826.08,1,0,0,39.46,1
15004738,Cust04738,566,France,Female,44,6,127142.81,1,0,1,171.1,0
15004739,Cust04739,583,Spain,Male,32,8,159481.8,2,1,1,83.57,0
15004740,Cust04740,677,France,Male,40,6,32784.05,1,0,0,150.03,0
15004741,Cust04741,714,Germany,Male,50,5,104003.07,3,1,0,178.75,1
15004742,Cust04742,450,Spain,Female,32,7,162580.87,2,0,1,47.82,0
15004743,Cust04743,713,Germany,Male,46,2,0.0,1,0,0,78.54,0
15004744,Cust04744,554,France,Female,51,8,98578.54,1,0,1,55.3,1
15004745,Cust04745,587,France,Female,24,6,64376.15,3,0,0,72.68,1
15004746,Cust04746,793,France,Female,34,2,102445.44,1,0,0,114.37,0
15004747,Cust04747,803,France,Female,36,4,84069.37,2,0,0,93.33,0
15004748,Cust04748,774,Spain,Female,48,4,128967.68,1,1,1,142.5,0
15004749,Cust04749,665,France,Male,41,8,39858.37,1,0,0,147.98,1
15004750,Cust04750,668,France,Female,59,9,31595.94,3,1,1,175.04,0
15004751,Cust04751,683,Spain,Male,48,5,139509.81,1,0,0,157.58,0
15004752,Cust04752,725,France,Male,28,1,27434.86,1,1,0,66.89,1
15004753,Cust04753,568,France,Male,25,3,139947.79,1,1,0,12.7,0
15004754,Cust04754,593,France,Female,41,6,118864.1,1,1,1,135.61,0
15004755,Cust04755,634,Spain,Male,46,0,59005.09,4,1,0,159.84,0
15004756,Cust04756,781,Germany,Female,30,2,49314.29,1,1,1,74.75,0
15004757,Cust04757,639,Germany,Female,47,6,176679.41,1,0,0,195.4,0
15004758,Cust04758,610,Spain,Female,45,10,64313.81,2,1,1,147.76,0
15004759,Cust04759,850,France,Female,30,7,0.0,2,0,0,42.99,0
15004760,Cust04760,668,France,Female,37,0,44420.6,1,0,0,105.0,0
15004761,Cust04761,622,France,Male,47,0,93378.06,2,1,0,35.84,1
15004762,Cust04762,482,France,Male,40,5,128454.79,1,1,1,88.11,0
15004763,Cust04763,684,France,Male,48,9,0.0,1,1,0,80.44,0
15004764,Cust04764,607,France,Male,48,3,133583.59,2,0,0,51.69,0
15004765,Cust04765,523,Spain,Male,45,6,0.0,2,0,1,133.65,0
15004766,Cust04766,561,France,Male,27,7,32670.3,2,0,1,100.82,0
15004767,Cust04767,659,Germany,Female,36,7,53013.44,2,0,0,71.61,0
15004768,Cust04768,761,Spain,Male,43,1,104375.64,2,1,0,159.82,0
15004769,Cust04769,801,Spain,Female,33,3,0.0,1,1,0,112.81,0
15004770,Cust04770,731,Germany,Male,45,7,37754.97,2,0,1,195.82,0
15004771,Cust04771,587,Spain,Female,48,3,124597.05,2,1,1,148.92,0
15004772,Cust04772,614,Spain,Female,46,2,151040.08,2,0,0,22.06,0
15004773,Cust04773,620,Germany,Female,42,1,26151.19,2,1,1,11.68,0
15004774,Cust04774,726,France,Male,29,2,26155.82,3,1,1,26.8,1
15004775,Cust04775,816,Germany,Male,23,0,82152.24,2,0,1,64.16,0
15004776,Cust04776,630,Spain,Male,39,10,102581.14,2,0,0,28.89,1
15004777,Cust04777,474,France,Female,45,5,69222.39,1,0,1,198.37,0
15004778,Cust04778,585,Germany,Male,40,5,45817.04,2,1,0,160.46,0
15004779,Cust04779,773,France,Male,34,2,164426.52,1,0,1,49.09,0
15004780,Cust04780,580,France,Female,47,0,19796.52,4,0,0,34.64,1
15004781,Cust04781,612,Germany,Male,52,2,37970.71,2,1,0,145.89,0
15004782,Cust04782,545,Germany,Male,32,5,58879.81,3,1,1,62.4,0
15004783,Cust04783,569,Germany,Female,39,2,63249.58,3,0,0,159.88,0
15004784,Cust04784,696,France,Female,39,9,126684.07,1,1,0,179.23,1
15004785,Cust04785,408,France,Male,18,3,103489.31,4,0,0,101.45,0
15004786,Cust04786,726,Spain,Male,41,3,23312.71,1,1,1,186.74,0
15004787,Cust04787,720,Spain,Female,56,10,124064.31,2,0,0,37.49,0
15004788,Cust04788,622,Spain,Male,35,3,52002.71,2,1,1,118.2,0
15004789,Cust04789,590,Spain,Male,69,2,142876.42,1,0,1,74.2,1
15004790,Cust04790,657,France,Male,40,7,32154.3,1,1,1,38.43,1
15004791,Cust04791,649,Spain,Female,26,8,175224.63,1,0,0,86.56,0
15004792,Cust04792,663,France,Female,55,0,236542.16,1,0,0,148.15,1
15004793,Cust04793,763,Spain,Female,44,4,162794.01,1,0,1,127.35,0
15004794,Cust04794,479,France,Female,18,5,7222.93,1,0,0,27.31,0
15004795,Cust04795,647,France,Male,38,0,154261.23,2,0,0,149.17,1
15004796,Cust04796,595,France,Female,33,7,184313.36,2,0,0,181.35,0
15004797,Cust04797,731,Germany,Male,18,10,0.0,2,0,1,137.59,0
15004798,Cust04798,544,Germany,Female,28,2,178069.57,2,1,1,39.94,0
15004799,Cust04799,566,France,Female,43,8,109415.71,3,1,1,147.4,0
15004800,Cust04800,700,Spain,Female,34,1,206920.02,1,1,1,51.98,0
15004801,Cust04801,544,France,Male,48,9,160003.36,2,0,1,156.53,0
15004802,Cust04802,590,Germany,Male,32,4,59136.0,2,0,0,49.67,1
15004803,Cust04803,593,France,Female,47,5,92567.06,1,1,0,169.69,0
15004804,Cust04804,694,Germany,Male,33,4,79018.4,1,0,1,47.49,0
15004805,Cust04805,623,Spain,Female,42,4,53478.55,2,0,0,85.69,0
15004806,Cust04806,651,Germany,Female,43,7,136957.07,2,1,0,85.32,0
15004807,Cust04807,682,France,Female,40,3,140839.78,2,0,0,52.92,0
15004808,Cust04808,791,France,Female,37,9,59703.36,1,0,0,125.87,0
15004809,Cust04809,652,Spain,Female,18,4,145443.51,1,1,0,143.85,0
15004810,Cust04810,601,Germany,Female,51,0,12361.09,1,0,1,101.88,0
15004811,Cust04811,737,France,Female,36,3,101259.92,2,1,0,162.33,1
15004812,Cust04812,674,Germany,Female,45,10,126582.92,2,1,0,188.05,0
15004813,Cust04813,739,France,Male,42,7,8373.27,2,1,1,156.96,0
15004814,Cust04814,737,Germany,Male,28,10,44106.16,2,0,0,158.13,0
15004815,Cust04815,850,France,Male,25,7,142796.31,2,0,1,150.68,1
15004816,Cust04816,613,Germany,Female,28,7,53589.21,2,0,0,89.59,0
15004817,Cust04817,811,France,Male,40,7,32781.11,1,1,0,171.39,0
15004818,Cust04818,576,France,Male,34,4,20102.94,2,1,1,40.81,1
15004819,Cust04819,719,France,Female,22,2,44756.3,3,0,1,77.64,0
15004820,Cust04820,850,Germany,Female,54,0,53010.62,2,1,1,26.34,1
15004821,Cust04821,565,Germany,Male,36,8,96783.54,2,0,0,148.25,1
15004822,Cust04822,640,France,Male,45,4,201489.77,2,0,0,181.71,0
15004823,Cust04823,649,France,Female,33,10,35957.36,1,1,1,121.77,0
15004824,Cust04824,850,Germany,Male,18,3,63298.64,2,0,1,81.69,0
15004825,Cust04825,583,France,Male,18,7,20131.6,1,0,1,28.79,0
15004826,Cust04826,642,Spain,Female,30,7,41928.24,1,0,0,187.78,0
15004827,Cust04827,763,Spain,Male,24,1,98145.96,2,1,0,105.23,1
15004828,Cust04828,618,France,Female,32,5,184829.29,2,1,0,71.57,0
15004829,Cust04829,661,France,Female,53,5,56400.79,2,1,0,136.06,1
15004830,Cust04830,676,France,Female,18,4,118605.0,1,0,1,193.8,0
15004831,Cust04831,575,Germany,Female,37,4,0.0,1,1,0,182.74,1
15004832,Cust04832,565,France,Male,36,3,99786.61,1,1,1,177.23,0
15004833,Cust04833,619,France,Male,23,10,66254.93,1,1,0,151.81,0
15004834,Cust04834,664,France,Female,32,10,141290.32,2,0,0,48.12,0
15004835,Cust04835,614,France,Male,30,10,77093.79,1,0,1,117.48,0
15004836,Cust04836,577,France,Male,41,5,112762.95,2,1,0,24.74,0
15004837,Cust04837,667,France,Male,49,6,219722.34,1,1,1,58.15,0
15004838,Cust04838,734,France,Male,37,8,86883.62,1,1,1,56.48,0
15004839,Cust04839,751,Germany,Female,36,8,10701.2,4,1,0,190.28,0
15004840,Cust04840,673,Spain,Male,35,8,148212.07,1,1,0,59.47,1
15004841,Cust04841,603,France,Male,37,5,127419.32,2,0,1,131.9,0
15004842,Cust04842,825,Spain,Female,35,10,26192.8,1,0,1,63.86,1
15004843,Cust04843,598,Germany,Female,61,0,54070.29,2,0,1,21.5,0
15004844,Cust04844,775,France,Female,41,2,144664.95,1,1,1,37.51,0
15004845,Cust04845,545,France,Female,18,4,105512.67,2,1,0,128.35,1
15004846,Cust04846,622,France,Male,34,0,61038.07,1,1,0,141.33,0
15004847,Cust04847,476,Spain,Male,43,10,140598.58,2,1,0,130.26,0
15004848,Cust04848,814,Spain,Female,22,10,80513.71,2,1,0,141.46,0
15004849,Cust04849,584,France,Male,51,4,55121.93,1,0,1,113.68,0
15004850,Cust04850,673,Germany,Male,38,9,86690.03,1,0,1,119.48,1
15004851,Cust04851,578,Germany,Male,32,2,103380.75,2,1,1,78.75,1
15004852,Cust04852,456,Spain,Female,26,2,131996.39,1,0,1,120.53,0
15004853,Cust04853,504,France,Female,18,0,45063.32,1,1,0,29.03,0
15004854,Cust04854,626,France,Female,42,3,79572.61,2,1,1,13.72,0
15004855,Cust04855,570,France,Female,44,2,22004.27,2,0,1,40.31,1
15004856,Cust04856,665,Germany,Female,38,9,26135.39,1,1,1,155.92,0
15004857,Cust04857,649,France,Female,39,9,148878.15,1,1,0,185.18,1
15004858,Cust04858,733,Spain,Male,41,7,28863.73,2,1,0,56.02,0
15004859,Cust04859,585,France,Male,46,2,107488.55,2,1,0,159.23,1
15004860,Cust04860,646,Spain,Male,21,6,0.0,2,0,1,89.1,0
15004861,Cust04861,656,France,Female,45,0,0.0,2,1,0,111.49,1
15004862,Cust04862,707,Germany,Female,52,10,143736.58,1,0,0,54.62,0
15004863,Cust04863,714,France,Male,50,1,0.0,3,1,0,38.77,0
15004864,Cust04864,711,Spain,Male,35,8,182489.97,2,0,0,183.24,0
15004865,Cust04865,637,Spain,Female,69,9,47008.21,1,0,1,89.56,0
15004866,Cust04866,659,Germany,Female,29,7,83715.13,2,0,0,160.43,0
15004867,Cust04867,653,France,Female,38,3,35551.3,3,0,1,31.3,1
15004868,Cust04868,569,Germany,Female,37,8,185158.94,3,1,0,104.89,1
15004869,Cust04869,669,Germany,Male,33,0,24849.26,1,1,0,23.2,0
15004870,Cust04870,755,Germany,Male,38,4,90867.4,1,1,1,167.31,0
15004871,Cust04871,766,Spain,Female,18,5,106490.35,1,1,0,165.62,0
15004872,Cust04872,578,France,Male,26,1,125179.99,3,1,0,165.58,1
15004873,Cust04873,593,Spain,Male,31,1,122651.04,2,0,0,18.92,0
15004874,Cust04874,788,Spain,Female,31,0,28400.79,2,0,0,23.33,0
15004875,Cust04875,734,Germany,Male,34,1,107117.45,4,1,0,96.66,0
15004876,Cust04876,618,France,Male,41,4,134979.2,2,0,0,110.15,0
15004877,Cust04877,815,France,Female,32,9,61545.57,2,0,0,95.11,0
15004878,Cust04878,556,Spain,Male,55,9,13787.1,1,0,0,186.49,1
15004879,Cust04879,772,Spain,Female,18,1,24458.07,2,0,1,150.17,0
15004880,Cust04880,724,France,Female,45,9,68155.38,1,0,0,165.99,1
15004881,Cust04881,793,France,Female,41,9,187875.84,3,1,1,165.39,1
15004882,Cust04882,720,France,Male,36,3,130195.07,1,0,0,186.8,0
15004883,Cust04883,648,Germany,Female,18,1,133609.75,2,0,0,19.39,0
15004884,Cust04884,524,Spain,Male,18,3,78080.2,3,0,1,50.97,0
15004885,Cust04885,643,Spain,Female,21,10,106170.41,1,1,1,122.02,0
15004886,Cust04886,561,Spain,Male,48,9,72630.22,1,0,1,173.05,0
15004887,Cust04887,575,France,Female,20,2,190989.05,3,1,1,72.7,0
15004888,Cust04888,728,Spain,Male,29,7,99638.69,1,1,1,199.27,0
15004889,Cust04889,831,Germany,Female,42,2,68527.86,1,0,1,179.88,0
15004890,Cust04890,683,France,Male,19,10,73774.12,3,1,1,193.86,1
15004891,Cust04891,606,France,Female,32,4,126935.41,2,1,0,81.27,0
15004892,Cust04892,656,Germany,Male,32,6,0.0,2,1,1,135.15,0
15004893,Cust04893,618,France,Female,19,9,0.0,2,1,1,197.61,0
15004894,Cust04894,534,Spain,Male,49,0,155700.19,1,1,1,183.73,0
15004895,Cust04895,550,Germany,Female,36,1,100774.24,2,0,1,139.5,0
15004896,Cust04896,687,Germany,Male,28,7,73660.01,2,0,0,119.52,1
15004897,Cust04897,561,France,Male,31,6,0.0,2,1,0,132.58,0
15004898,Cust04898,800,France,Male,38,7,52006.99,2,1,1,198.81,1
15004899,Cust04899,688,France,Male,29,6,89363.83,1,1,1,104.61,0
15004900,Cust04900,631,Spain,Female,18,9,44004.27,1,0,0,142.81,0
15004901,Cust04901,645,Germany,Male,65,7,84364.24,3,1,1,12.1,1
15004902,Cust04902,684,France,Female,37,2,0.0,4,0,0,76.78,1
15004903,Cust04903,710,Spain,Female,45,7,51404.84,2,1,0,38.41,0
15004904,Cust04904,812,France,Female,37,2,42819.82,1,1,1,129.13,1
15004905,Cust04905,448,Spain,Male,28,5,93575.55,3,0,1,98.35,0
15004906,Cust04906,714,France,Male,18,0,109316.66,1,1,0,164.23,0
15004907,Cust04907,762,Germany,Female,31,5,63753.23,2,0,1,77.05,0
15004908,Cust04908,578,Germany,Female,49,9,207930.92,2,1,1,193.39,0
15004909,Cust04909,710,France,Female,25,0,84203.16,1,0,1,98.17,0
15004910,Cust04910,686,France,Female,38,3,78086.3,1,1,0,80.28,0
15004911,Cust04911,611,Germany,Male,30,10,38817.25,2,1,1,37.78,0
15004912,Cust04912,680,Spain,Male,37,10,46857.2,2,1,0,95.11,0
15004913,Cust04913,633,Spain,Female,18,2,61796.41,2,1,1,179.98,0
15004914,Cust04914,655,Germany,Male,23,5,155701.03,1,1,1,122.14,0
15004915,Cust04915,417,Spain,Female,31,8,0.0,2,1,0,160.7,1
15004916,Cust04916,682,France,Female,45,3,138642.99,2,1,0,16.56,0
15004917,Cust04917,640,Spain,Female,20,2,82131.01,1,1,0,13.73,1
15004918,Cust04918,687,France,Male,61,3,0.0,2,0,0,158.82,1
15004919,Cust04919,542,Germany,Male,35,7,0.0,2,0,0,175.97,0
15004920,Cust04920,588,France,Male,30,4,73790.41,2,1,1,63.26,0
15004921,Cust04921,669,Germany,Female,39,1,63431.36,1,1,0,81.29,0
15004922,Cust04922,835,France,Female,22,6,70919.57,1,1,1,195.04,0
15004923,Cust04923,690,Germany,Male,46,1,128851.36,1,1,1,179.54,0
15004924,Cust04924,671,France,Female,34,6,69155.21,3,1,1,67.89,0
15004925,Cust04925,827,Germany,Female,39,6,74873.65,1,1,0,103.34,1
15004926,Cust04926,716,Spain,Female,43,10,34105.89,1,1,1,194.01,0
15004927,Cust04927,595,France,Male,31,1,57932.81,2,0,1,132.8,0
15004928,Cust04928,471,Spain,Female,29,8,120318.63,1,1,0,178.85,0
15004929,Cust04929,735,France,Female,30,2,65461.29,1,1,0,79.58,0
15004930,Cust04930,597,Spain,Male,35,6,155490.72,2,0,1,72.32,0
15004931,Cust04931,610,France,Female,46,10,115465.61,1,0,1,191.26,0
15004932,Cust04932,656,France,Female,52,6,0.0,1,0,0,166.27,1
15004933,Cust04933,760,Germany,Female,26,3,31142.68,1,0,0,38.4,0
15004934,Cust04934,739,Germany,Male,41,3,76918.59,2,0,0,45.69,0
15004935,Cust04935,576,Germany,Female,35,10,71106.55,1,1,1,69.46,0
15004936,Cust04936,747,France,Female,29,5,56214.68,1,1,1,140.8,0
15004937,Cust04937,748,France,Female,34,1,127381.91,1,1,1,48.24,0
15004938,Cust04938,721,France,Male,20,5,5513.99,1,1,0,80.39,0
15004939,Cust04939,827,France,Male,27,10,157677.8,1,1,1,97.16,0
15004940,Cust04940,724,Germany,Female,44,3,107808.66,2,0,1,56.12,0
15004941,Cust04941,529,Spain,Female,31,10,199227.12,1,1,0,40.77,0
15004942,Cust04942,586,Spain,Male,39,1,174638.36,2,0,1,92.17,1
15004943,Cust04943,794,Germany,Female,43,10,46818.27,2,0,0,72.64,0
15004944,Cust04944,501,Germany,Female,34,2,19210.01,1,1,0,129.2,0
15004945,Cust04945,704,Spain,Male,46,6,0.0,2,0,0,73.87,0
15004946,Cust04946,582,France,Female,55,1,11635.36,2,0,1,38.54,0
15004947,Cust04947,580,Spain,Male,41,0,0.0,1,1,0,106.78,1
15004948,Cust04948,552,France,Female,44,10,0.0,1,0,1,189.88,0
15004949,Cust04949,698,Spain,Female,48,2,113265.28,2,1,1,82.53,0
15004950,Cust04950,758,France,Male,41,6,119106.59,1,1,0,155.93,0
15004951,Cust04951,645,France,Male,30,10,68921.44,1,0,1,98.11,0
15004952,Cust04952,540,France,Male,36,5,144781.04,1,0,1,121.92,1
15004953,Cust04953,600,France,Female,34,5,153124.4,1,1,0,181.13,0
15004954,Cust04954,593,Germany,Male,48,2,134357.9,2,1,0,67.46,0
15004955,Cust04955,640,France,Female,32,4,135764.98,1,0,0,123.0,0
15004956,Cust04956,594,Spain,Female,25,0,43856.99,1,1,0,199.77,0
15004957,Cust04957,578,Germany,Male,26,0,105925.23,3,0,1,160.53,0
15004958,Cust04958,610,Spain,Male,33,3,61255.54,2,0,0,90.86,0
15004959,Cust04959,813,France,Male,49,7,53121.99,1,1,1,160.79,0
15004960,Cust04960,564,France,Male,33,7,154060.79,1,0,1,118.47,0
15004961,Cust04961,556,Spain,Male,48,4,170568.8,2,0,0,127.79,0
15004962,Cust04962,616,France,Male,55,5,24082.31,2,0,0,175.26,0
15004963,Cust04963,828,Spain,Male,19,9,159253.31,1,1,0,165.13,0
15004964,Cust04964,526,Germany,Female,29,0,45317.4,3,0,0,69.26,0
15004965,Cust04965,633,Germany,Male,55,10,144653.32,1,0,1,120.28,1
15004966,Cust04966,850,Spain,Female,33,8,197564.51,1,1,1,36.82,0
15004967,Cust04967,532,France,Male,55,2,105649.88,2,0,0,194.58,0
15004968,Cust04968,823,France,Male,29,2,209372.17,4,1,0,44.42,0
15004969,Cust04969,644,Germany,Female,46,7,16441.98,2,0,1,149.52,0
15004970,Cust04970,677,France,Male,34,6,0.0,3,0,0,179.24,1
15004971,Cust04971,644,Germany,Female,28,10,25900.69,2,1,0,29.86,1
15004972,Cust04972,642,Spain,Female,37,3,73876.08,1,0,1,158.68,0
15004973,Cust04973,732,France,Male,18,9,170257.24,2,1,0,64.35,0
15004974,Cust04974,639,France,Male,30,10,55629.7,1,0,0,195.08,0
15004975,Cust04975,637,Germany,Female,54,8,92704.25,1,0,1,142.83,0
15004976,Cust04976,850,Germany,Female,54,8,148060.19,1,1,0,69.24,1
15004977,Cust04977,850,Germany,Male,24,8,102230.96,2,0,0,134.91,1
15004978,Cust04978,619,Spain,Male,29,10,0.0,1,0,1,56.29,0
15004979,Cust04979,659,Germany,Female,37,7,142320.88,2,1,1,53.52,0
15004980,Cust04980,676,France,Female,35,2,77164.22,2,1,1,51.57,0
15004981,Cust04981,596,France,Female,48,6,0.0,2,0,0,63.02,0
15004982,Cust04982,682,Germany,Female,48,10,143944.15,2,1,1,197.78,0
15004983,Cust04983,544,Germany,Female,35,4,39418.39,2,0,1,150.39,1
15004984,Cust04984,510,France,Male,44,5,119041.08,4,0,1,78.32,1
15004985,Cust04985,526,Spain,Female,23,6,10112.58,2,1,1,50.19,0
15004986,Cust04986,540,Spain,Female,33,5,0.0,2,0,0,192.93,0
15004987,Cust04987,584,Spain,Male,45,3,0.0,1,1,0,140.56,1
15004988,Cust04988,682,Germany,Female,37,8,72951.2,1,0,0,184.6,1
15004989,Cust04989,641,France,Male,27,5,210135.44,1,1,1,71.84,0
15004990,Cust04990,622,Germany,Female,29,3,78969.1,2,0,0,165.67,0
15004991,Cust04991,578,France,Female,34,1,98971.12,1,1,1,45.64,0
15004992,Cust04992,497,France,Female,47,0,0.0,2,0,1,47.29,1
15004993,Cust04993,708,Spain,Male,41,1,134192.94,1,0,1,87.73,0
15004994,Cust04994,544,France,Male,38,9,60805.96,1,1,0,32.4,1
15004995,Cust04995,647,Germany,Female,39,9,50094.94,1,0,1,25.65,1
15004996,Cust04996,557,Germany,Female,30,3,0.0,2,1,0,192.02,0
15004997,Cust04997,532,Spain,Female,38,6,81586.85,2,0,0,81.92,0
15004998,Cust04998,607,France,Male,32,4,0.0,1,1,1,107.81,0
15004999,Cust04999,655,France,Male,32,6,21539.17,3,0,1,107.14,1
15005000,Cust05000,666,France,Male,45,10,52410.95,2,0,1,22.99,0
15005001,Cust05001,610,France,Female,47,2,128033.37,2,0,1,134.05,0
15005002,Cust05002,565,Germany,Male,40,3,51958.82,2,0,1,148.36,0
15005003,Cust05003,645,Germany,Female,38,3,119238.02,2,1,1,193.84,0
15005004,Cust05004,670,Germany,Male,28,7,34003.54,3,1,1,22.79,1
15005005,Cust05005,675,Germany,Male,31,4,30150.34,2,1,1,152.51,0
15005006,Cust05006,608,France,Male,35,4,70001.54,2,1,0,35.93,0
15005007,Cust05007,564,Germany,Female,40,2,50299.99,2,1,1,70.0,0
15005008,Cust05008,488,Spain,Male,45,4,54493.79,4,1,0,97.95,0
15005009,Cust05009,636,Spain,Female,46,1,123523.23,2,1,1,108.48,0
15005010,Cust05010,787,France,Female,40,4,170870.67,1,0,0,56.42,0
15005011,Cust05011,722,Spain,Male,39,1,44030.69,1,0,1,81.77,0
15005012,Cust05012,729,Spain,Male,44,10,24147.01,2,0,1,115.36,0
15005013,Cust05013,584,Spain,Male,43,10,73549.97,3,0,0,67.34,0
15005014,Cust05014,701,Germany,Male,30,0,84106.12,1,0,0,116.61,0
15005015,Cust05015,541,France,Male,48,0,0.0,2,0,0,129.1,1
15005016,Cust05016,645,France,Male,41,3,55657.22,2,1,0,130.93,0
15005017,Cust05017,596,France,Male,40,9,77362.86,2,0,0,77.1,0
15005018,Cust05018,790,France,Male,41,8,194870.09,2,1,1,62.71,0
15005019,Cust05019,640,Germany,Male,44,9,158169.16,1,0,0,123.19,1
15005020,Cust05020,541,Germany,Female,47,10,55227.65,1,0,0,53.58,0
15005021,Cust05021,788,Spain,Male,21,7,106548.6,1,1,0,42.42,0
15005022,Cust05022,666,France,Female,43,4,21582.82,2,1,0,73.78,0
15005023,Cust05023,653,Spain,Female,35,1,107394.54,1,0,1,199.53,0
15005024,Cust05024,672,France,Female,33,9,86460.8,1,1,0,27.41,0
15005025,Cust05025,420,Spain,Female,38,0,97365.78,1,0,0,109.69,0
15005026,Cust05026,667,Germany,Male,42,0,112920.71,2,0,0,99.58,1
15005027,Cust05027,443,Spain,Male,49,2,93662.93,2,0,0,174.07,0
15005028,Cust05028,639,Spain,Male,40,5,25370.42,2,0,0,131.88,0
15005029,Cust05029,736,France,Male,39,2,61989.04,2,1,0,169.98,0
15005030,Cust05030,635,France,Female,59,2,23155.31,2,0,0,144.73,1
15005031,Cust05031,585,France,Female,37,7,107907.69,2,1,0,136.76,0
15005032,Cust05032,686,Germany,Male,38,2,47386.19,2,1,0,191.07,1
15005033,Cust05033,576,Germany,Female,63,7,39717.17,2,0,1,31.17,0
15005034,Cust05034,664,France,Female,39,2,140901.66,3,0,0,113.98,1
15005035,Cust05035,833,France,Female,27,4,128115.2,2,1,1,178.91,0
15005036,Cust05036,609,France,Male,52,0,123947.19,2,1,0,42.94,0
15005037,Cust05037,539,Germany,Female,24,3,73420.34,2,0,1,137.4,0
15005038,Cust05038,526,France,Male,48,1,49437.44,2,1,0,16.2,1
15005039,Cust05039,679,France,Female,33,5,46954.39,2,0,1,84.97,0
15005040,Cust05040,417,France,Female,36,6,0.0,3,1,0,133.03,1
15005041,Cust05041,850,France,Female,22,6,46206.31,2,1,0,84.07,0
15005042,Cust05042,564,Spain,Male,62,0,160338.29,2,1,1,154.97,0
15005043,Cust05043,784,Germany,Female,43,8,81282.15,1,1,0,83.82,1
15005044,Cust05044,717,Germany,Female,51,2,0.0,2,1,0,27.0,0
15005045,Cust05045,677,France,Male,59,9,0.0,1,0,0,182.77,1
15005046,Cust05046,608,France,Male,37,1,51758.03,2,1,0,123.04,0
15005047,Cust05047,629,France,Female,37,8,78583.63,1,0,1,101.78,1
15005048,Cust05048,635,France,Female,25,5,0.0,1,1,1,152.73,0
15005049,Cust05049,822,France,Male,30,1,0.0,2,1,1,24.15,0
15005050,Cust05050,482,Germany,Female,53,9,0.0,1,1,0,22.75,0
15005051,Cust05051,778,France,Female,45,0,0.0,1,0,1,76.39,0
15005052,Cust05052,850,Spain,Male,33,3,82964.95,2,0,0,41.64,0
15005053,Cust05053,848,France,Female,49,5,18268.21,2,1,1,115.17,0
15005054,Cust05054,676,France,Male,34,9,80640.81,2,0,1,162.63,0
15005055,Cust05055,809,Spain,Male,21,7,85736.43,1,0,0,28.8,0
15005056,Cust05056,848,France,Male,40,7,68239.15,2,1,0,88.92,1
15005057,Cust05057,774,France,Male,18,8,43627.93,1,1,0,83.31,0
15005058,Cust05058,584,Spain,Male,23,7,92543.22,2,0,1,32.93,0
15005059,Cust05059,779,Spain,Male,18,9,167616.96,3,0,1,39.81,0
15005060,Cust05060,664,Spain,Male,33,5,55994.06,2,1,0,179.14,0
15005061,Cust05061,707,Germany,Male,25,3,123114.6,2,1,1,70.58,0
15005062,Cust05062,751,Spain,Male,30,4,174318.02,1,0,1,133.59,0
15005063,Cust05063,765,France,Female,34,6,0.0,1,1,1,130.68,1
15005064,Cust05064,794,France,Male,44,5,55404.98,2,1,1,65.26,0
15005065,Cust05065,701,France,Male,32,8,198676.38,2,1,1,190.29,0
15005066,Cust05066,688,Germany,Male,27,7,47244.57,1,0,0,119.97,0
15005067,Cust05067,765,Germany,Female,27,10,128327.33,1,0,1,122.69,0
15005068,Cust05068,701,France,Male,39,1,46808.52,1,0,0,148.84,0
15005069,Cust05069,761,Spain,Female,33,5,83183.37,1,1,0,24.03,0
15005070,Cust05070,683,Germany,Female,41,2,86875.65,2,0,1,82.81,0
15005071,Cust05071,550,France,Female,21,5,102254.42,1,0,1,13.91,0
15005072,Cust05072,430,Germany,Male,46,1,205271.84,1,1,1,173.19,1
15005073,Cust05073,745,Spain,Female,46,9,120193.9,1,1,0,132.46,0
15005074,Cust05074,544,France,Female,51,2,64634.36,2,1,1,30.61,0
15005075,Cust05075,643,France,Female,45,1,41009.65,1,0,0,162.78,0
15005076,Cust05076,748,France,Female,41,10,26468.27,2,1,1,58.31,0
15005077,Cust05077,656,Spain,Female,39,2,161707.73,1,0,1,161.05,0
15005078,Cust05078,716,Germany,Female,18,5,129422.23,2,0,1,117.6,0
15005079,Cust05079,689,France,Female,22,5,112320.67,2,1,1,46.81,0
15005080,Cust05080,850,Spain,Male,45,4,15710.97,2,0,0,51.3,1
15005081,Cust05081,642,Germany,Male,39,4,154.96,1,0,0,64.21,1
15005082,Cust05082,598,Spain,Male,27,4,68794.53,1,1,0,122.53,0
15005083,Cust05083,741,Spain,Female,43,2,43643.23,1,0,0,94.06,0
15005084,Cust05084,541,Spain,Male,30,6,56176.11,1,1,0,79.88,0
15005085,Cust05085,765,France,Female,32,3,79368.81,2,1,0,129.62,0
15005086,Cust05086,449,France,Male,48,8,100311.94,3,0,1,129.85,1
15005087,Cust05087,671,France,Female,54,7,22458.76,1,0,0,121.3,1
15005088,Cust05088,620,France,Male,30,2,132189.43,2,0,0,140.89,0
15005089,Cust05089,812,France,Female,34,0,97448.51,1,1,0,181.91,0
15005090,Cust05090,662,Germany,Female,33,8,0.0,3,0,0,164.86,0
15005091,Cust05091,741,France,Female,36,1,86417.59,1,1,0,59.57,0
15005092,Cust05092,615,Germany,Female,33,6,104714.59,2,1,1,188.43,1
15005093,Cust05093,658,Germany,Male,44,4,34403.31,1,1,0,53.1,1
15005094,Cust05094,629,France,Female,41,3,94403.28,2,0,0,141.89,0
15005095,Cust05095,683,Spain,Female,47,1,100337.96,2,1,1,191.77,1
15005096,Cust05096,529,Spain,Female,41,9,164445.24,2,1,1,121.33,0
15005097,Cust05097,641,Spain,Female,26,3,27623.84,2,1,0,103.26,0
15005098,Cust05098,758,France,Female,21,7,42884.46,2,1,0,191.8,0
15005099,Cust05099,645,France,Female,39,4,97264.94,2,0,0,50.95,0
15005100,Cust05100,607,France,Female,43,10,203733.27,2,1,0,172.59,0
15005101,Cust05101,586,Germany,Male,59,9,15566.42,1,0,1,43.42,0
15005102,Cust05102,587,France,Male,52,2,94034.01,2,1,1,165.5,0
15005103,Cust05103,698,France,Female,48,3,35343.42,1,1,1,87.01,1
15005104,Cust05104,741,France,Male,40,2,0.0,1,0,1,14.9,1
15005105,Cust05105,765,France,Male,31,6,75551.29,1,1,0,47.37,0
15005106,Cust05106,672,Germany,Male,35,4,138194.49,1,1,0,101.66,0
15005107,Cust05107,596,Germany,Male,50,5,10309.85,1,0,1,173.86,1
15005108,Cust05108,626,France,Male,25,7,67914.28,2,1,0,196.18,0
15005109,Cust05109,621,Spain,Female,24,10,0.0,3,1,1,127.95,0
15005110,Cust05110,650,France,Female,45,8,31807.77,2,1,0,171.65,0
15005111,Cust05111,550,France,Female,47,8,61649.96,2,1,1,56.64,0
15005112,Cust05112,669,Germany,Male,49,1,152036.18,2,1,0,19.49,0
15005113,Cust05113,592,Germany,Male,57,9,0.0,1,1,1,181.1,0
15005114,Cust05114,651,France,Female,44,7,180435.67,1,0,0,149.61,1
15005115,Cust05115,850,France,Female,26,4,75006.45,1,0,0,118.71,0
15005116,Cust05116,741,Germany,Female,22,9,69061.17,2,0,1,177.11,1
15005117,Cust05117,663,Spain,Female,48,7,0.0,2,0,1,109.2,1
15005118,Cust05118,703,Germany,Female,42,6,215263.66,2,1,0,63.44,0
15005119,Cust05119,642,France,Female,50,2,187855.38,2,0,0,44.59,1
15005120,Cust05120,626,Spain,Male,35,0,116725.7,1,0,0,91.8,1
15005121,Cust05121,647,France,Male,22,8,71153.46,2,1,0,188.17,0
15005122,Cust05122,628,Spain,Female,36,5,27216.69,4,0,0,186.16,0
15005123,Cust05123,769,France,Male,37,9,0.0,1,0,1,45.99,1
15005124,Cust05124,500,France,Male,36,0,116859.61,2,1,1,175.92,0
15005125,Cust05125,674,Spain,Female,49,3,50631.77,1,1,0,146.45,0
15005126,Cust05126,596,Spain,Male,29,1,30609.26,1,0,0,32.36,0
15005127,Cust05127,566,France,Male,42,6,5407.99,2,1,1,117.52,0
15005128,Cust05128,655,Germany,Female,36,3,96313.63,2,1,1,33.79,0
15005129,Cust05129,650,France,Female,44,5,82041.05,2,0,0,94.94,0
15005130,Cust05130,616,Germany,Male,18,9,134914.98,1,1,0,142.81,0
15005131,Cust05131,505,Spain,Male,37,1,47891.39,3,0,1,107.58,0
15005132,Cust05132,634,Spain,Female,45,3,198371.47,1,0,0,91.79,1
15005133,Cust05133,574,France,Male,46,3,129071.83,1,0,1,75.56,0
15005134,Cust05134,634,Spain,Female,31,0,148196.81,2,0,1,70.35,0
15005135,Cust05135,497,France,Female,43,0,101477.1,1,1,0,62.4,0
15005136,Cust05136,691,Germany,Female,45,4,24448.32,2,1,1,31.61,1
15005137,Cust05137,684,Germany,Female,51,4,159401.45,2,0,1,164.14,0
15005138,Cust05138,709,France,Female,32,3,103629.9,1,1,0,199.86,0
15005139,Cust05139,728,France,Female,28,2,188875.98,1,0,0,149.06,1
15005140,Cust05140,636,Germany,Female,53,8,12306.57,2,1,1,161.5,0
15005141,Cust05141,646,France,Male,19,8,101734.5,1,0,1,83.66,0
15005142,Cust05142,652,France,Male,36,6,60368.36,2,1,0,163.86,0
15005143,Cust05143,715,Spain,Female,18,5,59504.05,2,1,1,101.26,0
15005144,Cust05144,692,France,Female,36,2,129021.72,1,0,0,18.78,0
15005145,Cust05145,653,Germany,Male,31,4,78529.49,2,1,1,105.35,0
15005146,Cust05146,665,France,Female,26,0,79262.57,2,1,1,109.49,0
15005147,Cust05147,726,France,Male,27,1,26289.08,2,1,1,35.24,0
15005148,Cust05148,659,France,Male,49,6,96622.49,2,1,0,126.27,0
15005149,Cust05149,703,Germany,Male,19,0,122351.84,2,1,0,83.11,0
15005150,Cust05150,610,Germany,Male,29,10,47076.53,2,1,1,144.76,1
15005151,Cust05151,806,France,Female,30,1,1733.07,1,1,0,64.02,0
15005152,Cust05152,558,Spain,Male,30,10,110752.82,2,1,1,175.54,0
15005153,Cust05153,752,France,Male,24,7,79317.89,1,0,0,19.41,0
15005154,Cust05154,839,Germany,Female,48,7,102413.55,2,1,0,98.07,0
15005155,Cust05155,588,Spain,Female,51,6,181602.8,2,0,1,136.84,0
15005156,Cust05156,621,France,Female,28,5,168752.2,2,1,0,94.15,0
15005157,Cust05157,717,France,Female,26,0,50297.04,2,1,0,58.53,0
15005158,Cust05158,809,France,Male,28,5,34688.33,2,1,1,99.89,0
15005159,Cust05159,672,France,Male,47,3,100568.84,1,1,1,107.0,0
15005160,Cust05160,622,France,Female,54,5,124606.33,3,0,1,59.97,1
15005161,Cust05161,736,France,Male,39,1,38002.8,3,1,1,81.4,0
15005162,Cust05162,714,Germany,Female,35,9,0.0,2,1,1,172.37,0
15005163,Cust05163,659,Germany,Female,18,3,34678.24,1,1,0,77.83,1
15005164,Cust05164,758,France,Male,27,4,0.0,2,1,0,68.05,1
15005165,Cust05165,607,France,Male,31,6,70071.99,1,0,0,198.59,0
15005166,Cust05166,694,France,Female,38,6,97269.01,2,0,0,113.29,0
15005167,Cust05167,688,France,Male,29,9,102434.8,1,1,0,135.31,0
15005168,Cust05168,572,Spain,Male,54,8,17958.67,1,1,0,179.73,0
15005169,Cust05169,739,France,Male,41,2,134451.35,1,1,0,11.27,0
15005170,Cust05170,744,France,Female,33,7,248726.54,2,1,1,16.16,0
15005171,Cust05171,646,Spain,Female,25,1,28429.1,1,1,0,165.08,0
15005172,Cust05172,557,Spain,Male,27,2,78945.91,2,0,0,130.9,0
15005173,Cust05173,705,France,Male,55,7,107020.66,1,1,0,55.38,0
15005174,Cust05174,702,France,Male,19,5,127590.83,2,0,0,196.81,0
15005175,Cust05175,661,Spain,Male,35,0,42284.3,3,0,1,21.91,0
15005176,Cust05176,651,Spain,Female,37,8,67927.88,2,1,0,30.9,0
15005177,Cust05177,761,Spain,Male,28,10,115102.15,3,0,0,35.49,1
15005178,Cust05178,690,Germany,Male,30,7,81148.37,2,0,0,31.15,0
15005179,Cust05179,552,France,Female,47,3,156906.29,1,1,1,38.28,1
15005180,Cust05180,840,France,Male,40,2,181204.95,1,1,1,86.83,0
15005181,Cust05181,642,France,Female,45,9,129224.45,1,0,1,26.46,0
15005182,Cust05182,677,France,Male,19,7,21368.51,1,1,0,55.69,0
15005183,Cust05183,683,France,Male,37,2,196702.96,2,1,0,127.75,0
15005184,Cust05184,681,France,Female,44,6,74142.81,2,0,1,98.27,1
15005185,Cust05185,850,Germany,Male,38,0,50942.46,1,1,0,69.42,0
15005186,Cust05186,683,France,Female,39,5,173228.38,1,1,0,56.38,0
15005187,Cust05187,704,France,Male,30,8,0.0,2,0,0,61.7,0
15005188,Cust05188,653,France,Male,46,4,105654.62,2,1,1,175.66,0
15005189,Cust05189,641,Spain,Male,42,6,68593.83,2,1,1,18.22,0
15005190,Cust05190,720,Germany,Male,18,8,170201.45,3,0,0,82.96,0
15005191,Cust05191,624,Germany,Female,40,1,30491.69,2,1,1,96.78,0
15005192,Cust05192,568,Spain,Male,47,2,29501.89,2,1,1,139.42,1
15005193,Cust05193,660,Germany,Female,21,5,17903.23,2,1,1,58.98,1
15005194,Cust05194,706,Germany,Female,69,5,0.0,2,0,0,103.84,0
15005195,Cust05195,702,Spain,Male,38,5,207277.11,2,1,1,74.27,0
15005196,Cust05196,668,France,Male,46,9,0.0,2,1,0,85.39,1
15005197,Cust05197,670,France,Male,36,9,54719.98,2,0,0,148.4,0
15005198,Cust05198,658,France,Female,45,1,101896.25,2,1,0,190.9,0
15005199,Cust05199,576,Spain,Female,30,8,76248.08,1,1,0,52.81,1
15005200,Cust05200,737,France,Male,24,10,78183.97,2,0,0,19.24,1
15005201,Cust05201,740,Germany,Female,32,6,88204.82,2,1,0,21.23,0
15005202,Cust05202,671,Germany,Male,40,10,87563.39,1,1,1,110.88,0
15005203,Cust05203,513,Germany,Female,30,5,198069.25,1,0,1,65.94,0
15005204,Cust05204,597,Spain,Male,18,5,57211.41,1,1,1,183.09,0
15005205,Cust05205,511,Germany,Male,58,9,97984.6,1,1,0,130.19,1
15005206,Cust05206,697,France,Female,41,3,129819.39,2,0,1,96.22,0
15005207,Cust05207,488,Spain,Female,39,4,105186.7,4,1,0,110.59,0
15005208,Cust05208,734,France,Female,26,8,222374.69,3,1,0,131.46,1
15005209,Cust05209,662,France,Male,18,1,62101.69,1,0,1,191.08,0
15005210,Cust05210,579,France,Female,18,4,68490.6,4,0,0,31.57,0
15005211,Cust05211,577,Spain,Female,28,0,132965.89,2,1,1,117.28,1
15005212,Cust05212,761,France,Female,21,0,79247.12,1,0,0,182.32,0
15005213,Cust05213,704,Germany,Female,30,3,38697.55,2,1,1,191.32,0
15005214,Cust05214,515,Germany,Male,31,10,156122.21,1,1,1,80.74,0
15005215,Cust05215,705,France,Male,49,9,126772.31,2,0,1,117.48,1
15005216,Cust05216,850,France,Female,42,9,119332.04,1,0,0,102.87,1
15005217,Cust05217,629,France,Male,48,5,85519.97,1,1,0,78.21,1
15005218,Cust05218,649,France,Male,22,9,133416.19,2,0,1,50.33,0
15005219,Cust05219,670,Germany,Male,49,9,96929.57,1,1,0,42.41,0
15005220,Cust05220,663,France,Female,47,9,105269.99,2,0,0,17.0,0
15005221,Cust05221,444,France,Female,39,10,28318.89,1,1,1,184.03,0
15005222,Cust05222,657,France,Female,34,2,0.0,2,1,0,129.6,0
15005223,Cust05223,656,Germany,Female,47,0,43763.61,2,1,0,187.68,0
15005224,Cust05224,722,France,Male,49,0,65890.2,2,0,1,178.11,1
15005225,Cust05225,658,Spain,Male,32,10,58224.21,2,1,0,101.55,1
15005226,Cust05226,645,Germany,Male,45,8,114986.46,1,0,1,137.17,1
15005227,Cust05227,785,Germany,Male,47,8,55998.32,1,0,0,33.73,0
15005228,Cust05228,850,France,Female,56,8,198915.81,1,1,1,173.52,0
15005229,Cust05229,675,France,Female,46,7,80242.37,1,0,0,148.06,0
15005230,Cust05230,570,Germany,Male,36,2,183246.82,2,1,1,137.15,0
15005231,Cust05231,703,France,Female,27,8,61341.59,2,0,0,146.89,0
15005232,Cust05232,569,France,Female,46,0,1524.81,1,1,1,54.3,1
15005233,Cust05233,636,Germany,Male,36,4,41687.26,2,1,0,128.77,0
15005234,Cust05234,766,France,Female,53,1,68423.47,1,1,1,147.78,0
15005235,Cust05235,843,France,Female,36,5,168628.33,1,1,1,84.05,0
15005236,Cust05236,466,France,Male,41,5,134982.62,1,1,1,148.38,0
15005237,Cust05237,615,Germany,Male,30,5,39500.3,1,1,0,138.89,0
15005238,Cust05238,704,Germany,Female,37,1,110224.52,2,0,0,76.56,1
15005239,Cust05239,663,France,Male,18,3,35925.83,2,1,0,120.53,0
15005240,Cust05240,620,France,Female,21,7,0.0,4,1,0,13.09,0
15005241,Cust05241,589,Germany,Male,50,9,163385.87,2,0,0,82.98,0
15005242,Cust05242,719,France,Female,40,5,154082.91,2,0,1,31.34,0
15005243,Cust05243,636,Germany,Male,36,3,0.0,3,1,1,189.74,1
15005244,Cust05244,656,Spain,Male,41,8,97462.28,2,0,1,164.09,0
15005245,Cust05245,789,Germany,Male,54,4,68227.25,2,1,0,156.18,1
15005246,Cust05246,553,France,Female,37,7,63685.83,2,0,1,60.34,0
15005247,Cust05247,558,Spain,Male,38,2,118885.72,3,0,1,131.06,1
15005248,Cust05248,536,France,Female,41,2,56238.19,2,1,1,84.77,0
15005249,Cust05249,502,France,Female,35,2,54816.75,3,0,1,82.21,1
15005250,Cust05250,543,Spain,Female,40,10,149601.89,4,1,1,54.01,0
15005251,Cust05251,715,Spain,Female,40,8,68056.04,1,0,0,138.18,0
15005252,Cust05252,498,France,Female,64,1,108890.37,2,0,0,66.38,1
15005253,Cust05253,506,Germany,Male,24,6,91644.46,1,0,1,37.53,0
15005254,Cust05254,525,France,Female,48,4,161390.36,1,1,0,94.33,0
15005255,Cust05255,565,Spain,Female,43,8,73832.44,2,0,0,77.6,0
15005256,Cust05256,707,France,Male,47,5,0.0,1,0,0,107.15,0
15005257,Cust05257,716,France,Male,18,6,61850.51,2,1,1,12.13,0
15005258,Cust05258,497,France,Female,27,9,34795.7,2,1,1,156.71,0
15005259,Cust05259,722,France,Female,43,10,159219.92,1,0,0,49.89,0
15005260,Cust05260,530,Germany,Male,31,8,152168.09,1,1,1,50.52,0
15005261,Cust05261,718,Germany,Male,21,4,221079.77,1,0,0,181.05,1
15005262,Cust05262,678,Spain,Female,28,8,135523.77,1,1,1,41.06,0
15005263,Cust05263,689,Germany,Male,57,6,55741.84,1,1,0,166.05,1
15005264,Cust05264,680,Germany,Female,29,6,0.0,1,1,0,184.85,0
15005265,Cust05265,575,Germany,Male,33,8,39979.43,2,0,0,30.56,0
15005266,Cust05266,398,France,Male,38,8,5605.74,2,1,1,53.22,0
15005267,Cust05267,598,France,Male,57,6,110455.34,2,0,1,19.93,0
15005268,Cust05268,580,Spain,Male,37,3,0.0,3,0,0,152.01,1
15005269,Cust05269,638,France,Female,45,6,134414.81,1,0,1,125.78,0
15005270,Cust05270,613,France,Male,45,4,143281.71,2,1,1,163.81,0
15005271,Cust05271,585,Germany,Female,28,2,13645.8,1,1,0,139.12,0
15005272,Cust05272,681,France,Male,30,8,120251.58,1,1,0,68.69,1
15005273,Cust05273,465,Spain,Female,48,0,107781.17,2,0,0,113.73,0
15005274,Cust05274,610,Germany,Female,44,6,202268.11,2,0,1,52.69,0
15005275,Cust05275,742,Spain,Male,51,8,46943.05,2,0,1,150.58,0
15005276,Cust05276,686,France,Female,23,4,161396.73,1,0,1,172.69,0
15005277,Cust05277,688,France,Female,56,5,0.0,4,0,0,21.52,0
15005278,Cust05278,587,France,Male,46,2,0.0,3,1,0,46.16,0
15005279,Cust05279,834,Germany,Male,18,5,172634.84,1,1,0,134.16,0
15005280,Cust05280,549,Germany,Male,36,10,39653.88,2,0,1,172.3,1
15005281,Cust05281,797,France,Male,43,5,71566.13,2,0,1,80.05,0
15005282,Cust05282,669,France,Female,24,3,213223.23,3,0,0,90.23,0
15005283,Cust05283,532,France,Female,39,9,55148.14,2,1,1,144.66,0
15005284,Cust05284,564,France,Male,31,4,192161.74,2,0,0,183.95,1
15005285,Cust05285,791,Germany,Male,37,5,48108.29,2,0,0,165.46,0
15005286,Cust05286,636,Germany,Female,20,2,121150.76,1,1,1,50.66,0
15005287,Cust05287,634,France,Male,47,6,85154.41,2,0,1,181.48,0
15005288,Cust05288,643,Germany,Male,32,7,54375.93,2,0,1,128.33,0
15005289,Cust05289,562,Spain,Male,18,9,8670.93,1,0,0,154.04,0
15005290,Cust05290,494,Spain,Male,30,5,126684.12,1,0,1,59.37,0
15005291,Cust05291,676,France,Male,18,3,53581.28,2,1,1,81.75,1
15005292,Cust05292,734,Germany,Male,37,7,111552.9,2,1,1,55.04,0
15005293,Cust05293,495,Spain,Female,46,2,144744.15,2,1,0,87.61,1
15005294,Cust05294,599,Germany,Female,41,10,103925.54,1,0,1,17.71,0
15005295,Cust05295,793,Spain,Male,29,9,110745.71,2,1,0,90.73,0
15005296,Cust05296,565,France,Female,33,10,84477.42,2,1,0,169.32,0
15005297,Cust05297,760,France,Female,46,1,118178.78,2,0,1,38.97,0
15005298,Cust05298,618,France,Male,38,7,158285.86,1,1,1,71.2,0
15005299,Cust05299,553,France,Male,35,1,65975.28,2,1,1,28.46,0
15005300,Cust05300,764,France,Male,45,4,0.0,1,1,1,187.67,0
15005301,Cust05301,577,Germany,Male,57,7,38031.21,1,1,1,96.48,0
15005302,Cust05302,733,Germany,Female,36,2,0.0,1,1,0,111.05,0
15005303,Cust05303,698,Germany,Female,44,4,141754.71,1,0,0,133.91,0
15005304,Cust05304,718,France,Male,37,8,0.0,2,1,0,62.82,0
15005305,Cust05305,559,Spain,Female,18,0,26999.45,1,0,1,125.82,1
15005306,Cust05306,699,France,Female,45,9,82238.57,2,1,1,46.05,0
15005307,Cust05307,578,France,Female,51,6,47713.49,2,0,0,110.26,0
15005308,Cust05308,629,France,Male,30,6,94455.47,2,0,1,86.01,0
15005309,Cust05309,497,France,Male,41,3,20544.46,1,1,1,51.35,0
15005310,Cust05310,725,France,Male,53,9,183992.74,1,0,1,30.22,0
15005311,Cust05311,850,France,Female,49,0,163858.78,2,1,0,105.54,1
15005312,Cust05312,820,Germany,Female,41,3,137754.02,1,0,0,141.46,1
15005313,Cust05313,661,Spain,Female,33,4,45081.53,2,1,1,60.18,0
15005314,Cust05314,620,France,Female,40,7,46354.9,1,0,1,115.49,0
15005315,Cust05315,761,France,Female,39,5,61844.26,2,1,1,95.42,0
15005316,Cust05316,538,Germany,Male,28,9,4413.65,1,0,0,127.11,0
15005317,Cust05317,452,France,Female,38,7,0.0,1,1,0,64.49,0
15005318,Cust05318,756,Spain,Male,28,4,178475.72,2,1,1,149.97,0
15005319,Cust05319,620,Spain,Male,30,0,9538.5,2,0,0,15.0,0
15005320,Cust05320,575,Spain,Female,32,10,97461.11,2,0,1,23.37,0
15005321,Cust05321,592,Spain,Male,46,6,92450.34,1,1,0,32.54,1
15005322,Cust05322,658,France,Male,35,1,79623.2,1,1,1,88.0,0
15005323,Cust05323,538,Germany,Female,40,7,185507.03,3,0,0,177.98,1
15005324,Cust05324,644,Germany,Male,36,8,68612.13,2,0,0,169.3,1
15005325,Cust05325,735,France,Female,41,10,16522.11,1,0,1,125.74,1
15005326,Cust05326,723,Spain,Male,27,5,85608.27,2,1,1,157.22,0
15005327,Cust05327,628,Spain,Male,45,4,124833.02,1,1,0,59.73,1
15005328,Cust05328,469,France,Female,18,7,61000.89,1,0,1,14.6,0
15005329,Cust05329,512,Germany,Female,56,8,59009.15,2,0,1,168.58,0
15005330,Cust05330,617,France,Male,66,4,51998.73,1,1,1,83.63,0
15005331,Cust05331,561,France,Male,36,0,165722.36,2,1,0,160.37,0
15005332,Cust05332,503,Germany,Female,44,2,0.0,2,0,0,107.45,0
15005333,Cust05333,611,Spain,Female,41,4,77969.72,1,0,1,164.64,0
15005334,Cust05334,650,Spain,Female,19,9,133524.81,2,0,1,132.35,0
15005335,Cust05335,637,Germany,Female,37,3,148951.53,2,1,1,96.68,0
15005336,Cust05336,684,France,Female,39,8,125550.57,3,1,0,177.79,0
15005337,Cust05337,602,France,Male,38,0,88663.81,2,1,0,28.63,0
15005338,Cust05338,736,Spain,Male,27,5,40000.61,2,0,1,30.57,0
15005339,Cust05339,850,France,Male,36,8,0.0,1,1,0,99.24,0
15005340,Cust05340,840,France,Female,30,3,67559.58,2,1,0,16.89,0
15005341,Cust05341,657,France,Female,44,0,108888.01,1,0,0,54.57,0
15005342,Cust05342,614,France,Female,36,7,0.0,2,0,1,195.8,0
15005343,Cust05343,827,France,Male,32,2,27262.97,2,1,0,72.98,0
15005344,Cust05344,601,France,Female,28,0,67139.29,1,1,0,62.63,0
15005345,Cust05345,478,France,Male,37,4,148378.22,1,0,1,193.34,0
15005346,Cust05346,831,France,Female,38,2,97946.57,3,0,1,47.54,1
15005347,Cust05347,425,Spain,Female,53,3,112135.34,3,1,0,148.2,0
15005348,Cust05348,682,France,Female,45,6,10656.29,1,1,0,112.59,0
15005349,Cust05349,611,France,Female,18,6,20349.48,2,0,0,77.23,0
15005350,Cust05350,520,France,Male,26,6,52152.93,2,0,1,180.06,0
15005351,Cust05351,594,Spain,Male,49,10,34367.15,2,1,0,20.47,1
15005352,Cust05352,670,France,Female,31,3,8604.12,1,0,0,198.67,0
15005353,Cust05353,648,Spain,Female,29,6,43390.93,1,1,1,34.55,0
15005354,Cust05354,463,France,Male,53,10,114305.97,1,0,0,130.3,0
15005355,Cust05355,683,France,Female,28,3,8611.35,1,0,1,134.27,0
15005356,Cust05356,589,France,Male,26,5,61948.03,2,0,0,172.07,0
15005357,Cust05357,718,Spain,Female,50,7,204417.84,1,0,0,29.22,0
15005358,Cust05358,722,Germany,Female,39,4,97288.96,1,1,0,44.28,0
15005359,Cust05359,491,France,Male,25,7,45735.55,1,1,1,165.32,0
15005360,Cust05360,746,France,Male,51,9,45107.61,3,0,1,94.88,0
15005361,Cust05361,632,Germany,Female,20,4,3030.97,1,0,1,49.63,0
15005362,Cust05362,764,Spain,Female,40,10,55851.33,1,1,1,131.33,0
15005363,Cust05363,612,Germany,Male,24,5,167568.56,1,0,1,142.45,0
15005364,Cust05364,702,France,Female,42,1,45192.26,1,1,1,85.13,0
15005365,Cust05365,530,France,Male,37,7,145345.1,2,1,1,80.2,0
15005366,Cust05366,756,Germany,Male,51,7,20249.84,2,1,1,76.64,0
15005367,Cust05367,850,France,Male,44,10,42208.29,1,1,1,163.22,0
15005368,Cust05368,678,France,Female,34,6,0.0,2,1,1,142.56,0
15005369,Cust05369,617,France,Male,48,6,89927.2,2,0,0,140.88,0
15005370,Cust05370,752,France,Female,46,7,56088.56,1,0,0,62.41,1
15005371,Cust05371,487,Spain,Male,29,2,104265.96,2,1,0,153.85,0
15005372,Cust05372,850,Spain,Male,41,8,116105.97,2,1,0,104.46,0
15005373,Cust05373,628,Germany,Female,45,8,27164.98,2,0,0,68.35,0
15005374,Cust05374,634,Spain,Female,18,9,34916.11,1,0,0,138.79,0
15005375,Cust05375,736,Spain,Male,34,5,173194.32,2,0,0,144.61,0
15005376,Cust05376,658,France,Female,32,0,174122.38,1,0,0,112.08,0
15005377,Cust05377,550,Germany,Female,34,6,80103.09,4,0,1,194.77,0
15005378,Cust05378,673,Spain,Female,28,9,172253.78,2,0,0,102.79,0
15005379,Cust05379,723,Germany,Male,25,6,0.0,2,1,1,112.11,1
15005380,Cust05380,606,France,Male,35,2,37623.39,3,1,1,171.89,0
15005381,Cust05381,691,Germany,Female,43,2,44005.01,2,0,1,120.53,0
15005382,Cust05382,707,Germany,Female,37,2,25176.66,1,1,1,167.2,0
15005383,Cust05383,797,Spain,Female,30,9,150732.91,1,0,1,111.27,1
15005384,Cust05384,669,Spain,Male,54,3,42875.75,1,1,1,148.31,0
15005385,Cust05385,577,Germany,Female,60,7,43539.67,2,0,1,66.94,0
15005386,Cust05386,670,France,Male,33,3,179789.2,1,1,0,90.12,0
15005387,Cust05387,608,Germany,Female,48,4,57482.75,2,1,1,18.36,0
15005388,Cust05388,683,Spain,Male,28,9,19704.51,2,0,0,76.29,0
15005389,Cust05389,704,Germany,Male,43,7,113398.16,4,1,1,105.49,0
15005390,Cust05390,537,France,Male,24,6,105702.78,1,0,1,40.53,0
15005391,Cust05391,435,Germany,Female,48,7,221007.02,1,1,0,199.69,0
15005392,Cust05392,629,France,Female,52,8,56374.17,1,0,1,182.91,0
15005393,Cust05393,782,France,Male,29,5,91648.69,1,1,0,81.53,0
15005394,Cust05394,526,France,Female,18,9,40587.46,2,0,0,198.42,1
15005395,Cust05395,492,Spain,Female,41,6,14609.15,2,0,1,148.53,0
15005396,Cust05396,664,Spain,Male,36,7,0.0,1,0,0,128.35,1
15005397,Cust05397,694,Spain,Male,22,2,0.0,2,0,1,196.71,1
15005398,Cust05398,675,France,Female,45,5,103937.1,2,1,0,178.98,1
15005399,Cust05399,532,Germany,Male,37,8,34944.31,1,1,1,152.16,1
15005400,Cust05400,566,Germany,Female,41,2,5622.6,2,1,0,75.35,1
15005401,Cust05401,717,France,Female,40,4,0.0,2,1,0,172.57,1
15005402,Cust05402,555,Germany,Female,43,3,0.0,2,0,0,178.0,1
15005403,Cust05403,639,France,Male,38,8,67104.88,1,1,1,82.46,0
15005404,Cust05404,547,Spain,Female,44,6,15051.95,2,1,1,165.34,0
15005405,Cust05405,621,Spain,Male,46,1,77836.51,1,0,1,159.6,1
15005406,Cust05406,571,France,Female,53,3,12721.25,2,0,1,84.06,1
15005407,Cust05407,691,France,Female,33,7,137947.27,2,1,0,90.17,1
15005408,Cust05408,726,Germany,Female,36,2,126001.48,1,0,0,143.12,0
15005409,Cust05409,636,France,Female,18,2,66542.21,1,1,1,88.66,0
15005410,Cust05410,540,France,Female,30,4,86845.25,1,1,0,169.94,1
15005411,Cust05411,652,France,Female,25,2,120980.48,1,1,1,107.83,0
15005412,Cust05412,817,France,Female,47,3,153948.57,2,1,1,40.73,0
15005413,Cust05413,674,Spain,Female,34,2,0.0,2,0,1,81.25,0
15005414,Cust05414,655,Germany,Male,47,5,21226.47,2,1,1,176.59,0
15005415,Cust05415,624,France,Female,52,9,66752.45,2,0,0,47.69,0
15005416,Cust05416,610,France,Male,30,2,28125.79,4,1,1,84.5,0
15005417,Cust05417,707,Germany,Female,47,9,6507.35,3,1,1,83.94,0
15005418,Cust05418,491,Spain,Male,62,8,84752.31,4,1,0,114.77,0
15005419,Cust05419,595,Spain,Male,37,3,52015.86,2,1,1,119.23,0
15005420,Cust05420,594,France,Male,29,1,63371.92,1,1,1,52.49,0
15005421,Cust05421,705,Germany,Female,60,10,42785.69,1,1,1,133.57,1
15005422,Cust05422,655,France,Female,23,2,89943.54,1,0,1,178.68,0
15005423,Cust05423,785,France,Female,36,10,19468.53,2,0,1,195.72,0
15005424,Cust05424,667,Spain,Male,30,0,100934.2,1,0,0,16.75,0
15005425,Cust05425,680,France,Female,35,2,72461.05,2,1,1,16.27,0
15005426,Cust05426,667,France,Female,44,1,62290.05,1,1,1,31.16,1
15005427,Cust05427,647,Germany,Male,49,9,32019.75,2,1,0,110.3,0
15005428,Cust05428,651,Germany,Male,44,10,119100.2,2,0,1,138.95,0
15005429,Cust05429,649,France,Female,22,2,43717.28,1,0,1,72.73,0
15005430,Cust05430,662,Germany,Female,50,9,8275.15,3,1,1,77.95,0
15005431,Cust05431,635,France,Female,55,8,123706.35,1,0,1,167.23,1
15005432,Cust05432,549,France,Female,45,2,67123.69,2,0,0,150.96,0
15005433,Cust05433,728,Germany,Female,30,3,18533.14,2,0,1,133.45,0
15005434,Cust05434,697,France,Female,18,10,153255.65,1,1,1,88.94,0
15005435,Cust05435,612,France,Male,25,6,0.0,2,1,1,165.26,0
15005436,Cust05436,811,France,Male,34,0,147188.7,1,1,0,105.71,1
15005437,Cust05437,724,France,Female,35,1,82778.89,2,0,0,91.93,0
15005438,Cust05438,623,France,Male,29,7,44524.59,2,1,1,175.95,0
15005439,Cust05439,693,Germany,Female,33,10,58735.19,1,0,0,71.94,0
15005440,Cust05440,603,Germany,Male,38,4,40629.95,2,1,1,86.48,0
15005441,Cust05441,850,Spain,Male,33,0,46298.9,1,1,0,155.07,0
15005442,Cust05442,835,Germany,Female,53,2,58020.07,2,1,1,78.58,0
15005443,Cust05443,599,Germany,Female,24,3,22226.5,1,0,1,185.95,0
15005444,Cust05444,558,Germany,Male,18,10,112661.85,2,0,1,77.21,0
15005445,Cust05445,676,Germany,Female,53,6,47859.22,2,0,0,144.99,0
15005446,Cust05446,810,France,Male,23,10,154146.62,1,0,0,151.41,0
15005447,Cust05447,711,France,Female,27,5,134180.26,1,1,1,119.08,0
15005448,Cust05448,704,Germany,Male,32,9,148679.59,1,1,1,101.83,0
15005449,Cust05449,682,France,Male,41,0,107518.86,2,0,1,39.12,1
15005450,Cust05450,672,Germany,Male,49,5,67217.13,2,1,1,126.19,1
15005451,Cust05451,849,Spain,Male,38,4,0.0,2,0,0,152.91,1
15005452,Cust05452,688,Spain,Male,28,7,148671.83,2,0,1,96.53,0
15005453,Cust05453,466,France,Male,44,9,19133.18,1,1,1,159.82,0
15005454,Cust05454,751,Spain,Female,31,5,37899.18,1,0,1,13.56,1
15005455,Cust05455,745,France,Female,22,9,1714.18,2,0,1,105.26,0
15005456,Cust05456,738,Spain,Female,46,0,153240.94,1,0,0,85.2,1
15005457,Cust05457,758,Spain,Male,31,3,58211.11,4,1,0,180.09,0
15005458,Cust05458,773,France,Male,52,2,92578.26,1,1,1,22.13,1
15005459,Cust05459,613,France,Male,46,2,0.0,2,0,1,18.19,1
15005460,Cust05460,738,Spain,Female,40,1,111221.42,2,1,1,88.62,0
15005461,Cust05461,536,France,Female,39,5,59376.12,2,0,0,194.13,1
15005462,Cust05462,771,France,Male,45,8,0.0,1,1,0,78.14,0
15005463,Cust05463,708,Germany,Male,43,0,98475.68,2,0,0,75.42,0
15005464,Cust05464,483,Germany,Male,59,9,94182.83,3,0,1,63.63,0
15005465,Cust05465,624,Spain,Female,41,8,51186.18,2,0,1,24.04,0
15005466,Cust05466,593,France,Female,30,4,0.0,2,0,1,33.32,0
15005467,Cust05467,595,France,Female,30,4,110540.35,1,1,1,187.81,1
15005468,Cust05468,620,Spain,Male,18,1,110471.82,2,0,1,90.68,0
15005469,Cust05469,709,France,Male,47,8,0.0,2,1,1,56.37,0
15005470,Cust05470,749,Germany,Male,45,10,148037.87,1,0,0,67.0,1
15005471,Cust05471,673,France,Male,60,8,154541.82,3,1,1,119.57,0
15005472,Cust05472,631,Germany,Female,31,4,144501.94,2,0,0,99.79,0
15005473,Cust05473,668,Germany,Female,47,6,0.0,1,1,1,33.36,0
15005474,Cust05474,725,France,Male,38,3,0.0,1,1,1,66.16,0
15005475,Cust05475,465,Spain,Male,47,3,104347.18,3,0,0,43.39,0
15005476,Cust05476,753,Germany,Female,32,2,61512.26,2,0,1,64.55,1
15005477,Cust05477,661,France,Female,49,3,0.0,2,1,0,52.47,1
15005478,Cust05478,639,France,Female,20,2,60738.09,1,1,0,88.35,0
15005479,Cust05479,701,Spain,Female,52,7,81475.16,1,1,0,171.91,0
15005480,Cust05480,636,Germany,Female,22,2,118729.76,2,1,1,172.76,0
15005481,Cust05481,603,France,Male,37,6,83007.28,1,1,0,59.94,0
15005482,Cust05482,842,France,Female,32,7,161428.54,4,0,1,182.59,0
15005483,Cust05483,640,France,Female,55,10,0.0,2,1,1,190.05,0
15005484,Cust05484,380,Spain,Female,34,10,84332.02,2,1,0,74.81,1
15005485,Cust05485,679,Germany,Female,31,4,163240.16,1,1,0,73.49,0
15005486,Cust05486,598,France,Female,41,2,133986.66,1,1,1,54.99,0
15005487,Cust05487,604,France,Female,35,10,40907.4,1,0,0,95.74,0
15005488,Cust05488,696,Spain,Female,32,5,116057.02,1,0,0,91.3,0
15005489,Cust05489,547,Germany,Female,45,5,28379.64,1,0,0,113.17,0
15005490,Cust05490,623,Germany,Male,31,10,0.0,2,0,1,64.01,0
15005491,Cust05491,589,France,Female,55,1,44662.13,1,1,1,137.92,0
15005492,Cust05492,850,France,Female,25,9,117065.47,1,0,1,107.98,0
15005493,Cust05493,789,France,Female,18,2,0.0,2,1,0,105.17,0
15005494,Cust05494,729,France,Male,18,3,162303.73,3,0,1,178.83,0
15005495,Cust05495,641,France,Male,56,5,147933.07,2,1,1,120.31,0
15005496,Cust05496,641,Germany,Male,33,9,79833.56,1,0,0,30.87,0
15005497,Cust05497,567,France,Female,52,0,55529.58,2,1,1,62.56,0
15005498,Cust05498,777,Spain,Male,28,7,63526.46,4,1,1,127.45,1
15005499,Cust05499,403,Spain,Female,41,7,71374.47,1,0,1,33.07,0
15005500,Cust05500,741,France,Female,33,10,92818.93,2,1,1,29.55,0
15005501,Cust05501,703,Germany,Male,39,10,159872.0,2,1,1,124.31,0
15005502,Cust05502,554,France,Male,40,9,151948.85,1,0,0,28.34,1
15005503,Cust05503,640,France,Male,25,2,108114.35,2,0,1,33.53,0
15005504,Cust05504,785,France,Male,44,5,123813.9,1,0,0,47.82,0
15005505,Cust05505,598,France,Male,35,5,35703.45,1,0,0,39.34,0
15005506,Cust05506,658,France,Female,64,2,74264.99,1,1,0,11.81,0
15005507,Cust05507,745,Spain,Female,28,10,30926.43,1,1,0,41.02,0
15005508,Cust05508,624,Spain,Male,35,8,125371.23,2,1,0,132.32,0
15005509,Cust05509,649,France,Female,29,2,122147.51,1,0,1,132.67,1
15005510,Cust05510,611,France,Male,47,5,60072.82,1,0,0,149.65,0
15005511,Cust05511,550,France,Male,20,1,117003.08,2,0,1,191.98,0
15005512,Cust05512,696,France,Female,18,0,0.0,2,0,1,143.6,0
15005513,Cust05513,556,Spain,Female,39,3,30587.86,1,0,0,174.97,0
15005514,Cust05514,580,Germany,Male,54,4,167558.73,1,1,0,35.14,0
15005515,Cust05515,655,France,Female,38,3,0.0,2,1,0,169.09,1
15005516,Cust05516,519,Spain,Male,28,6,152135.24,2,0,1,51.56,0
15005517,Cust05517,566,France,Female,38,6,52705.49,1,1,0,64.57,0
15005518,Cust05518,656,France,Female,42,5,89828.36,2,1,0,150.07,0
15005519,Cust05519,755,Germany,Female,35,4,105624.33,1,0,1,16.16,0
15005520,Cust05520,555,Germany,Female,56,7,89766.7,3,0,1,16.18,0
15005521,Cust05521,806,France,Male,34,5,10578.47,2,0,0,19.17,0
15005522,Cust05522,649,Germany,Female,35,8,18789.59,1,0,1,160.3,0
15005523,Cust05523,758,France,Female,45,7,65130.88,2,0,0,54.4,1
15005524,Cust05524,723,Germany,Male,28,4,63107.25,1,0,1,149.65,0
15005525,Cust05525,709,Germany,Female,18,9,158308.39,1,1,1,186.35,1
15005526,Cust05526,783,Spain,Female,43,10,56127.9,2,0,1,36.16,0
15005527,Cust05527,555,Spain,Female,26,1,167416.54,1,1,0,175.07,0
15005528,Cust05528,679,France,Female,44,0,133691.67,1,1,1,90.87,0
15005529,Cust05529,652,France,Male,52,2,63985.87,2,0,1,158.98,0
15005530,Cust05530,727,Spain,Male,18,10,29329.04,1,1,0,143.39,0
15005531,Cust05531,811,Spain,Male,35,10,113154.3,1,1,0,155.23,0
15005532,Cust05532,622,France,Female,34,2,45700.48,2,1,1,40.44,0
15005533,Cust05533,710,Spain,Male,33,7,121793.7,1,0,0,142.26,0
15005534,Cust05534,623,Germany,Female,29,10,0.0,2,1,1,148.75,0
15005535,Cust05535,700,Germany,Female,35,6,117493.66,2,0,0,188.09,0
15005536,Cust05536,674,France,Male,37,9,9123.03,3,0,1,150.36,0
15005537,Cust05537,653,Germany,Female,47,7,0.0,2,1,0,148.26,1
15005538,Cust05538,570,Spain,Female,31,1,76083.9,2,0,1,117.84,0
15005539,Cust05539,765,France,Male,36,9,81195.75,2,0,1,154.69,0
15005540,Cust05540,610,Germany,Male,41,3,0.0,2,0,1,52.21,0
15005541,Cust05541,684,France,Male,42,8,118858.27,1,0,0,15.79,0
15005542,Cust05542,435,France,Female,27,6,88924.35,4,1,1,136.46,1
15005543,Cust05543,721,France,Female,65,3,74764.24,1,0,1,192.54,0
15005544,Cust05544,561,Spain,Female,32,2,134938.93,2,0,1,166.79,0
15005545,Cust05545,681,Germany,Female,34,7,201893.83,1,0,0,49.07,0
15005546,Cust05546,733,Spain,Female,45,1,139923.13,2,0,0,42.94,1
15005547,Cust05547,680,France,Female,35,1,98397.64,3,0,1,197.87,1
15005548,Cust05548,405,Germany,Male,25,4,27381.91,2,1,1,135.21,1
15005549,Cust05549,654,France,Male,41,4,125511.22,1,0,1,104.93,0
15005550,Cust05550,773,France,Female,36,10,42228.83,2,0,1,19.37,0
15005551,Cust05551,770,France,Female,39,4,21500.95,1,0,0,63.94,0
15005552,Cust05552,634,Germany,Male,51,4,162166.07,2,1,1,144.25,1
15005553,Cust05553,496,Spain,Male,32,7,81209.35,1,1,1,170.34,0
15005554,Cust05554,715,France,Male,33,7,3459.77,2,0,1,34.92,0
15005555,Cust05555,595,Spain,Female,37,6,56880.53,1,1,0,69.67,0
15005556,Cust05556,665,France,Male,18,3,113852.76,1,1,0,137.42,0
15005557,Cust05557,594,France,Male,18,8,187131.95,1,1,0,51.34,0
15005558,Cust05558,562,France,Female,42,1,189225.67,2,1,1,103.82,1
15005559,Cust05559,378,France,Female,32,4,30767.21,3,1,0,164.4,0
15005560,Cust05560,657,France,Female,50,6,99452.06,3,0,1,145.31,0
15005561,Cust05561,692,Spain,Male,27,0,226198.45,1,1,0,113.59,1
15005562,Cust05562,681,France,Female,51,0,81075.4,2,0,0,133.29,0
15005563,Cust05563,647,Germany,Male,54,2,17338.48,1,0,1,135.64,1
15005564,Cust05564,649,France,Female,34,2,170529.96,1,1,1,151.41,0
15005565,Cust05565,635,Germany,Female,41,8,73872.88,2,0,1,66.36,0
15005566,Cust05566,580,Spain,Female,28,10,0.0,2,1,0,113.38,0
15005567,Cust05567,718,France,Male,26,1,169618.74,1,1,1,130.33,0
15005568,Cust05568,850,France,Female,46,6,0.0,2,0,1,81.93,1
15005569,Cust05569,742,Spain,Female,30,10,59753.82,2,0,0,42.67,1
15005570,Cust05570,532,France,Male,18,1,151359.17,2,0,1,135.13,0
15005571,Cust05571,767,France,Male,39,8,108303.78,2,0,0,40.97,1
15005572,Cust05572,471,Spain,Male,63,8,16792.23,1,1,1,175.56,0
15005573,Cust05573,657,Germany,Male,44,3,227928.26,1,0,0,146.89,0
15005574,Cust05574,528,France,Female,32,3,144850.83,1,1,1,34.0,0
15005575,Cust05575,583,Spain,Male,32,9,22670.16,2,0,1,143.87,0
15005576,Cust05576,589,France,Male,40,5,48546.96,2,0,0,120.1,0
15005577,Cust05577,695,Germany,Male,27,8,69673.63,1,0,0,198.8,0
15005578,Cust05578,655,France,Female,31,6,75489.59,1,0,1,167.84,0
15005579,Cust05579,769,Spain,Male,37,4,0.0,2,1,0,22.34,1
15005580,Cust05580,671,Germany,Female,58,1,38072.74,2,0,1,49.58,0
15005581,Cust05581,732,France,Male,47,5,17085.2,1,1,0,64.0,1
15005582,Cust05582,519,Spain,Male,38,1,171017.05,1,1,1,20.38,0
15005583,Cust05583,792,France,Male,32,9,158979.55,2,0,0,41.58,0
15005584,Cust05584,599,Spain,Female,34,2,36742.45,2,1,1,158.56,0
15005585,Cust05585,583,France,Male,33,6,63164.51,2,1,0,101.85,1
15005586,Cust05586,536,France,Male,19,7,39823.4,4,0,1,136.68,1
15005587,Cust05587,762,France,Male,44,9,150598.24,1,0,0,72.67,1
15005588,Cust05588,695,France,Female,45,2,107599.11,1,0,1,122.98,1
15005589,Cust05589,611,France,Female,32,7,89646.81,1,1,1,121.61,0
15005590,Cust05590,681,Spain,Male,50,1,150975.33,1,1,0,48.42,0
15005591,Cust05591,809,Germany,Male,39,2,41651.04,2,0,0,132.56,1
15005592,Cust05592,601,France,Male,50,5,53760.21,1,0,1,130.33,0
15005593,Cust05593,537,Germany,Male,36,8,78391.54,2,1,1,130.97,0
15005594,Cust05594,673,France,Male,46,10,0.0,1,1,1,124.05,0
15005595,Cust05595,615,France,Male,47,0,71066.84,2,0,1,91.63,0
15005596,Cust05596,586,France,Female,39,9,1082.18,2,0,1,25.7,0
15005597,Cust05597,471,France,Female,30,10,108629.72,1,1,0,57.59,0
15005598,Cust05598,494,France,Male,29,7,9584.47,2,0,0,121.64,0
15005599,Cust05599,725,France,Male,40,1,87534.96,2,0,0,118.68,0
15005600,Cust05600,662,Germany,Male,60,4,15430.23,1,0,0,159.48,0
15005601,Cust05601,591,France,Female,44,9,119636.06,1,0,0,166.04,1
15005602,Cust05602,652,France,Male,28,1,6821.35,2,0,0,66.9,0
15005603,Cust05603,723,France,Female,25,2,49665.85,4,1,0,61.04,0
15005604,Cust05604,656,France,Female,42,4,44732.65,1,1,1,15.33,0
15005605,Cust05605,639,France,Male,40,6,45043.98,1,0,0,150.03,1
15005606,Cust05606,584,France,Female,52,1,44205.23,2,0,1,173.5,0
15005607,Cust05607,686,Germany,Female,41,0,52616.34,1,0,1,54.22,1
15005608,Cust05608,679,France,Male,26,0,0.0,2,1,1,25.57,0
15005609,Cust05609,607,Germany,Male,45,10,39985.49,1,1,0,105.84,0
15005610,Cust05610,693,France,Female,58,6,79884.68,1,0,1,55.93,1
15005611,Cust05611,629,Spain,Male,35,2,13282.64,2,1,1,73.24,0
15005612,Cust05612,713,France,Female,40,5,30565.58,2,0,0,77.56,0
15005613,Cust05613,749,France,Male,56,5,122838.63,2,1,1,134.6,0
15005614,Cust05614,617,Spain,Male,49,5,127654.08,2,1,1,193.35,1
15005615,Cust05615,690,France,Female,39,10,49921.6,2,1,1,30.05,0
15005616,Cust05616,690,Germany,Female,48,8,120241.1,2,0,1,16.45,0
15005617,Cust05617,578,Spain,Male,36,1,79443.4,2,0,1,173.15,0
15005618,Cust05618,644,France,Male,53,4,144653.25,1,1,0,73.11,1
15005619,Cust05619,657,Spain,Female,33,5,59663.03,2,1,1,174.42,0
15005620,Cust05620,688,Germany,Male,18,7,91259.3,1,1,1,36.0,1
15005621,Cust05621,637,Germany,Male,40,10,107986.19,1,1,1,45.91,0
15005622,Cust05622,715,France,Male,18,8,64563.82,1,0,0,125.77,0
15005623,Cust05623,751,Germany,Male,55,7,42239.26,1,0,1,66.48,1
15005624,Cust05624,550,France,Male,41,1,174772.59,1,0,1,23.6,0
15005625,Cust05625,583,France,Male,37,10,15408.34,3,0,1,94.67,1
15005626,Cust05626,583,Germany,Female,27,7,17857.23,2,1,1,193.79,0
15005627,Cust05627,780,France,Male,60,10,102343.56,2,1,1,148.04,0
15005628,Cust05628,662,Germany,Male,32,7,40734.06,2,0,1,182.02,1
15005629,Cust05629,547,France,Female,30,3,65369.61,1,0,1,152.47,0
15005630,Cust05630,620,Spain,Male,18,1,187854.49,1,1,1,87.83,0
15005631,Cust05631,767,Spain,Female,46,2,0.0,1,0,0,68.34,1
15005632,Cust05632,812,Germany,Female,20,4,104534.81,1,0,0,103.7,0
15005633,Cust05633,542,Spain,Female,35,0,160621.9,1,1,0,103.81,0
15005634,Cust05634,657,France,Male,45,3,56838.26,1,1,1,83.94,0
15005635,Cust05635,614,France,Female,60,4,0.0,1,1,0,193.83,0
15005636,Cust05636,679,France,Female,45,4,49540.7,2,1,0,106.86,0
15005637,Cust05637,600,Germany,Female,43,1,112519.43,1,0,1,174.4,0
15005638,Cust05638,597,Germany,Male,41,3,0.0,2,1,1,108.63,0
15005639,Cust05639,562,Germany,Male,36,10,153743.77,1,1,0,22.4,0
15005640,Cust05640,840,Spain,Female,29,7,126253.6,2,0,0,178.73,0
15005641,Cust05641,717,Germany,Male,62,0,82016.52,1,1,1,153.67,0
15005642,Cust05642,715,France,Female,38,3,66702.35,1,0,1,195.62,0
15005643,Cust05643,578,Germany,Female,25,3,56727.97,1,1,0,74.12,1
15005644,Cust05644,771,France,Female,46,2,200357.63,2,1,0,101.39,1
15005645,Cust05645,764,Germany,Female,40,5,107465.8,1,0,0,159.61,0
15005646,Cust05646,766,France,Male,41,8,142799.82,1,1,1,60.83,0
15005647,Cust05647,638,France,Female,18,2,38844.98,2,1,1,116.03,1
15005648,Cust05648,709,France,Male,26,8,210545.89,1,1,1,97.06,0
15005649,Cust05649,848,France,Male,39,6,98547.7,3,0,1,178.02,1
15005650,Cust05650,549,Germany,Male,48,1,90100.12,2,1,0,24.2,0
15005651,Cust05651,619,Spain,Female,52,2,48368.04,2,0,0,113.66,0
15005652,Cust05652,563,Germany,Male,26,1,8744.95,1,0,1,136.68,0
15005653,Cust05653,454,France,Male,39,8,171571.04,1,0,0,94.63,1
15005654,Cust05654,757,France,Female,61,6,125291.97,2,0,1,106.05,1
15005655,Cust05655,587,Spain,Male,37,8,81206.86,2,1,0,26.34,0
15005656,Cust05656,574,Spain,Male,39,4,80565.61,1,1,0,158.51,0
15005657,Cust05657,620,Spain,Male,42,2,61652.7,1,1,0,96.3,0
15005658,Cust05658,776,Germany,Male,44,1,0.0,2,1,0,84.21,1
15005659,Cust05659,576,France,Male,32,7,96991.6,2,1,1,93.63,0
15005660,Cust05660,831,Spain,Female,56,1,77824.83,2,1,0,22.06,1
15005661,Cust05661,647,Germany,Female,55,9,114494.28,1,1,0,24.38,0
15005662,Cust05662,621,Germany,Male,33,9,94548.2,1,1,1,160.53,0
15005663,Cust05663,850,Germany,Male,23,6,150640.23,1,0,1,108.49,0
15005664,Cust05664,629,Spain,Female,37,2,43195.01,1,0,1,37.08,0
15005665,Cust05665,611,Germany,Male,36,2,33686.94,2,0,0,15.86,1
15005666,Cust05666,709,France,Male,28,3,66915.87,2,0,0,85.41,1
15005667,Cust05667,628,France,Female,19,10,74509.03,1,1,1,11.02,0
15005668,Cust05668,634,France,Female,26,1,69721.9,1,0,0,158.5,1
15005669,Cust05669,682,Germany,Male,18,8,138542.63,2,0,1,87.68,0
15005670,Cust05670,607,Germany,Female,32,0,9044.2,3,1,0,124.69,0
15005671,Cust05671,633,Germany,Male,53,7,104750.26,1,1,1,70.04,0
15005672,Cust05672,780,France,Male,33,1,44349.09,1,0,1,87.72,0
15005673,Cust05673,742,Spain,Male,38,2,161206.04,1,0,0,18.42,0
15005674,Cust05674,670,Germany,Male,40,7,155212.38,1,0,0,26.08,1
15005675,Cust05675,725,France,Female,48,4,9763.65,2,0,0,144.39,1
15005676,Cust05676,572,Spain,Female,42,3,93965.56,2,0,0,27.51,0
15005677,Cust05677,703,France,Female,37,9,113900.05,1,0,1,192.55,0
15005678,Cust05678,707,France,Male,48,7,90543.34,2,0,0,15.61,1
15005679,Cust05679,771,France,Female,49,5,35796.31,2,0,0,103.3,0
15005680,Cust05680,650,Spain,Male,26,10,159923.95,1,0,0,65.92,0
15005681,Cust05681,692,Spain,Female,38,0,28412.12,2,0,1,184.13,0
15005682,Cust05682,643,Spain,Male,30,5,165462.28,2,1,0,18.93,0
15005683,Cust05683,668,Germany,Female,23,4,91831.97,1,0,0,103.05,0
15005684,Cust05684,597,France,Male,45,6,10954.02,1,1,0,147.36,0
15005685,Cust05685,824,Spain,Female,40,3,0.0,2,0,0,63.96,1
15005686,Cust05686,585,Germany,Male,42,6,107296.44,2,0,1,149.8,0
15005687,Cust05687,670,France,Male,39,7,44170.6,1,0,0,83.52,0
15005688,Cust05688,723,France,Female,57,7,165944.02,2,1,0,188.95,0
15005689,Cust05689,608,France,Male,45,0,0.0,1,0,0,38.12,0
15005690,Cust05690,583,France,Female,37,8,64653.82,1,1,0,51.94,0
15005691,Cust05691,662,France,Female,33,7,141792.09,4,1,0,168.18,1
15005692,Cust05692,794,Spain,Female,61,3,135935.71,1,1,0,55.77,0
15005693,Cust05693,635,Germany,Male,20,9,54208.01,2,0,1,92.4,0
15005694,Cust05694,487,France,Female,41,9,17180.5,2,0,0,84.16,0
15005695,Cust05695,649,Germany,Male,38,9,131571.23,1,0,0,118.01,1
15005696,Cust05696,687,Germany,Female,23,0,0.0,3,0,1,184.54,0
15005697,Cust05697,661,Germany,Female,37,4,66296.71,1,1,1,119.22,0
15005698,Cust05698,795,Spain,Male,32,7,82964.59,1,0,0,109.93,0
15005699,Cust05699,462,France,Female,41,1,69829.24,4,1,1,41.26,0
15005700,Cust05700,660,Germany,Female,42,0,22514.69,2,0,0,110.69,1
15005701,Cust05701,624,France,Female,51,5,164698.71,2,0,0,156.43,0
15005702,Cust05702,570,France,Male,32,4,101094.35,2,0,1,133.87,0
15005703,Cust05703,711,France,Male,36,6,47540.56,2,0,0,171.03,0
15005704,Cust05704,827,Germany,Female,51,6,86642.53,1,1,0,175.52,0
15005705,Cust05705,633,France,Female,21,0,181127.81,1,1,1,181.56,0
15005706,Cust05706,750,France,Female,36,6,106043.79,2,0,1,71.29,0
15005707,Cust05707,433,Spain,Female,43,5,42388.82,1,1,0,106.3,0
15005708,Cust05708,623,Germany,Male,40,4,37239.72,1,0,1,174.41,0
15005709,Cust05709,640,France,Male,49,8,14582.53,1,1,1,135.28,0
15005710,Cust05710,788,France,Male,37,2,8345.38,2,0,1,135.9,0
15005711,Cust05711,586,Spain,Female,41,0,0.0,2,0,1,12.01,0
15005712,Cust05712,707,Spain,Female,56,3,121436.19,1,0,1,47.53,0
15005713,Cust05713,850,Germany,Male,50,7,0.0,1,1,1,160.96,0
15005714,Cust05714,708,Germany,Female,52,3,221577.15,2,0,0,162.17,0
15005715,Cust05715,592,Germany,Male,49,3,78755.77,1,1,1,55.51,0
15005716,Cust05716,551,France,Female,33,6,0.0,1,1,1,165.88,0
15005717,Cust05717,669,Spain,Female,34,5,121091.32,2,0,1,13.39,0
15005718,Cust05718,664,France,Male,18,2,157784.26,2,0,0,31.45,0
15005719,Cust05719,490,Germany,Female,21,10,0.0,1,1,1,75.04,0
15005720,Cust05720,568,Spain,Male,33,9,64429.98,2,1,0,179.93,0
15005721,Cust05721,562,France,Female,48,8,62289.77,3,1,0,51.73,0
15005722,Cust05722,772,Spain,Female,41,6,183500.75,1,1,1,191.3,0
15005723,Cust05723,699,Germany,Male,18,10,26279.88,2,1,0,51.2,0
15005724,Cust05724,701,France,Male,39,7,64546.99,1,1,1,79.0,0
15005725,Cust05725,633,Germany,Female,30,3,0.0,2,0,1,146.75,0
15005726,Cust05726,461,Germany,Female,57,1,122551.59,2,1,0,109.88,1
15005727,Cust05727,722,Germany,Female,57,4,106247.74,1,1,1,146.52,0
15005728,Cust05728,678,Germany,Male,29,9,41711.21,1,0,0,14.71,0
15005729,Cust05729,703,France,Female,40,2,184138.42,1,0,0,93.64,0
15005730,Cust05730,583,Germany,Female,23,0,0.0,2,1,1,171.12,0
15005731,Cust05731,656,France,Male,63,0,98186.97,2,1,0,90.4,0
15005732,Cust05732,506,Spain,Female,49,7,59501.55,1,1,1,17.77,0
15005733,Cust05733,683,France,Female,26,1,119888.84,1,1,1,195.51,0
15005734,Cust05734,680,France,Male,18,2,90565.23,3,0,0,14.58,1
15005735,Cust05735,681,Germany,Female,50,9,7880.86,1,1,1,165.79,0
15005736,Cust05736,514,France,Female,40,10,137122.81,1,1,1,174.35,0
15005737,Cust05737,516,Spain,Female,40,5,182396.71,2,1,1,24.97,0
15005738,Cust05738,551,Germany,Female,32,3,124384.53,1,1,1,14.65,0
15005739,Cust05739,812,France,Female,58,0,106969.05,4,1,0,63.24,0
15005740,Cust05740,620,Spain,Male,44,7,176699.86,3,1,0,169.33,0
15005741,Cust05741,618,Spain,Male,27,7,33701.18,1,1,1,46.4,1
15005742,Cust05742,777,Spain,Female,36,2,155989.92,2,1,1,64.49,1
15005743,Cust05743,574,France,Female,35,9,51648.88,2,0,1,118.65,0
15005744,Cust05744,691,Germany,Female,18,8,68759.36,1,1,0,145.72,0
15005745,Cust05745,712,France,Female,56,9,88386.13,2,0,1,19.97,0
15005746,Cust05746,511,France,Female,32,10,0.0,2,0,1,173.92,0
15005747,Cust05747,585,France,Female,29,9,138799.22,4,0,1,33.13,1
15005748,Cust05748,635,Spain,Female,22,0,181530.69,2,1,0,20.87,0
15005749,Cust05749,623,France,Male,29,1,77565.23,1,0,1,94.19,0
15005750,Cust05750,601,France,Male,39,7,2777.69,2,0,0,22.31,1
15005751,Cust05751,564,Spain,Male,39,8,118670.94,1,0,1,65.3,0
15005752,Cust05752,529,Spain,Male,54,3,118438.57,3,1,1,35.97,1
15005753,Cust05753,702,Germany,Female,31,9,39249.89,2,0,1,140.04,0
15005754,Cust05754,536,France,Male,47,1,57049.69,2,1,0,133.04,1
15005755,Cust05755,652,Spain,Female,25,6,0.0,3,0,0,50.02,1
15005756,Cust05756,638,France,Male,24,8,45599.64,2,0,1,186.4,0
15005757,Cust05757,763,France,Female,26,1,139575.21,4,0,0,57.32,0
15005758,Cust05758,732,Germany,Male,27,5,0.0,2,1,1,165.76,0
15005759,Cust05759,627,Spain,Female,29,2,52805.52,1,1,0,187.39,0
15005760,Cust05760,645,France,Female,38,5,103619.71,2,1,0,136.19,0
15005761,Cust05761,518,France,Male,33,7,101557.68,2,0,1,147.1,0
15005762,Cust05762,654,Spain,Female,37,0,46388.8,2,0,0,143.06,0
15005763,Cust05763,747,France,Male,52,10,163488.51,2,1,0,38.23,0
15005764,Cust05764,701,France,Female,18,0,218834.63,3,1,1,37.23,1
15005765,Cust05765,634,France,Male,20,4,30987.75,2,1,0,163.96,0
15005766,Cust05766,571,France,Female,34,7,37317.32,2,0,1,18.39,0
15005767,Cust05767,536,France,Male,33,8,98902.48,3,1,0,158.46,0
15005768,Cust05768,634,France,Female,51,8,10447.12,1,0,0,114.3,1
15005769,Cust05769,607,France,Male,39,9,129407.94,1,1,1,177.37,0
15005770,Cust05770,758,Spain,Male,33,5,81386.88,2,0,0,168.02,1
15005771,Cust05771,850,France,Female,37,1,74126.81,2,0,1,167.49,0
15005772,Cust05772,587,Spain,Male,36,9,3064.33,2,1,0,88.77,0
15005773,Cust05773,666,France,Male,46,2,139879.64,1,1,0,79.18,1
15005774,Cust05774,626,France,Female,31,5,153268.29,1,0,1,108.26,0
15005775,Cust05775,678,France,Male,18,0,81061.85,2,1,1,41.48,0
15005776,Cust05776,829,France,Male,51,1,17579.81,2,1,0,28.47,0
15005777,Cust05777,800,Spain,Male,54,10,116790.58,2,1,0,21.7,1
15005778,Cust05778,669,Germany,Female,42,6,129856.55,3,1,0,104.89,1
15005779,Cust05779,750,Germany,Female,48,3,109827.86,2,0,1,171.74,0
15005780,Cust05780,625,Spain,Male,42,0,86006.0,1,1,0,143.43,0
15005781,Cust05781,541,France,Male,31,2,34626.8,3,1,0,85.59,0
15005782,Cust05782,634,France,Male,25,8,172859.14,1,1,1,42.99,0
15005783,Cust05783,561,France,Female,40,1,92945.82,4,1,0,89.71,1
15005784,Cust05784,779,Spain,Female,49,7,146465.16,1,0,0,21.5,0
15005785,Cust05785,684,France,Male,43,5,152440.38,2,0,0,40.65,0
15005786,Cust05786,745,France,Female,49,0,30397.1,2,0,1,163.64,0
15005787,Cust05787,773,Germany,Female,35,7,55488.94,4,1,1,97.85,1
15005788,Cust05788,558,France,Female,25,6,159667.33,1,1,1,35.39,1
15005789,Cust05789,694,France,Male,42,4,24573.0,1,1,0,15.06,0
15005790,Cust05790,850,Germany,Female,29,1,54032.01,2,1,1,145.54,0
15005791,Cust05791,668,Germany,Male,50,7,119829.6,2,0,0,193.67,1
15005792,Cust05792,668,Spain,Male,40,6,14270.17,1,0,0,142.31,0
15005793,Cust05793,544,Spain,Female,42,5,51191.56,3,0,0,162.83,1
15005794,Cust05794,478,Spain,Female,60,5,25123.71,2,1,1,15.92,0
15005795,Cust05795,431,France,Female,46,4,74404.5,2,1,0,31.55,0
15005796,Cust05796,755,France,Male,41,8,64498.78,2,1,0,198.13,1
15005797,Cust05797,506,Germany,Male,38,7,77809.39,2,1,0,42.59,0
15005798,Cust05798,549,France,Female,41,0,17743.83,1,1,0,131.26,0
15005799,Cust05799,829,Spain,Male,36,4,54147.93,1,0,1,28.51,0
15005800,Cust05800,604,Spain,Male,37,7,65223.56,2,0,1,152.97,0
15005801,Cust05801,741,Germany,Male,31,6,56771.01,1,1,0,79.51,0
15005802,Cust05802,621,France,Female,22,6,177325.02,1,0,0,177.94,0
15005803,Cust05803,699,France,Female,34,1,50710.27,1,0,1,31.12,0
15005804,Cust05804,770,France,Female,18,5,44385.3,2,0,0,197.73,1
15005805,Cust05805,695,France,Female,58,8,148327.79,1,1,1,166.5,0
15005806,Cust05806,687,France,Female,55,7,39718.48,2,0,1,137.48,0
15005807,Cust05807,678,France,Male,44,9,14327.53,2,0,0,171.73,0
15005808,Cust05808,529,Germany,Female,37,3,0.0,1,0,0,51.84,1
15005809,Cust05809,658,France,Male,36,5,97928.13,2,0,0,99.98,0
15005810,Cust05810,593,Germany,Female,23,0,134223.51,2,0,0,173.05,0
15005811,Cust05811,802,France,Female,29,4,128630.18,2,1,0,44.14,1
15005812,Cust05812,739,Spain,Male,46,5,18677.58,2,0,0,85.61,0
15005813,Cust05813,847,France,Male,32,8,75803.1,2,0,1,75.12,0
15005814,Cust05814,745,Spain,Male,67,6,31092.93,2,0,0,50.35,0
15005815,Cust05815,702,France,Male,20,7,111045.81,1,1,1,91.36,0
15005816,Cust05816,638,Germany,Male,24,5,0.0,1,1,1,91.44,0
15005817,Cust05817,653,France,Female,19,2,175173.35,4,1,1,134.69,0
15005818,Cust05818,662,France,Male,44,6,89613.42,2,0,0,159.81,0
15005819,Cust05819,497,France,Female,44,8,45468.63,2,0,0,182.14,0
15005820,Cust05820,793,France,Female,27,5,0.0,1,0,1,190.93,0
15005821,Cust05821,850,France,Female,30,8,137208.71,2,1,0,44.34,0
15005822,Cust05822,632,Germany,Female,54,1,158791.41,2,0,1,167.07,0
15005823,Cust05823,747,Germany,Male,45,10,0.0,1,1,1,50.4,0
15005824,Cust05824,732,Spain,Male,34,9,38516.03,1,0,0,51.82,0
15005825,Cust05825,552,France,Female,28,10,130884.67,2,0,1,134.63,0
15005826,Cust05826,637,France,Male,52,7,112094.35,1,0,1,100.76,0
15005827,Cust05827,767,Germany,Male,27,10,41510.7,2,1,0,80.1,1
15005828,Cust05828,711,France,Male,49,7,53841.96,2,0,0,185.65,0
15005829,Cust05829,585,France,Female,55,1,57649.77,4,0,0,184.23,1
15005830,Cust05830,437,Spain,Male,18,1,57066.83,2,1,1,181.0,0
15005831,Cust05831,641,France,Male,29,8,5362.68,1,1,1,77.71,1
15005832,Cust05832,799,France,Male,55,8,22049.06,1,0,1,12.92,1
15005833,Cust05833,583,France,Male,52,0,176322.62,1,0,1,101.88,1
15005834,Cust05834,592,Germany,Male,55,1,21985.04,1,0,1,145.91,0
15005835,Cust05835,492,France,Female,43,8,28749.48,2,1,0,56.28,0
15005836,Cust05836,766,France,Male,36,8,18206.01,2,0,0,120.66,0
15005837,Cust05837,554,France,Female,50,1,99207.41,1,0,1,28.81,1
15005838,Cust05838,674,Germany,Female,51,5,0.0,1,1,0,34.18,1
15005839,Cust05839,561,Germany,Female,38,6,18127.88,2,0,1,122.31,0
15005840,Cust05840,710,Germany,Female,47,7,75917.54,1,1,0,170.09,1
15005841,Cust05841,591,Germany,Female,39,2,175317.85,2,0,1,24.13,0
15005842,Cust05842,528,France,Male,35,6,115323.68,2,1,0,197.9,1
15005843,Cust05843,620,Germany,Male,48,3,0.0,2,1,0,50.77,1
15005844,Cust05844,737,France,Male,40,9,105548.22,1,1,1,180.18,0
15005845,Cust05845,687,Germany,Female,39,4,1623.5,1,1,1,62.82,0
15005846,Cust05846,540,France,Female,22,5,82826.67,2,1,1,81.42,0
15005847,Cust05847,548,Spain,Male,54,5,32517.66,1,1,0,30.42,0
15005848,Cust05848,736,France,Male,60,10,48193.59,3,0,1,87.75,0
15005849,Cust05849,505,Spain,Female,41,3,84692.72,1,0,0,117.78,1
15005850,Cust05850,769,France,Male,30,3,146210.23,2,0,0,187.53,0
15005851,Cust05851,718,France,Male,50,5,60680.64,1,0,1,145.88,1
15005852,Cust05852,548,France,Female,20,3,77735.97,2,1,1,92.31,0
15005853,Cust05853,690,France,Male,24,7,0.0,2,1,0,101.22,0
15005854,Cust05854,613,France,Female,25,8,72615.22,2,1,0,55.66,0
15005855,Cust05855,612,France,Male,23,7,57390.35,1,0,0,159.18,1
15005856,Cust05856,471,Germany,Male,38,9,45956.25,2,0,0,193.0,1
15005857,Cust05857,561,France,Female,48,5,17965.98,1,1,0,102.79,1
15005858,Cust05858,649,Spain,Female,46,3,163825.5,1,0,0,37.04,0
15005859,Cust05859,682,Spain,Female,27,0,16617.43,1,1,0,168.6,0
15005860,Cust05860,609,France,Male,26,4,23803.85,2,0,1,191.5,0
15005861,Cust05861,585,Spain,Female,46,5,4942.3,2,0,1,170.07,0
15005862,Cust05862,631,France,Female,31,9,130267.45,1,1,0,13.12,0
15005863,Cust05863,678,Spain,Female,33,9,0.0,1,0,0,158.54,1
15005864,Cust05864,561,France,Male,64,4,72845.46,2,0,1,122.88,0
15005865,Cust05865,822,France,Female,18,8,86971.47,2,1,0,113.04,1
15005866,Cust05866,417,France,Female,56,8,98290.44,1,1,0,172.07,0
15005867,Cust05867,645,France,Male,46,1,40080.88,2,0,1,61.21,0
15005868,Cust05868,507,Spain,Female,37,4,82220.02,1,1,1,107.67,0
15005869,Cust05869,635,France,Female,35,8,8029.67,1,0,1,124.01,0
15005870,Cust05870,514,Germany,Female,31,3,111275.79,1,0,1,68.18,0
15005871,Cust05871,561,Germany,Female,57,0,150673.29,1,0,1,41.03,0
15005872,Cust05872,605,France,Male,30,3,0.0,2,1,0,113.16,0
15005873,Cust05873,677,France,Male,36,1,81854.49,2,1,1,195.26,0
15005874,Cust05874,540,France,Female,33,4,0.0,1,0,1,80.6,0
15005875,Cust05875,622,France,Male,43,0,3977.86,1,1,1,112.21,0
15005876,Cust05876,637,France,Female,34,0,10681.6,3,1,1,197.97,0
15005877,Cust05877,597,France,Male,30,1,22576.85,1,1,1,107.56,0
15005878,Cust05878,630,France,Male,18,9,44249.5,2,1,1,42.47,0
15005879,Cust05879,614,France,Male,36,5,88004.95,3,1,0,154.05,1
15005880,Cust05880,695,Spain,Female,18,6,127846.32,2,0,0,66.05,0
15005881,Cust05881,700,France,Female,27,7,25888.78,2,0,1,139.79,0
15005882,Cust05882,850,France,Female,25,1,92386.69,1,0,1,28.85,0
15005883,Cust05883,590,Germany,Female,41,10,25709.07,2,0,0,95.4,0
15005884,Cust05884,678,Germany,Female,24,2,31741.04,1,1,1,104.01,0
15005885,Cust05885,741,Spain,Male,32,9,136054.67,1,1,0,123.8,1
15005886,Cust05886,680,France,Female,27,7,0.0,1,0,1,147.65,0
15005887,Cust05887,771,Spain,Male,30,4,0.0,2,0,1,38.41,1
15005888,Cust05888,580,France,Female,25,0,4548.44,2,0,0,168.03,0
15005889,Cust05889,801,France,Female,33,6,71510.88,2,1,0,142.35,0
15005890,Cust05890,799,France,Female,56,9,48280.01,2,0,0,82.58,1
15005891,Cust05891,791,France,Female,40,5,201567.62,2,1,1,57.96,0
15005892,Cust05892,633,France,Male,45,0,37906.24,1,1,1,195.07,0
15005893,Cust05893,650,France,Female,28,4,52622.23,2,0,0,168.91,0
15005894,Cust05894,553,France,Male,49,5,90719.54,2,1,0,46.27,1
15005895,Cust05895,621,Germany,Male,59,2,79937.82,1,1,1,68.68,0
15005896,Cust05896,636,Germany,Male,37,0,124548.54,2,0,1,126.32,0
15005897,Cust05897,689,France,Male,24,7,179584.53,1,1,0,60.82,0
15005898,Cust05898,665,France,Male,36,6,0.0,1,0,1,134.61,0
15005899,Cust05899,608,Germany,Female,33,3,107452.6,1,1,1,57.92,0
15005900,Cust05900,768,Germany,Female,33,0,179098.01,2,0,1,191.18,0
15005901,Cust05901,478,France,Female,18,1,147719.24,1,1,0,22.7,1
15005902,Cust05902,541,France,Female,33,3,33843.97,2,1,1,62.89,0
15005903,Cust05903,661,Spain,Female,23,5,11496.43,2,0,0,195.98,0
15005904,Cust05904,643,France,Female,45,5,110463.1,1,0,0,196.42,1
15005905,Cust05905,591,Germany,Female,23,4,106655.34,2,0,0,141.29,0
15005906,Cust05906,714,Germany,Female,25,7,53593.72,2,1,1,54.01,0
15005907,Cust05907,636,Germany,Male,39,9,77240.08,2,1,1,38.41,0
15005908,Cust05908,546,Germany,Female,28,10,11620.59,2,0,1,117.47,0
15005909,Cust05909,693,Germany,Female,18,2,31389.79,1,1,1,184.0,0
15005910,Cust05910,484,France,Male,42,10,55353.82,2,0,0,32.08,0
15005911,Cust05911,767,Spain,Male,29,0,47374.68,1,1,1,66.03,0
15005912,Cust05912,446,France,Male,41,9,48404.84,2,0,1,79.71,0
15005913,Cust05913,479,France,Male,52,8,121563.61,1,1,1,72.77,0
15005914,Cust05914,582,France,Male,53,2,44414.79,1,0,0,146.4,1
15005915,Cust05915,424,France,Male,48,5,64852.5,2,1,0,119.36,1
15005916,Cust05916,686,Germany,Female,25,5,101559.75,3,0,0,124.44,1
15005917,Cust05917,757,Germany,Female,50,0,162061.58,2,1,0,190.37,0
15005918,Cust05918,643,France,Male,33,1,185422.17,3,0,1,185.16,0
15005919,Cust05919,631,France,Female,26,7,52162.98,2,1,1,121.85,0
15005920,Cust05920,748,Spain,Male,22,1,0.0,1,0,0,175.97,0
15005921,Cust05921,614,Germany,Male,18,6,0.0,1,0,0,27.37,0
15005922,Cust05922,656,Spain,Female,22,4,185122.71,1,1,0,194.69,0
15005923,Cust05923,636,Spain,Female,49,0,124791.18,2,1,0,97.46,0
15005924,Cust05924,666,Spain,Male,23,10,34173.53,1,0,1,133.45,0
15005925,Cust05925,531,France,Female,32,2,26790.32,3,0,0,156.08,1
15005926,Cust05926,850,France,Male,34,7,0.0,2,0,1,99.31,0
15005927,Cust05927,626,France,Male,35,7,102943.87,2,1,1,135.99,0
15005928,Cust05928,515,France,Male,28,9,104432.38,2,1,0,151.05,0
15005929,Cust05929,647,Germany,Female,60,5,92649.23,1,0,0,32.43,0
15005930,Cust05930,605,Germany,Female,38,9,44377.63,1,0,1,33.68,0
15005931,Cust05931,546,Spain,Male,18,1,69926.12,1,1,0,190.67,0
15005932,Cust05932,495,Spain,Female,33,2,75517.95,2,1,1,62.79,0
15005933,Cust05933,719,Spain,Female,39,1,0.0,1,1,0,137.5,1
15005934,Cust05934,553,France,Female,48,9,82913.88,3,0,0,49.86,0
15005935,Cust05935,850,France,Female,18,7,95619.01,1,1,0,153.91,0
15005936,Cust05936,603,France,Male,42,7,0.0,1,0,0,142.41,1
15005937,Cust05937,608,France,Male,22,0,26412.53,1,1,1,189.83,0
15005938,Cust05938,753,Germany,Female,36,8,92204.68,2,1,0,42.62,0
15005939,Cust05939,526,France,Male,45,5,111634.31,1,0,1,166.59,0
15005940,Cust05940,751,Spain,Male,40,5,0.0,3,1,1,39.02,0
15005941,Cust05941,567,France,Female,37,10,257883.55,2,0,1,124.82,0
15005942,Cust05942,653,Germany,Female,44,2,98229.96,1,1,1,134.27,0
15005943,Cust05943,624,France,Female,34,2,148701.45,2,0,1,127.5,0
15005944,Cust05944,850,Spain,Female,27,5,57593.07,1,0,0,149.7,0
15005945,Cust05945,689,Spain,Female,43,10,44615.76,2,0,1,62.63,0
15005946,Cust05946,850,France,Female,50,2,7610.33,2,0,1,81.45,1
15005947,Cust05947,733,Spain,Male,32,7,208262.41,1,0,1,132.77,0
15005948,Cust05948,602,Germany,Female,32,8,136017.41,1,1,0,143.66,1
15005949,Cust05949,722,France,Male,23,5,72843.1,1,0,0,25.69,0
15005950,Cust05950,687,France,Female,42,7,19578.36,1,0,1,163.61,0
15005951,Cust05951,690,France,Female,35,5,32601.18,1,0,1,172.58,0
15005952,Cust05952,668,Spain,Female,54,0,161207.32,3,1,0,17.01,0
15005953,Cust05953,622,France,Male,43,1,57546.16,1,0,1,55.65,0
15005954,Cust05954,850,France,Female,50,4,0.0,2,1,1,161.62,0
15005955,Cust05955,675,France,Male,34,2,157416.53,2,1,1,162.58,0
15005956,Cust05956,677,France,Male,29,5,63722.31,1,1,0,143.79,0
15005957,Cust05957,697,Germany,Male,23,3,199389.16,1,1,1,83.34,0
15005958,Cust05958,680,France,Female,45,7,134917.32,2,1,0,83.26,0
15005959,Cust05959,763,Germany,Female,33,3,141985.1,2,1,0,151.85,0
15005960,Cust05960,656,Germany,Female,35,3,68943.14,2,1,0,111.31,0
15005961,Cust05961,699,France,Female,51,8,212023.36,1,1,0,126.29,0
15005962,Cust05962,601,France,Female,40,1,112535.57,1,0,1,159.49,1
15005963,Cust05963,651,Germany,Female,41,6,19390.95,1,0,0,177.84,0
15005964,Cust05964,641,Germany,Male,53,5,101722.24,2,1,0,69.38,1
15005965,Cust05965,716,Spain,Female,41,7,0.0,2,0,0,26.73,0
15005966,Cust05966,682,Germany,Female,29,7,76035.44,1,1,0,68.19,0
15005967,Cust05967,664,France,Female,31,1,77208.63,2,0,0,191.78,1
15005968,Cust05968,547,Spain,Female,23,8,188091.84,2,1,1,85.78,0
15005969,Cust05969,623,Spain,Male,27,4,103334.55,2,1,1,105.42,0
15005970,Cust05970,585,Germany,Female,53,8,12144.21,2,0,1,42.34,0
15005971,Cust05971,666,Germany,Male,34,3,18381.88,1,0,1,113.24,1
15005972,Cust05972,513,France,Female,30,5,89332.22,2,1,0,198.68,1
15005973,Cust05973,717,Germany,Male,42,6,52320.1,2,0,0,157.88,1
15005974,Cust05974,777,France,Female,44,8,24108.73,3,1,0,52.52,0
15005975,Cust05975,485,Germany,Male,29,4,97870.48,2,1,1,144.36,0
15005976,Cust05976,373,Spain,Male,31,10,0.0,1,0,1,163.51,0
15005977,Cust05977,724,France,Female,28,10,161306.32,2,0,0,77.76,0
15005978,Cust05978,605,Spain,Male,45,7,52783.8,4,0,0,13.72,1
15005979,Cust05979,607,Spain,Male,23,5,17172.42,1,0,0,137.35,0
15005980,Cust05980,428,Spain,Male,43,0,82243.6,1,1,0,117.4,0
15005981,Cust05981,671,Spain,Female,47,9,92031.64,1,1,0,47.34,1
15005982,Cust05982,700,Spain,Male,29,9,0.0,1,0,1,85.49,0
15005983,Cust05983,350,Germany,Male,44,9,0.0,4,0,1,57.16,0
15005984,Cust05984,711,Spain,Male,25,0,37769.25,2,1,0,96.72,0
15005985,Cust05985,595,Germany,Male,38,4,81799.82,1,0,1,73.96,0
15005986,Cust05986,657,France,Female,28,1,39190.64,1,1,0,73.87,0
15005987,Cust05987,686,France,Male,31,6,55942.83,2,1,0,59.51,0
15005988,Cust05988,681,France,Female,50,8,92482.68,1,0,1,53.96,0
15005989,Cust05989,424,France,Female,44,7,104311.77,1,0,0,128.11,1
15005990,Cust05990,663,France,Female,38,1,135974.73,2,1,0,53.29,0
15005991,Cust05991,748,Spain,Female,46,2,86524.9,2,1,1,78.46,0
15005992,Cust05992,710,France,Female,52,10,962.07,3,1,1,137.71,0
15005993,Cust05993,766,Germany,Male,37,5,38391.91,1,0,0,91.34,1
15005994,Cust05994,728,Germany,Female,31,3,62935.95,1,0,0,151.87,0
15005995,Cust05995,683,Germany,Female,48,0,85587.68,2,1,0,198.84,1
15005996,Cust05996,519,France,Female,41,5,129655.0,1,1,1,152.06,0
15005997,Cust05997,636,France,Male,32,8,0.0,2,0,0,83.28,0
15005998,Cust05998,535,Germany,Female,40,6,162860.81,2,0,1,120.17,0
15005999,Cust05999,717,France,Female,46,5,83312.91,2,0,0,30.2,0
15006000,Cust06000,528,France,Female,29,0,76782.0,2,0,1,80.7,0
15006001,Cust06001,658,France,Male,33,5,83957.02,1,0,0,66.12,0
15006002,Cust06002,518,France,Male,53,1,130152.34,2,1,1,17.69,0
15006003,Cust06003,731,Germany,Female,43,6,47228.12,1,0,1,138.87,0
15006004,Cust06004,536,France,Male,37,0,120572.66,1,1,1,85.05,0
15006005,Cust06005,498,Spain,Male,18,4,126900.89,2,0,1,75.95,1
15006006,Cust06006,839,Germany,Male,29,8,28103.92,1,1,1,145.24,0
15006007,Cust06007,628,Spain,Male,19,7,0.0,1,1,0,64.58,0
15006008,Cust06008,675,France,Female,33,3,169619.65,1,0,1,71.71,0
15006009,Cust06009,784,France,Male,44,6,67492.04,1,0,0,167.37,0
15006010,Cust06010,798,Germany,Female,56,0,119154.62,1,1,0,35.48,0
15006011,Cust06011,416,Spain,Female,59,0,80331.31,4,0,1,94.93,0
15006012,Cust06012,692,Germany,Female,44,7,61051.96,2,1,1,146.58,0
15006013,Cust06013,720,Spain,Female,36,3,88180.11,2,0,0,94.09,0
15006014,Cust06014,834,Germany,Female,52,0,108659.38,2,1,0,89.61,0
15006015,Cust06015,438,Spain,Male,47,2,0.0,2,0,1,49.6,0
15006016,Cust06016,672,France,Female,49,3,212721.61,2,1,1,68.29,0
15006017,Cust06017,641,France,Male,36,2,188399.19,2,1,0,85.12,0
15006018,Cust06018,433,France,Male,34,4,29715.71,2,1,1,171.34,0
15006019,Cust06019,556,France,Female,27,1,17346.28,1,0,1,22.69,1
15006020,Cust06020,671,Spain,Female,61,0,162840.09,3,1,0,125.53,1
15006021,Cust06021,704,France,Male,46,0,122253.21,3,0,0,105.36,1
15006022,Cust06022,541,France,Male,35,9,59741.86,2,1,0,21.26,0
15006023,Cust06023,714,France,Female,43,7,182425.5,2,0,0,102.61,1
15006024,Cust06024,591,Spain,Male,18,5,55811.48,1,1,1,41.58,0
15006025,Cust06025,808,France,Male,45,10,177443.24,2,1,0,101.74,1
15006026,Cust06026,728,France,Male,59,10,175850.05,3,1,0,69.03,1
15006027,Cust06027,575,France,Male,55,7,62019.83,1,0,0,121.47,0
15006028,Cust06028,750,France,Female,33,8,136125.6,1,1,1,27.64,0
15006029,Cust06029,846,Germany,Male,43,7,91240.98,1,0,0,76.95,1
15006030,Cust06030,641,Germany,Female,49,7,89210.98,2,0,0,196.12,0
15006031,Cust06031,811,France,Male,42,10,40374.62,3,0,1,130.62,1
15006032,Cust06032,644,Germany,Male,54,0,29160.03,2,1,1,182.25,1
15006033,Cust06033,621,Germany,Female,44,2,110197.56,1,0,0,199.61,1
15006034,Cust06034,658,Spain,Female,37,4,106194.56,2,0,0,55.36,1
15006035,Cust06035,624,France,Female,49,5,152743.38,2,1,1,58.35,0
15006036,Cust06036,597,France,Male,40,10,10400.17,1,0,0,185.97,0
15006037,Cust06037,534,France,Male,59,4,93465.15,1,0,0,103.78,0
15006038,Cust06038,575,France,Male,53,1,70285.21,2,0,0,16.28,1
15006039,Cust06039,510,France,Female,25,1,107082.87,1,0,1,120.24,0
15006040,Cust06040,758,France,Male,39,0,28183.78,2,0,0,37.69,0
15006041,Cust06041,711,France,Male,46,7,21630.06,2,0,1,150.12,1
15006042,Cust06042,469,France,Male,33,2,21268.35,1,0,0,141.08,1
15006043,Cust06043,701,France,Male,28,2,118641.54,1,0,1,99.6,1
15006044,Cust06044,670,Germany,Female,60,6,0.0,2,0,0,125.97,0
15006045,Cust06045,564,France,Female,47,7,0.0,1,1,0,158.43,1
15006046,Cust06046,627,Spain,Female,58,0,65278.55,2,0,1,195.16,0
15006047,Cust06047,748,Germany,Female,25,3,33373.52,1,0,1,129.21,1
15006048,Cust06048,698,Germany,Male,25,6,42567.77,1,0,0,176.54,1
15006049,Cust06049,631,Germany,Female,33,6,79910.03,3,1,0,69.69,1
15006050,Cust06050,623,Germany,Male,53,5,0.0,1,0,0,39.34,1
15006051,Cust06051,659,France,Male,34,0,0.0,2,0,1,77.07,0
15006052,Cust06052,764,France,Male,45,10,121607.73,2,1,1,170.31,0
15006053,Cust06053,569,France,Male,36,3,75948.96,2,0,1,126.95,0
15006054,Cust06054,440,France,Male,34,9,121862.79,1,0,0,95.03,1
15006055,Cust06055,701,Spain,Male,33,6,132315.28,1,1,1,37.89,0
15006056,Cust06056,457,France,Female,34,6,50198.4,2,0,1,41.13,0
15006057,Cust06057,519,France,Male,45,3,68381.07,2,1,1,41.52,0
15006058,Cust06058,697,Spain,Female,38,6,111682.0,2,1,0,103.23,1
15006059,Cust06059,850,Spain,Male,40,2,142664.96,1,0,0,174.85,0
15006060,Cust06060,637,France,Male,40,6,29628.12,2,0,1,154.4,0
15006061,Cust06061,606,France,Female,51,1,0.0,3,0,1,47.35,0
15006062,Cust06062,733,France,Female,29,0,22356.94,1,0,1,17.07,0
15006063,Cust06063,636,Spain,Female,42,3,31914.38,2,1,1,170.31,0
15006064,Cust06064,581,Germany,Female,44,2,20807.94,1,0,1,188.39,0
15006065,Cust06065,602,Germany,Female,42,1,134218.61,2,0,1,167.15,0
15006066,Cust06066,729,France,Female,23,7,98051.53,1,1,0,132.12,0
15006067,Cust06067,653,Germany,Female,36,1,152773.56,2,1,1,146.57,0
15006068,Cust06068,743,France,Female,46,5,61517.44,2,1,0,132.57,0
15006069,Cust06069,470,Germany,Male,47,2,0.0,2,0,1,14.61,0
15006070,Cust06070,567,France,Female,37,3,70719.08,4,1,1,186.38,1
15006071,Cust06071,579,France,Male,46,9,178612.62,1,1,0,64.06,1
15006072,Cust06072,531,Germany,Male,35,9,148597.83,2,0,1,159.57,0
15006073,Cust06073,593,Spain,Male,32,4,0.0,2,1,1,115.9,1
15006074,Cust06074,689,Germany,Female,44,0,0.0,1,0,1,86.37,1
15006075,Cust06075,642,France,Male,25,2,82448.34,1,1,1,21.1,0
15006076,Cust06076,686,France,Male,26,3,16390.44,1,0,1,137.34,0
15006077,Cust06077,593,Germany,Male,24,9,182639.04,1,0,1,98.84,0
15006078,Cust06078,686,Spain,Male,49,6,57668.73,1,1,0,38.78,1
15006079,Cust06079,598,Spain,Male,49,8,11736.22,1,0,0,140.19,1
15006080,Cust06080,548,Germany,Female,43,9,83206.43,2,0,0,77.58,0
15006081,Cust06081,640,Germany,Male,49,9,6319.27,1,1,1,11.07,0
15006082,Cust06082,640,France,Male,30,6,41241.26,1,1,1,192.1,0
15006083,Cust06083,621,Germany,Female,49,4,2080.04,2,1,1,36.55,1
15006084,Cust06084,548,Germany,Female,36,5,0.0,1,0,1,100.77,0
15006085,Cust06085,850,Germany,Male,56,5,91297.15,2,0,0,32.28,0
15006086,Cust06086,674,France,Male,22,8,3381.37,1,1,0,191.87,0
15006087,Cust06087,650,Spain,Male,18,5,101659.27,2,0,0,101.6,1
15006088,Cust06088,794,Germany,Female,22,5,111853.27,2,0,0,39.36,0
15006089,Cust06089,516,Spain,Male,21,5,136479.32,1,0,0,19.63,0
15006090,Cust06090,554,France,Male,53,6,120486.89,2,0,0,182.54,0
15006091,Cust06091,647,France,Female,31,0,134503.2,1,1,1,104.22,0
15006092,Cust06092,627,France,Male,54,1,78010.42,2,0,0,92.12,1
15006093,Cust06093,759,Germany,Male,41,9,46431.58,2,1,1,59.71,0
15006094,Cust06094,562,Germany,Female,52,5,19390.3,3,1,0,127.55,0
15006095,Cust06095,781,Spain,Male,42,4,2392.33,1,1,1,165.42,0
15006096,Cust06096,591,Spain,Female,24,3,86588.62,1,1,1,116.3,0
15006097,Cust06097,621,France,Female,38,9,66663.52,3,0,1,89.35,1
15006098,Cust06098,433,France,Male,27,7,68629.52,1,1,0,60.4,0
15006099,Cust06099,744,France,Male,46,9,0.0,2,0,1,56.1,0
15006100,Cust06100,661,Germany,Male,42,4,212284.65,1,0,1,53.35,0
15006101,Cust06101,642,Germany,Female,18,8,135129.1,2,0,0,132.38,0
15006102,Cust06102,610,Germany,Female,34,6,76405.28,2,0,1,111.66,1
15006103,Cust06103,523,France,Male,51,9,121081.05,1,0,0,32.43,0
15006104,Cust06104,749,France,Male,30,6,79456.69,2,1,1,119.28,0
15006105,Cust06105,746,France,Male,24,8,161409.79,1,0,0,84.36,0
15006106,Cust06106,538,France,Female,26,1,45557.0,1,1,0,78.89,0
15006107,Cust06107,750,Spain,Male,42,6,116993.22,1,0,1,74.25,0
15006108,Cust06108,726,Germany,Male,56,0,143143.32,1,1,1,133.4,0
15006109,Cust06109,666,Germany,Male,43,5,0.0,1,1,1,120.63,0
15006110,Cust06110,488,Germany,Female,32,4,110123.59,2,0,0,150.89,0
15006111,Cust06111,692,Germany,Female,37,9,41410.68,1,1,0,29.36,0
15006112,Cust06112,661,Spain,Male,40,8,49207.44,2,1,0,60.18,0
15006113,Cust06113,564,France,Female,21,8,24391.11,2,1,0,54.21,0
15006114,Cust06114,743,Germany,Male,41,8,153234.95,2,0,1,173.67,0
15006115,Cust06115,680,Spain,Male,35,10,261921.51,1,1,1,74.39,0
15006116,Cust06116,547,France,Male,57,6,27843.85,1,0,1,187.31,0
15006117,Cust06117,431,France,Female,48,3,38927.38,2,1,0,29.72,1
15006118,Cust06118,401,Spain,Male,22,8,100067.3,1,1,0,24.82,0
15006119,Cust06119,652,Spain,Male,38,8,29740.5,2,0,1,192.3,0
15006120,Cust06120,484,Spain,Male,42,10,53724.7,2,0,1,108.35,0
15006121,Cust06121,487,Spain,Female,39,4,63263.38,2,1,0,117.03,0
15006122,Cust06122,675,France,Female,44,8,118021.53,2,0,0,165.02,0
15006123,Cust06123,528,France,Male,40,2,0.0,2,0,0,112.68,0
15006124,Cust06124,680,Germany,Male,34,5,26795.78,2,0,0,15.07,0
15006125,Cust06125,456,France,Female,18,7,124948.92,1,0,0,83.42,1
15006126,Cust06126,758,France,Female,20,8,31226.13,2,0,0,136.52,0
15006127,Cust06127,731,France,Male,58,7,0.0,1,1,0,63.52,1
15006128,Cust06128,785,Spain,Male,25,9,9024.34,1,1,0,124.72,1
15006129,Cust06129,560,Spain,Male,30,7,96839.62,2,0,1,99.5,0
15006130,Cust06130,692,Spain,Male,33,8,21209.16,2,0,1,130.73,0
15006131,Cust06131,560,Spain,Female,52,6,74585.55,2,0,1,169.49,0
15006132,Cust06132,583,Germany,Male,47,3,27825.37,3,0,0,147.12,1
15006133,Cust06133,678,Spain,Female,59,1,107507.96,2,0,1,21.03,0
15006134,Cust06134,719,Germany,Male,49,3,105709.63,4,1,1,92.05,0
15006135,Cust06135,491,France,Female,18,6,124337.92,2,0,1,48.42,0
15006136,Cust06136,655,France,Male,31,8,0.0,2,0,1,75.12,0
15006137,Cust06137,640,France,Male,33,0,96712.3,4,0,1,101.91,1
15006138,Cust06138,641,Spain,Female,56,8,149990.46,1,0,0,79.23,0
15006139,Cust06139,722,Spain,Female,54,1,104082.38,2,0,0,107.91,0
15006140,Cust06140,737,France,Female,32,0,188817.47,2,0,1,123.8,0
15006141,Cust06141,687,Spain,Female,42,8,117923.67,2,0,1,50.9,0
15006142,Cust06142,777,France,Male,37,6,1373.23,2,1,0,115.81,0
15006143,Cust06143,710,France,Male,49,10,0.0,1,1,1,92.75,0
15006144,Cust06144,832,Germany,Female,45,5,72834.63,1,1,1,69.99,0
15006145,Cust06145,518,France,Female,28,9,0.0,1,1,1,180.22,0
15006146,Cust06146,509,France,Male,28,7,90193.5,1,0,0,77.49,0
15006147,Cust06147,556,Germany,Female,41,0,54881.37,1,1,1,53.63,0
15006148,Cust06148,632,France,Female,40,7,156486.12,2,0,0,195.93,0
15006149,Cust06149,678,Germany,Male,46,9,135512.28,1,0,1,167.37,0
15006150,Cust06150,518,Spain,Male,30,7,0.0,2,0,0,61.24,0
15006151,Cust06151,681,France,Male,59,4,144934.91,1,1,0,100.02,0
15006152,Cust06152,578,France,Male,39,8,75243.87,2,1,1,122.26,0
15006153,Cust06153,613,France,Female,28,1,89259.46,2,1,0,37.68,0
15006154,Cust06154,640,Germany,Male,45,9,100401.46,2,0,0,68.73,1
15006155,Cust06155,566,France,Male,48,10,49655.49,2,1,1,198.44,1
15006156,Cust06156,690,Germany,Male,34,6,39962.13,1,1,1,38.29,0
15006157,Cust06157,625,France,Female,29,3,35196.08,2,0,0,78.22,0
15006158,Cust06158,720,Spain,Male,49,5,156321.47,1,1,1,126.68,0
15006159,Cust06159,554,Spain,Female,55,1,270474.53,1,1,0,130.32,0
15006160,Cust06160,486,Spain,Female,52,1,98331.79,1,0,1,73.44,1
15006161,Cust06161,823,France,Female,44,6,0.0,1,0,1,87.73,0
15006162,Cust06162,616,France,Female,57,9,158813.49,1,0,1,83.52,1
15006163,Cust06163,765,Germany,Female,45,9,51764.73,4,1,1,180.41,1
15006164,Cust06164,652,Germany,Female,45,6,108170.6,2,1,0,126.85,1
15006165,Cust06165,535,Germany,Female,29,0,46332.67,1,0,0,65.33,0
15006166,Cust06166,623,France,Female,42,9,144560.05,1,0,0,182.77,0
15006167,Cust06167,643,Germany,Male,28,4,7879.1,1,0,0,22.19,0
15006168,Cust06168,528,France,Female,19,8,174503.44,1,1,0,189.82,1
15006169,Cust06169,586,Spain,Male,31,9,70282.29,2,1,0,106.17,0
15006170,Cust06170,587,France,Male,53,0,96941.14,2,1,1,132.0,1
15006171,Cust06171,664,Germany,Male,42,1,102742.6,2,1,1,64.73,0
15006172,Cust06172,713,France,Male,19,0,62383.45,2,1,1,193.91,0
15006173,Cust06173,544,Germany,Female,46,2,43162.93,3,0,1,61.63,0
15006174,Cust06174,766,Germany,Female,31,7,82164.56,2,0,1,106.84,0
15006175,Cust06175,808,Spain,Female,34,1,42755.33,3,0,1,117.38,1
15006176,Cust06176,669,France,Female,57,7,96378.05,3,1,1,25.55,0
15006177,Cust06177,782,Spain,Male,57,2,81408.25,2,0,1,183.75,0
15006178,Cust06178,500,France,Male,50,7,109361.26,1,1,1,147.35,0
15006179,Cust06179,534,Germany,Male,32,2,126804.11,1,1,1,180.57,0
15006180,Cust06180,618,France,Male,58,8,146550.43,2,1,1,128.78,1
15006181,Cust06181,693,Germany,Male,48,6,73444.31,2,1,1,107.35,0
15006182,Cust06182,759,Germany,Male,30,10,96084.45,1,1,1,37.25,0
15006183,Cust06183,667,Spain,Female,42,9,229454.01,2,1,1,42.86,0
15006184,Cust06184,676,Germany,Female,26,1,90325.67,2,0,1,20.25,0
15006185,Cust06185,528,Spain,Female,38,9,38191.08,1,1,1,198.95,0
15006186,Cust06186,780,France,Female,23,0,146775.33,2,1,1,36.38,0
15006187,Cust06187,846,Spain,Female,37,8,17621.86,1,0,1,137.08,0
15006188,Cust06188,797,Germany,Male,37,8,135686.46,2,0,1,165.28,0
15006189,Cust06189,785,France,Male,25,9,51693.53,1,1,1,165.58,0
15006190,Cust06190,716,France,Male,43,8,71701.31,3,0,0,86.32,1
15006191,Cust06191,719,Spain,Male,51,10,145137.71,3,1,1,176.28,0
15006192,Cust06192,705,France,Female,59,5,30761.92,1,0,0,145.25,0
15006193,Cust06193,639,Spain,Male,37,5,0.0,1,1,1,127.36,0
15006194,Cust06194,666,France,Female,41,3,0.0,1,1,1,154.81,1
15006195,Cust06195,586,France,Female,42,6,81817.64,2,1,0,34.49,0
15006196,Cust06196,686,France,Male,38,8,142507.94,1,0,0,71.71,1
15006197,Cust06197,750,France,Female,34,2,182880.86,1,1,1,182.84,1
15006198,Cust06198,661,France,Female,29,5,81385.31,2,1,1,100.59,0
15006199,Cust06199,734,Germany,Male,36,6,88183.74,1,0,1,137.28,0
15006200,Cust06200,607,Spain,Female,47,1,130125.11,1,1,1,106.26,1
15006201,Cust06201,578,Germany,Male,22,1,50269.14,2,0,1,173.6,0
15006202,Cust06202,536,France,Male,52,0,48772.37,2,0,0,139.88,1
15006203,Cust06203,537,Germany,Female,23,0,37075.24,1,1,1,176.62,0
15006204,Cust06204,670,Spain,Male,48,0,0.0,3,0,0,56.76,1
15006205,Cust06205,645,Germany,Female,29,2,179107.95,2,0,1,70.78,0
15006206,Cust06206,590,France,Female,38,10,0.0,2,1,0,86.27,0
15006207,Cust06207,721,Spain,Male,30,10,14051.35,2,1,1,174.34,0
15006208,Cust06208,655,Spain,Male,50,3,0.0,1,1,1,97.39,0
15006209,Cust06209,576,Spain,Male,35,0,41856.55,1,1,1,104.67,0
15006210,Cust06210,611,France,Female,23,1,58111.98,1,0,1,85.34,1
15006211,Cust06211,669,France,Male,35,0,69265.45,1,1,0,72.63,0
15006212,Cust06212,614,Germany,Female,33,3,26416.11,2,1,1,83.96,0
15006213,Cust06213,514,France,Female,30,5,30083.94,2,1,1,197.2,0
15006214,Cust06214,688,France,Male,45,3,31371.56,2,1,1,30.73,0
15006215,Cust06215,588,France,Female,60,4,21759.84,2,0,0,115.8,0
15006216,Cust06216,646,Spain,Male,51,4,88735.59,2,1,0,12.59,1
15006217,Cust06217,787,Germany,Female,33,2,28572.46,1,1,0,43.27,0
15006218,Cust06218,735,Spain,Female,36,10,82107.76,1,0,0,75.39,0
15006219,Cust06219,579,Germany,Female,54,7,65024.17,2,0,0,30.17,0
15006220,Cust06220,670,France,Male,46,7,128275.32,2,0,1,64.07,1
15006221,Cust06221,720,Spain,Male,58,10,136267.22,1,1,1,157.78,0
15006222,Cust06222,548,France,Female,32,1,45847.3,1,1,0,89.99,0
15006223,Cust06223,701,Spain,Male,29,1,29830.78,2,1,1,64.4,0
15006224,Cust06224,771,France,Female,26,3,0.0,2,0,0,120.62,0
15006225,Cust06225,670,France,Female,32,3,97568.72,3,1,1,118.94,0
15006226,Cust06226,668,Germany,Male,18,5,91949.87,1,0,0,72.17,0
15006227,Cust06227,638,France,Male,29,1,110070.65,2,0,1,62.95,0
15006228,Cust06228,637,France,Female,46,10,108784.18,1,0,0,188.88,1
15006229,Cust06229,726,France,Male,40,2,111632.82,2,0,1,12.67,0
15006230,Cust06230,531,Germany,Female,35,5,51329.42,2,1,0,178.29,0
15006231,Cust06231,579,France,Female,41,5,149742.27,1,1,1,171.14,0
15006232,Cust06232,599,France,Male,37,9,144528.49,1,1,0,71.77,1
15006233,Cust06233,646,Spain,Female,47,1,144568.0,4,1,1,15.13,0
15006234,Cust06234,630,Spain,Male,38,8,77683.6,3,0,1,129.89,0
15006235,Cust06235,613,Spain,Male,32,9,84850.6,1,0,0,65.9,0
15006236,Cust06236,498,France,Female,22,5,0.0,2,1,1,170.19,0
15006237,Cust06237,527,Spain,Male,41,7,28837.73,2,1,1,57.01,0
15006238,Cust06238,712,France,Female,44,10,102945.86,2,0,0,84.31,0
15006239,Cust06239,642,Germany,Female,41,5,8671.95,2,1,0,129.81,0
15006240,Cust06240,632,Spain,Male,28,10,170048.13,1,1,1,60.27,0
15006241,Cust06241,700,Spain,Male,21,0,38340.63,1,0,1,131.61,0
15006242,Cust06242,720,France,Male,37,10,179272.1,1,1,1,52.39,0
15006243,Cust06243,593,France,Male,34,0,150439.04,1,1,1,140.83,1
15006244,Cust06244,607,France,Male,18,9,146629.55,2,0,0,180.27,1
15006245,Cust06245,466,France,Male,24,6,136633.83,2,0,0,190.81,0
15006246,Cust06246,800,Spain,Female,18,2,67110.47,2,0,1,139.16,0
15006247,Cust06247,692,France,Female,45,1,32613.47,4,1,0,71.55,1
15006248,Cust06248,676,France,Female,25,5,80862.94,1,0,0,28.1,1
15006249,Cust06249,535,Spain,Male,28,0,71608.3,2,0,1,107.8,1
15006250,Cust06250,591,Germany,Male,24,2,105972.55,1,0,0,131.13,1
15006251,Cust06251,654,Germany,Female,46,1,85836.14,2,1,1,79.95,0
15006252,Cust06252,683,France,Male,41,8,158356.57,1,1,0,194.97,0
15006253,Cust06253,728,Spain,Male,30,6,82120.33,2,0,0,142.06,0
15006254,Cust06254,610,France,Female,22,4,141965.26,2,0,1,195.53,1
15006255,Cust06255,590,France,Female,18,7,53440.01,3,0,1,117.07,0
15006256,Cust06256,798,Spain,Male,21,1,53535.26,1,0,0,73.86,1
15006257,Cust06257,731,France,Male,26,8,76769.11,2,1,0,152.16,0
15006258,Cust06258,755,Spain,Female,40,0,124223.27,2,1,1,48.92,0
15006259,Cust06259,671,Germany,Female,47,5,1034.38,2,1,1,185.71,0
15006260,Cust06260,731,France,Male,42,3,98300.91,2,0,1,20.09,0
15006261,Cust06261,609,Germany,Female,27,10,40054.89,2,1,1,32.96,0
15006262,Cust06262,673,Germany,Male,18,9,40809.52,2,0,1,42.98,0
15006263,Cust06263,569,Spain,Female,25,5,87030.19,1,0,0,47.99,0
15006264,Cust06264,537,Germany,Male,35,4,0.0,2,0,1,43.74,0
15006265,Cust06265,703,Spain,Male,35,7,83501.72,2,0,0,173.63,1
15006266,Cust06266,693,Germany,Female,45,5,48582.02,1,1,1,69.47,0
15006267,Cust06267,694,Spain,Female,36,4,99288.52,2,0,1,184.43,0
15006268,Cust06268,728,France,Male,35,1,75541.89,2,0,0,181.84,1
15006269,Cust06269,749,Germany,Female,28,8,0.0,1,1,0,146.94,0
15006270,Cust06270,656,Germany,Male,29,0,10674.53,2,0,1,24.97,0
15006271,Cust06271,700,Germany,Male,26,8,21701.56,2,1,0,169.56,1
15006272,Cust06272,649,Germany,Male,32,4,0.0,1,0,0,161.06,0
15006273,Cust06273,709,France,Female,35,7,0.0,1,0,0,12.66,0
15006274,Cust06274,657,Spain,Male,38,0,107714.59,2,0,1,40.24,0
15006275,Cust06275,649,Germany,Male,31,5,133397.27,1,1,0,179.33,0
15006276,Cust06276,562,France,Female,45,1,0.0,1,1,0,78.01,0
15006277,Cust06277,562,Spain,Female,43,4,0.0,1,1,0,117.33,1
15006278,Cust06278,808,Germany,Female,37,9,0.0,2,1,1,161.61,1
15006279,Cust06279,501,France,Male,36,5,43460.59,1,1,1,156.87,0
15006280,Cust06280,677,Spain,Female,52,7,128505.92,2,0,1,47.25,1
15006281,Cust06281,703,Spain,Female,50,0,107936.94,1,0,0,109.57,0
15006282,Cust06282,731,Spain,Male,41,1,67165.69,1,0,1,157.13,0
15006283,Cust06283,660,Germany,Female,40,10,124867.16,2,1,0,175.44,0
15006284,Cust06284,553,Germany,Male,34,2,107106.41,1,1,1,171.27,0
15006285,Cust06285,721,France,Female,31,1,128289.77,2,1,1,87.59,0
15006286,Cust06286,571,Spain,Male,67,3,21484.98,2,1,0,18.41,0
15006287,Cust06287,647,Germany,Male,43,6,174045.31,1,0,1,155.39,0
15006288,Cust06288,724,Spain,Female,29,0,104723.38,2,0,0,72.19,0
15006289,Cust06289,850,Spain,Male,41,5,185206.96,3,0,1,166.93,0
15006290,Cust06290,736,France,Male,44,6,811.67,1,1,0,20.78,0
15006291,Cust06291,575,Germany,Female,36,7,98184.91,2,0,1,175.07,0
15006292,Cust06292,647,France,Female,32,1,17920.42,2,1,1,131.82,1
15006293,Cust06293,774,Germany,Female,45,4,191499.52,1,1,1,174.12,0
15006294,Cust06294,645,France,Male,59,2,113552.55,1,0,1,94.3,0
15006295,Cust06295,486,France,Male,36,9,7353.61,2,0,1,134.95,0
15006296,Cust06296,534,Spain,Male,32,8,32462.33,1,1,0,65.31,0
15006297,Cust06297,568,France,Male,38,3,143512.45,1,0,1,56.41,0
15006298,Cust06298,644,France,Female,35,6,94095.4,4,0,1,181.86,1
15006299,Cust06299,496,Germany,Female,49,4,47820.49,1,1,1,59.46,0
15006300,Cust06300,718,France,Male,47,4,40945.99,1,1,1,94.83,0
15006301,Cust06301,609,France,Male,47,1,46790.99,2,0,1,104.13,1
15006302,Cust06302,614,France,Male,50,10,151531.99,2,1,1,86.29,0
15006303,Cust06303,600,France,Female,24,0,0.0,2,1,1,167.87,0
15006304,Cust06304,769,France,Male,31,7,41938.7,1,1,1,70.48,0
15006305,Cust06305,611,France,Male,22,1,36214.54,1,1,0,128.79,0
15006306,Cust06306,546,Germany,Male,39,5,22718.06,2,0,0,110.48,0
15006307,Cust06307,667,France,Female,46,8,72254.82,2,1,0,145.32,0
15006308,Cust06308,625,Germany,Male,43,4,103336.97,1,1,1,12.34,0
15006309,Cust06309,538,France,Female,32,1,25452.62,1,0,0,79.49,0
15006310,Cust06310,750,France,Female,29,3,0.0,2,0,0,94.82,0
15006311,Cust06311,484,Spain,Male,40,5,47986.12,2,1,0,97.75,0
15006312,Cust06312,660,France,Female,62,1,124672.92,1,1,1,179.28,0
15006313,Cust06313,850,Germany,Female,18,10,81918.55,2,1,0,78.18,0
15006314,Cust06314,538,Spain,Male,59,10,117663.24,2,1,1,140.91,0
15006315,Cust06315,716,Germany,Male,45,8,143549.28,1,0,0,102.07,0
15006316,Cust06316,624,Germany,Male,27,2,23982.9,2,0,1,44.83,0
15006317,Cust06317,687,France,Female,44,5,32364.6,2,1,0,156.51,1
15006318,Cust06318,755,Spain,Female,41,6,80822.63,1,0,1,90.46,0
15006319,Cust06319,617,Spain,Male,57,8,61039.34,1,0,0,51.41,0
15006320,Cust06320,559,France,Female,53,2,0.0,4,0,0,35.06,1
15006321,Cust06321,671,France,Male,44,10,44153.76,2,0,0,50.54,0
15006322,Cust06322,700,France,Female,44,3,190771.55,2,0,1,180.56,0
15006323,Cust06323,819,Spain,Male,50,10,100916.85,2,0,0,168.98,0
15006324,Cust06324,701,Germany,Male,51,7,88750.59,1,0,1,185.23,0
15006325,Cust06325,488,France,Male,30,3,31744.43,2,1,1,124.44,0
15006326,Cust06326,701,France,Male,44,5,146836.41,1,1,0,50.24,0
15006327,Cust06327,621,Germany,Male,45,7,131589.28,1,0,1,178.72,0
15006328,Cust06328,768,Spain,Male,35,9,95535.64,1,0,1,127.3,0
15006329,Cust06329,589,Spain,Male,34,4,85459.29,2,1,0,31.36,0
15006330,Cust06330,584,Germany,Female,44,10,117967.88,2,1,1,16.45,0
15006331,Cust06331,545,France,Male,52,3,114824.74,3,1,1,12.97,0
15006332,Cust06332,813,Spain,Female,30,2,17920.35,2,0,1,199.77,0
15006333,Cust06333,594,France,Male,39,6,31177.25,1,0,1,132.28,0
15006334,Cust06334,599,Germany,Female,47,5,0.0,1,0,1,196.49,1
15006335,Cust06335,700,Spain,Male,41,10,0.0,2,1,0,188.04,0
15006336,Cust06336,535,Spain,Male,55,10,76462.76,1,1,0,41.77,1
15006337,Cust06337,627,Germany,Male,48,1,127946.94,2,0,1,53.7,0
15006338,Cust06338,696,Spain,Female,28,8,0.0,1,1,1,184.53,0
15006339,Cust06339,527,France,Male,29,9,51829.73,2,1,0,100.44,0
15006340,Cust06340,653,Germany,Female,38,5,72261.49,2,0,1,140.08,0
15006341,Cust06341,816,Germany,Male,40,8,93931.76,2,0,1,100.31,0
15006342,Cust06342,587,France,Female,43,4,106552.61,2,1,1,138.91,0
15006343,Cust06343,767,France,Male,56,5,0.0,1,1,1,157.04,0
15006344,Cust06344,543,Spain,Female,29,6,0.0,2,0,0,94.59,1
15006345,Cust06345,742,Spain,Male,32,2,101878.76,2,1,0,25.43,0
15006346,Cust06346,485,France,Female,21,7,50308.45,2,0,0,127.53,0
15006347,Cust06347,825,France,Male,18,6,90835.99,2,1,0,113.6,0
15006348,Cust06348,642,France,Female,34,0,0.0,2,1,1,120.76,0
15006349,Cust06349,697,Germany,Female,27,8,0.0,2,1,1,126.6,0
15006350,Cust06350,481,Germany,Male,31,10,76544.46,2,1,1,119.72,1
15006351,Cust06351,733,Spain,Male,35,9,0.0,1,0,0,131.67,0
15006352,Cust06352,757,Germany,Male,41,4,50369.02,2,1,0,73.24,0
15006353,Cust06353,643,Germany,Male,41,0,63166.19,2,0,0,28.43,1
15006354,Cust06354,673,Germany,Female,45,5,174958.6,2,0,1,198.61,0
15006355,Cust06355,598,Germany,Male,37,8,61213.57,2,1,1,150.38,0
15006356,Cust06356,632,France,Female,42,5,20077.98,1,1,1,90.19,0
15006357,Cust06357,700,Germany,Female,52,0,60489.05,2,1,1,67.73,1
15006358,Cust06358,704,Germany,Female,37,8,169839.57,1,1,1,16.99,0
15006359,Cust06359,655,Spain,Male,46,3,135624.66,1,0,0,148.3,1
15006360,Cust06360,733,France,Female,30,5,112426.57,2,0,1,158.98,0
15006361,Cust06361,806,Spain,Male,45,9,68053.51,1,1,1,155.89,0
15006362,Cust06362,707,France,Male,36,4,110168.01,1,1,1,137.48,0
15006363,Cust06363,695,France,Male,33,6,39968.73,2,1,0,61.22,0
15006364,Cust06364,678,Spain,Female,43,10,151675.36,1,1,1,104.62,0
15006365,Cust06365,593,France,Female,34,2,68350.51,1,0,0,102.21,1
15006366,Cust06366,743,Germany,Male,36,4,105694.29,1,1,1,131.38,0
15006367,Cust06367,562,France,Male,26,1,63571.86,2,1,1,183.14,0
15006368,Cust06368,749,France,Male,29,6,0.0,1,1,0,165.22,0
15006369,Cust06369,659,Spain,Male,25,7,92813.42,1,1,0,178.04,0
15006370,Cust06370,744,Spain,Female,22,7,0.0,1,0,1,107.77,0
15006371,Cust06371,567,France,Male,36,8,140966.98,1,1,0,143.33,0
15006372,Cust06372,661,Spain,Female,41,7,133514.27,1,1,0,128.68,0
15006373,Cust06373,804,France,Female,35,10,46474.12,1,0,1,197.47,0
15006374,Cust06374,509,Spain,Male,51,5,52911.99,1,0,0,52.26,0
15006375,Cust06375,551,France,Female,39,7,24345.46,1,0,1,86.17,0
15006376,Cust06376,612,Spain,Female,25,6,0.0,2,1,0,50.18,0
15006377,Cust06377,698,France,Male,30,3,99288.06,1,0,1,190.22,0
15006378,Cust06378,624,France,Male,48,5,61402.44,2,1,0,183.43,1
15006379,Cust06379,609,France,Female,28,5,25594.33,2,0,0,69.75,1
15006380,Cust06380,513,France,Male,38,2,113146.19,1,1,1,83.25,1
15006381,Cust06381,768,France,Female,38,2,97265.03,2,1,1,91.45,0
15006382,Cust06382,699,France,Female,31,9,70309.03,1,1,0,24.6,1
15006383,Cust06383,573,Spain,Male,40,3,110748.16,1,1,0,14.5,1
15006384,Cust06384,531,Spain,Male,51,6,81239.36,1,1,1,84.38,0
15006385,Cust06385,743,France,Male,28,3,133801.26,1,1,0,188.42,1
15006386,Cust06386,709,Germany,Female,42,3,32722.05,1,1,1,191.14,0
15006387,Cust06387,680,Spain,Male,40,9,697.49,2,1,0,115.99,0
15006388,Cust06388,700,France,Male,37,5,206.29,2,0,1,22.27,0
15006389,Cust06389,701,Germany,Male,54,5,85151.05,2,0,1,57.63,1
15006390,Cust06390,686,France,Female,36,8,0.0,1,1,1,154.92,0
15006391,Cust06391,722,France,Male,53,10,51481.54,2,0,0,166.08,1
15006392,Cust06392,610,Spain,Male,24,2,78591.69,1,1,1,28.96,0
15006393,Cust06393,768,Germany,Male,37,6,185315.43,2,0,0,161.5,0
15006394,Cust06394,506,France,Female,47,10,115619.27,2,0,1,69.09,0
15006395,Cust06395,707,Spain,Male,43,4,44177.0,1,1,0,109.83,0
15006396,Cust06396,618,France,Male,23,3,69233.41,1,1,1,189.61,0
15006397,Cust06397,662,France,Male,65,8,2680.7,2,1,0,106.88,0
15006398,Cust06398,645,Germany,Female,40,8,23023.08,2,0,0,196.94,0
15006399,Cust06399,525,Spain,Female,22,3,39079.59,2,0,0,53.77,0
15006400,Cust06400,546,Germany,Male,37,6,0.0,2,0,1,138.18,1
15006401,Cust06401,712,France,Female,61,0,0.0,1,1,0,37.82,1
15006402,Cust06402,584,Spain,Female,41,5,110398.76,2,0,1,63.54,0
15006403,Cust06403,650,Germany,Female,23,2,114572.74,1,0,1,43.47,0
15006404,Cust06404,679,France,Male,52,0,108180.03,1,0,0,25.85,0
15006405,Cust06405,729,Germany,Female,43,1,28844.11,2,0,1,95.11,0
15006406,Cust06406,523,France,Male,48,10,68627.23,2,0,1,16.03,0
15006407,Cust06407,798,France,Male,35,2,108998.74,2,0,0,129.86,0
15006408,Cust06408,586,France,Female,46,10,48329.7,2,0,1,181.98,1
15006409,Cust06409,582,Germany,Female,48,5,134966.36,1,0,1,140.09,0
15006410,Cust06410,549,France,Female,30,3,109508.32,1,0,0,136.94,0
15006411,Cust06411,651,France,Male,18,1,66073.65,1,1,0,67.74,0
15006412,Cust06412,691,Spain,Female,45,10,85122.79,1,0,1,117.08,0
15006413,Cust06413,607,Spain,Male,33,5,133627.7,1,0,1,164.18,0
15006414,Cust06414,677,France,Female,45,6,44914.06,1,1,1,88.27,0
15006415,Cust06415,703,France,Female,33,4,94087.08,1,1,1,183.83,0
15006416,Cust06416,502,France,Female,19,1,36260.84,3,0,0,33.14,1
15006417,Cust06417,695,France,Male,36,6,171251.69,1,0,1,110.01,1
15006418,Cust06418,589,France,Male,23,1,45438.16,2,1,1,112.54,0
15006419,Cust06419,670,Spain,Female,25,1,146712.01,2,0,1,75.78,0
15006420,Cust06420,731,France,Female,26,9,147812.01,2,1,1,75.67,0
15006421,Cust06421,688,France,Male,20,4,113643.36,1,0,0,107.13,0
15006422,Cust06422,649,France,Male,35,2,109147.47,1,0,0,155.85,1
15006423,Cust06423,757,Spain,Male,18,3,109177.5,2,1,0,29.04,0
15006424,Cust06424,797,France,Male,39,6,0.0,1,0,1,174.81,0
15006425,Cust06425,841,Germany,Male,51,10,119769.36,1,1,1,88.8,1
15006426,Cust06426,757,France,Male,35,2,52770.94,2,0,1,176.69,0
15006427,Cust06427,587,France,Male,47,8,86917.92,2,0,0,183.28,0
15006428,Cust06428,561,Spain,Female,45,0,102410.95,1,0,0,149.02,1
15006429,Cust06429,663,Germany,Female,52,1,108991.97,1,0,1,115.25,0
15006430,Cust06430,716,Germany,Male,34,3,176618.31,2,1,1,83.42,0
15006431,Cust06431,825,France,Male,55,5,85411.35,1,0,1,153.14,0
15006432,Cust06432,440,France,Female,34,0,29161.44,2,0,1,161.78,0
15006433,Cust06433,621,France,Male,36,2,0.0,2,0,0,11.28,1
15006434,Cust06434,728,France,Female,44,1,40744.18,2,1,1,59.71,0
15006435,Cust06435,641,France,Female,49,10,107541.92,2,0,0,160.78,1
15006436,Cust06436,650,France,Female,38,10,0.0,1,1,0,26.09,0
15006437,Cust06437,547,Germany,Male,18,10,107566.65,2,1,0,102.81,0
15006438,Cust06438,698,France,Male,31,10,135626.39,2,1,0,133.73,0
15006439,Cust06439,594,Spain,Male,42,5,119276.1,1,1,0,140.94,0
15006440,Cust06440,612,Germany,Male,45,6,55114.78,2,1,1,78.2,0
15006441,Cust06441,693,Spain,Female,29,0,128827.33,2,1,1,95.87,0
15006442,Cust06442,593,France,Female,28,4,151410.22,1,1,1,148.64,0
15006443,Cust06443,626,Germany,Male,46,0,10095.84,1,1,0,148.96,1
15006444,Cust06444,555,France,Male,33,4,45410.69,4,1,0,34.22,0
15006445,Cust06445,724,Germany,Male,47,7,64688.1,1,0,1,47.97,1
15006446,Cust06446,651,France,Male,45,5,123166.18,2,1,0,93.75,0
15006447,Cust06447,773,France,Female,33,3,68633.11,2,0,0,155.16,1
15006448,Cust06448,713,France,Female,41,4,0.0,2,1,1,25.28,0
15006449,Cust06449,516,France,Female,50,10,0.0,2,1,1,35.9,0
15006450,Cust06450,610,Spain,Male,34,0,67931.38,2,0,1,172.65,0
15006451,Cust06451,693,Spain,Male,45,0,90200.04,1,1,1,175.05,0
15006452,Cust06452,624,France,Female,44,9,111494.43,2,0,0,181.56,1
15006453,Cust06453,787,Spain,Female,56,9,0.0,2,0,1,91.17,1
15006454,Cust06454,765,France,Male,18,10,110184.8,3,0,1,78.27,1
15006455,Cust06455,545,France,Male,26,4,122218.61,3,0,0,194.25,1
15006456,Cust06456,777,Spain,Male,44,6,236409.45,1,1,0,152.84,1
15006457,Cust06457,575,France,Male,32,10,8374.24,2,0,0,189.75,1
15006458,Cust06458,537,France,Male,32,3,142068.15,1,1,1,198.59,1
15006459,Cust06459,642,France,Female,41,7,0.0,3,1,0,84.01,1
15006460,Cust06460,486,France,Male,43,5,160977.72,3,1,1,121.41,1
15006461,Cust06461,787,France,Female,23,2,0.0,3,1,0,41.02,0
15006462,Cust06462,653,France,Male,62,8,104010.07,1,0,1,46.79,1
15006463,Cust06463,548,France,Female,36,2,189392.4,2,1,0,184.14,0
15006464,Cust06464,587,Germany,Male,40,4,110093.04,1,1,0,114.48,0
15006465,Cust06465,490,France,Female,36,0,94934.97,2,1,0,93.2,0
15006466,Cust06466,665,France,Male,31,0,37788.04,2,1,0,161.1,1
15006467,Cust06467,787,France,Male,33,5,101890.48,2,1,1,196.06,0
15006468,Cust06468,595,Spain,Female,21,0,144515.52,2,1,0,25.71,0
15006469,Cust06469,850,France,Male,48,5,72803.26,2,0,0,119.7,0
15006470,Cust06470,614,France,Male,20,9,105668.91,2,0,0,168.8,0
15006471,Cust06471,577,Spain,Male,55,4,115700.9,2,0,0,26.09,1
15006472,Cust06472,656,Spain,Female,49,1,0.0,4,0,0,163.19,1
15006473,Cust06473,634,France,Female,51,1,174661.15,1,1,0,140.95,0
15006474,Cust06474,719,France,Male,47,4,138704.83,2,0,0,192.56,0
15006475,Cust06475,589,France,Male,46,7,63270.31,1,1,1,114.09,0
15006476,Cust06476,660,Germany,Male,41,1,69981.55,1,0,0,130.39,0
15006477,Cust06477,648,Spain,Female,29,2,57876.34,2,0,0,135.47,0
15006478,Cust06478,647,France,Female,32,9,52604.54,2,1,1,62.37,0
15006479,Cust06479,729,France,Female,49,0,203248.52,2,0,1,55.07,0
15006480,Cust06480,744,Spain,Male,41,10,105964.01,1,0,0,63.41,0
15006481,Cust06481,561,France,Female,36,7,53462.98,2,0,0,106.97,0
15006482,Cust06482,791,Germany,Female,49,1,12966.19,2,1,0,196.74,1
15006483,Cust06483,567,France,Male,21,9,0.0,2,1,0,156.1,0
15006484,Cust06484,623,France,Female,45,0,72350.07,2,1,1,123.45,0
15006485,Cust06485,656,Germany,Male,32,8,163548.3,1,0,0,168.93,0
15006486,Cust06486,686,France,Female,41,6,150030.91,2,0,1,38.41,1
15006487,Cust06487,606,Spain,Male,51,3,110950.31,1,1,0,162.18,0
15006488,Cust06488,741,Spain,Female,45,6,0.0,1,1,1,175.67,1
15006489,Cust06489,529,Spain,Male,50,5,91622.69,2,0,0,60.42,0
15006490,Cust06490,648,France,Male,34,5,0.0,1,0,1,109.3,0
15006491,Cust06491,518,Germany,Female,29,4,97409.19,1,0,1,22.66,0
15006492,Cust06492,532,Germany,Female,18,3,25399.54,1,1,0,71.43,0
15006493,Cust06493,718,Spain,Male,34,7,4870.38,1,0,0,181.97,0
15006494,Cust06494,543,Germany,Male,26,6,0.0,2,1,0,37.8,1
15006495,Cust06495,550,Germany,Male,36,7,118596.55,1,0,0,141.5,0
15006496,Cust06496,637,France,Female,41,5,52651.49,1,0,1,188.57,0
15006497,Cust06497,503,France,Male,26,1,0.0,1,1,1,28.53,0
15006498,Cust06498,553,Spain,Male,51,2,106153.9,2,0,0,129.91,0
15006499,Cust06499,606,France,Male,28,9,109424.95,1,1,1,32.11,0
15006500,Cust06500,821,France,Female,31,6,25646.18,2,1,0,42.8,0
15006501,Cust06501,606,France,Male,31,5,79196.24,1,1,1,173.78,0
15006502,Cust06502,567,Germany,Female,26,0,100425.02,2,0,0,24.59,0
15006503,Cust06503,650,France,Male,49,3,149499.79,2,0,0,115.35,1
15006504,Cust06504,626,France,Male,44,0,51737.51,2,0,1,95.94,0
15006505,Cust06505,698,Germany,Female,18,0,106602.49,2,0,1,110.04,0
15006506,Cust06506,604,Spain,Female,33,1,132088.76,2,1,0,199.94,0
15006507,Cust06507,790,France,Female,51,4,29686.6,1,0,1,54.24,0
15006508,Cust06508,612,Spain,Female,47,1,105038.19,1,0,0,151.07,0
15006509,Cust06509,626,Germany,Female,22,2,51780.3,1,0,1,113.54,0
15006510,Cust06510,696,Spain,Male,28,2,153695.39,2,0,0,74.98,0
15006511,Cust06511,846,France,Female,24,5,0.0,2,0,0,71.03,0
15006512,Cust06512,632,Spain,Female,25,8,0.0,2,1,1,104.17,0
15006513,Cust06513,625,Spain,Male,52,3,122443.45,2,1,1,25.36,0
15006514,Cust06514,756,Germany,Male,25,8,91093.32,1,0,1,40.75,0
15006515,Cust06515,681,France,Female,31,4,64230.22,1,0,1,122.7,0
15006516,Cust06516,664,France,Male,32,9,3448.4,3,0,1,162.72,0
15006517,Cust06517,727,France,Female,30,9,138685.1,1,1,0,53.08,1
15006518,Cust06518,600,Spain,Female,37,2,91128.38,2,0,0,67.2,1
15006519,Cust06519,532,Germany,Male,31,10,14774.73,2,1,0,36.77,0
15006520,Cust06520,655,France,Male,27,5,83581.64,1,0,0,150.17,0
15006521,Cust06521,616,France,Female,48,0,143540.83,2,1,0,142.2,1
15006522,Cust06522,722,France,Female,45,5,23567.17,2,1,0,67.72,0
15006523,Cust06523,581,France,Female,38,6,129856.75,1,0,0,67.72,0
15006524,Cust06524,598,France,Male,49,10,55677.16,2,1,1,193.06,1
15006525,Cust06525,748,France,Female,51,3,79222.25,2,0,1,45.94,0
15006526,Cust06526,553,Germany,Female,38,9,117863.17,2,0,1,19.01,0
15006527,Cust06527,623,Spain,Male,43,2,105898.22,2,1,1,159.38,0
15006528,Cust06528,655,France,Male,27,1,76802.53,1,0,0,197.12,0
15006529,Cust06529,688,France,Male,39,9,79735.01,1,1,1,96.04,0
15006530,Cust06530,709,Germany,Male,28,5,135132.52,1,0,0,192.46,0
15006531,Cust06531,649,France,Female,28,1,65669.12,1,0,1,42.92,0
15006532,Cust06532,708,Germany,Male,42,3,75815.15,2,0,1,13.27,0
15006533,Cust06533,596,Germany,Female,39,2,152293.79,2,0,1,30.22,0
15006534,Cust06534,741,France,Male,22,0,76663.23,2,1,0,81.44,0
15006535,Cust06535,675,Germany,Female,52,8,62539.44,1,1,1,20.24,0
15006536,Cust06536,649,France,Female,59,3,0.0,4,1,1,176.57,0
15006537,Cust06537,583,Germany,Female,31,0,132930.31,2,1,1,187.85,1
15006538,Cust06538,647,Germany,Male,32,4,0.0,1,1,1,104.24,0
15006539,Cust06539,810,Germany,Male,18,6,43873.75,2,0,1,36.6,0
15006540,Cust06540,621,Spain,Female,44,8,12964.54,2,0,1,138.68,0
15006541,Cust06541,541,France,Female,48,1,75918.93,1,0,1,99.59,0
15006542,Cust06542,524,Spain,Female,26,3,84813.18,1,1,0,180.2,0
15006543,Cust06543,677,Germany,Male,29,1,172303.31,2,1,0,18.54,0
15006544,Cust06544,776,France,Male,35,0,90384.81,2,0,1,109.87,0
15006545,Cust06545,648,Spain,Male,18,10,64330.51,1,1,0,124.72,0
15006546,Cust06546,551,France,Female,60,7,42699.4,2,1,1,166.41,1
15006547,Cust06547,660,France,Female,25,1,126037.75,1,0,0,94.13,0
15006548,Cust06548,741,Spain,Male,42,2,135657.5,2,0,1,190.37,0
15006549,Cust06549,565,Germany,Female,26,5,92966.05,1,0,1,109.23,0
15006550,Cust06550,650,France,Female,29,5,50179.31,2,1,1,128.91,1
15006551,Cust06551,639,Germany,Male,40,9,58726.57,1,1,1,102.42,0
15006552,Cust06552,637,Spain,Male,25,2,48634.84,2,1,1,58.85,1
15006553,Cust06553,738,France,Female,31,7,0.0,2,1,0,173.97,0
15006554,Cust06554,535,Germany,Male,18,1,180882.33,3,1,1,112.09,0
15006555,Cust06555,641,Germany,Male,33,7,74587.29,1,0,1,164.92,0
15006556,Cust06556,807,France,Female,26,1,31761.07,2,1,0,120.6,1
15006557,Cust06557,482,Germany,Female,31,3,100402.0,1,1,0,134.5,0
15006558,Cust06558,451,France,Male,46,4,109209.53,1,1,0,41.87,1
15006559,Cust06559,411,France,Female,53,10,94810.33,2,0,1,57.38,0
15006560,Cust06560,450,Germany,Female,44,10,126060.65,1,0,1,48.15,0
15006561,Cust06561,537,France,Male,46,5,53678.06,1,1,0,174.41,0
15006562,Cust06562,664,Germany,Male,55,5,48074.03,2,0,1,111.31,1
15006563,Cust06563,605,Spain,Male,34,6,0.0,3,0,0,61.39,0
15006564,Cust06564,664,Spain,Male,31,1,71814.13,1,0,0,134.28,0
15006565,Cust06565,707,Germany,Female,38,6,148478.68,1,0,1,191.79,1
15006566,Cust06566,663,Spain,Female,37,9,162396.71,2,1,1,97.69,0
15006567,Cust06567,652,France,Male,46,8,166230.39,1,1,1,89.81,0
15006568,Cust06568,704,Spain,Male,36,2,145268.26,1,1,1,174.67,0
15006569,Cust06569,682,Germany,Female,41,1,102906.27,1,1,0,146.52,0
15006570,Cust06570,623,Spain,Female,20,7,40455.09,2,1,1,145.11,0
15006571,Cust06571,629,Spain,Male,49,5,30356.42,4,0,0,176.83,0
15006572,Cust06572,525,France,Male,46,3,0.0,2,0,1,81.41,0
15006573,Cust06573,508,France,Female,25,7,161884.72,2,0,0,14.85,0
15006574,Cust06574,636,France,Male,34,2,0.0,3,0,1,16.44,1
15006575,Cust06575,652,France,Male,18,7,53096.14,2,1,1,125.1,0
15006576,Cust06576,717,France,Male,40,1,62992.51,1,1,1,133.26,0
15006577,Cust06577,691,Spain,Male,32,6,26357.98,2,0,1,87.13,0
15006578,Cust06578,713,France,Male,29,5,56991.14,1,0,0,49.43,1
15006579,Cust06579,617,France,Female,44,6,60933.25,2,0,1,13.5,0
15006580,Cust06580,762,Spain,Female,23,9,159629.97,2,1,1,143.44,1
15006581,Cust06581,617,France,Female,57,0,86791.47,1,0,1,131.23,0
15006582,Cust06582,571,France,Male,37,4,55248.51,2,0,1,22.43,0
15006583,Cust06583,691,France,Male,35,6,15135.18,2,0,1,44.76,0
15006584,Cust06584,651,France,Female,41,10,114668.98,1,1,0,84.64,1
15006585,Cust06585,649,France,Male,39,2,76759.84,2,1,0,37.86,0
15006586,Cust06586,637,Spain,Female,50,0,106432.18,1,1,0,15.29,0
15006587,Cust06587,725,Germany,Male,42,1,24126.54,2,0,1,47.27,0
15006588,Cust06588,546,Germany,Female,30,0,121014.41,1,1,0,82.32,1
15006589,Cust06589,499,Spain,Male,42,8,51783.9,2,0,0,61.48,1
15006590,Cust06590,559,France,Male,28,9,72778.28,2,0,0,132.7,1
15006591,Cust06591,615,Germany,Female,46,9,55270.19,1,1,1,24.87,0
15006592,Cust06592,640,France,Male,41,10,67663.32,4,0,0,27.74,1
15006593,Cust06593,433,Spain,Male,41,0,76806.3,2,1,1,17.49,0
15006594,Cust06594,620,Spain,Male,29,3,120545.74,1,1,0,75.19,0
15006595,Cust06595,594,France,Female,30,7,0.0,1,0,0,90.41,0
15006596,Cust06596,596,France,Female,34,4,131059.28,2,0,0,32.61,0
15006597,Cust06597,632,France,Male,42,9,38610.29,1,0,0,65.6,1
15006598,Cust06598,821,France,Female,48,10,189708.03,1,0,0,43.46,0
15006599,Cust06599,562,Germany,Female,43,8,67502.35,2,1,0,170.49,0
15006600,Cust06600,605,Germany,Male,36,6,1894.08,2,0,0,155.67,0
15006601,Cust06601,624,France,Male,46,6,74049.34,1,1,1,43.39,1
15006602,Cust06602,545,France,Male,50,10,12607.73,1,1,0,36.86,1
15006603,Cust06603,720,France,Female,51,0,49954.67,3,1,0,12.97,1
15006604,Cust06604,614,Germany,Male,27,5,126529.07,1,1,1,87.67,0
15006605,Cust06605,683,Germany,Male,42,4,61381.12,4,1,0,150.29,1
15006606,Cust06606,737,France,Female,26,5,139324.52,1,0,1,15.98,0
15006607,Cust06607,587,France,Female,31,0,106133.96,2,1,1,129.74,1
15006608,Cust06608,850,Germany,Male,41,5,57558.43,1,0,0,46.35,1
15006609,Cust06609,666,Spain,Male,28,6,136236.21,2,1,1,135.35,0
15006610,Cust06610,663,France,Female,23,2,45289.89,1,1,1,192.02,0
15006611,Cust06611,608,Spain,Female,40,3,186976.06,2,0,0,66.63,1
15006612,Cust06612,752,Germany,Male,33,5,69797.46,2,1,1,173.24,0
15006613,Cust06613,691,France,Male,18,3,38927.14,2,0,1,87.99,0
15006614,Cust06614,642,Germany,Male,18,0,134997.03,1,1,1,125.26,0
15006615,Cust06615,610,France,Male,46,7,0.0,1,1,0,67.69,0
15006616,Cust06616,698,France,Male,40,9,43058.42,1,0,1,46.66,1
15006617,Cust06617,595,France,Male,41,8,81246.44,1,1,0,109.83,0
15006618,Cust06618,566,France,Male,27,4,157526.1,2,1,1,166.63,0
15006619,Cust06619,666,France,Male,38,10,171190.32,1,1,0,159.03,1
15006620,Cust06620,575,Spain,Female,18,10,43324.95,1,1,1,140.76,0
15006621,Cust06621,641,Spain,Female,52,2,155155.04,1,1,1,104.23,1
15006622,Cust06622,757,France,Male,53,10,21250.58,3,1,0,177.57,1
15006623,Cust06623,655,Germany,Male,55,10,12722.68,1,1,0,180.05,0
15006624,Cust06624,541,France,Female,23,1,135279.97,1,1,0,33.45,1
15006625,Cust06625,668,Germany,Male,40,9,39393.53,1,1,0,181.25,0
15006626,Cust06626,634,France,Male,39,2,123851.79,1,1,1,28.27,0
15006627,Cust06627,535,Germany,Male,27,0,79948.78,1,0,0,96.03,1
15006628,Cust06628,425,Spain,Male,27,6,0.0,2,1,1,113.34,0
15006629,Cust06629,666,Spain,Female,52,10,71240.94,2,0,0,166.85,1
15006630,Cust06630,604,Spain,Male,41,6,77596.83,2,0,1,31.27,0
15006631,Cust06631,546,France,Male,41,2,123942.2,2,0,1,23.04,0
15006632,Cust06632,533,Spain,Male,21,5,93549.69,4,0,1,101.89,0
15006633,Cust06633,837,France,Female,44,2,70393.71,2,0,1,187.94,0
15006634,Cust06634,632,France,Female,47,7,92592.51,2,0,0,37.04,0
15006635,Cust06635,631,France,Female,27,4,112904.78,3,0,0,118.77,0
15006636,Cust06636,716,France,Male,43,5,72259.37,2,0,1,46.12,0
15006637,Cust06637,620,France,Female,20,9,41044.19,1,1,0,179.51,0
15006638,Cust06638,629,France,Female,50,2,0.0,1,1,0,16.79,1
15006639,Cust06639,540,France,Female,34,8,11669.3,2,0,0,29.73,0
15006640,Cust06640,572,France,Male,34,9,81569.72,1,1,0,141.19,0
15006641,Cust06641,567,Germany,Male,31,4,94432.08,1,1,1,27.73,0
15006642,Cust06642,715,Spain,Male,45,3,162971.39,1,1,1,95.53,0
15006643,Cust06643,666,France,Male,45,3,0.0,1,0,1,64.31,0
15006644,Cust06644,847,France,Male,27,1,166140.84,1,0,1,77.78,0
15006645,Cust06645,594,Germany,Male,26,1,83274.06,1,1,1,94.19,0
15006646,Cust06646,648,Germany,Male,48,5,146222.59,1,0,0,94.88,0
15006647,Cust06647,699,Germany,Male,29,10,93599.15,1,0,1,174.52,0
15006648,Cust06648,805,France,Female,45,9,67713.1,2,1,0,99.08,0
15006649,Cust06649,758,Spain,Female,44,10,97772.55,2,0,0,179.31,1
15006650,Cust06650,560,France,Female,36,6,83005.49,2,1,1,30.18,0
15006651,Cust06651,669,France,Female,27,3,102194.05,1,1,0,100.24,0
15006652,Cust06652,785,France,Male,28,9,31227.64,2,1,1,172.61,1
15006653,Cust06653,657,Germany,Female,44,10,139103.17,1,0,0,198.0,1
15006654,Cust06654,813,Germany,Female,52,0,128213.79,2,0,0,80.34,0
15006655,Cust06655,765,France,Male,21,3,150779.1,2,0,0,92.03,0
15006656,Cust06656,602,France,Female,40,3,55725.52,1,1,0,155.19,0
15006657,Cust06657,763,France,Female,45,4,37871.13,2,1,1,182.0,1
15006658,Cust06658,600,France,Female,18,1,84276.04,2,0,1,144.44,0
15006659,Cust06659,714,Germany,Male,26,3,144793.85,2,0,1,172.38,1
15006660,Cust06660,642,Spain,Female,32,0,102089.53,1,1,0,190.76,1
15006661,Cust06661,550,Germany,Female,24,5,188676.84,2,1,1,162.73,0
15006662,Cust06662,621,Germany,Female,28,1,13851.97,2,1,1,135.09,0
15006663,Cust06663,806,France,Male,28,5,183040.3,2,1,0,180.39,1
15006664,Cust06664,768,Germany,Female,30,8,78499.92,1,1,1,182.82,1
15006665,Cust06665,608,France,Female,28,4,183032.79,2,1,0,133.32,0
15006666,Cust06666,603,Germany,Female,20,9,81785.22,2,1,1,50.6,0
15006667,Cust06667,778,France,Female,36,8,0.0,2,1,0,136.85,1
15006668,Cust06668,532,Spain,Female,38,1,158105.22,2,1,1,17.66,0
15006669,Cust06669,408,France,Female,34,7,44649.31,1,1,1,112.21,0
15006670,Cust06670,578,Spain,Female,34,2,83170.98,2,0,0,180.61,0
15006671,Cust06671,760,Spain,Male,28,5,168955.84,1,1,1,88.83,0
15006672,Cust06672,769,France,Female,19,4,55821.32,2,1,1,150.75,0
15006673,Cust06673,740,Spain,Male,42,7,90424.93,2,0,1,185.04,0
15006674,Cust06674,634,Spain,Female,53,10,63916.65,2,1,0,111.46,1
15006675,Cust06675,686,France,Female,24,3,72782.36,1,1,0,120.05,1
15006676,Cust06676,556,France,Female,61,9,0.0,1,0,1,17.88,0
15006677,Cust06677,590,Spain,Female,39,0,45343.81,1,1,0,134.26,0
15006678,Cust06678,595,Germany,Female,45,7,0.0,1,1,1,102.83,0
15006679,Cust06679,615,Germany,Female,20,4,0.0,3,1,0,99.59,1
15006680,Cust06680,689,France,Male,43,2,5454.41,1,0,0,30.45,0
15006681,Cust06681,522,France,Female,36,9,29040.66,1,1,0,52.51,0
15006682,Cust06682,655,France,Male,29,10,49198.43,1,1,1,28.51,0
15006683,Cust06683,591,Spain,Female,37,3,90307.65,1,1,0,142.38,1
15006684,Cust06684,712,France,Male,47,1,44465.88,2,1,1,152.51,0
15006685,Cust06685,726,Germany,Male,45,2,33925.52,1,0,1,47.69,0
15006686,Cust06686,647,France,Female,42,10,105825.45,1,1,1,192.29,0
15006687,Cust06687,593,France,Male,22,6,49087.42,1,1,0,108.13,1
15006688,Cust06688,406,Spain,Male,60,10,122545.99,1,1,1,118.16,0
15006689,Cust06689,578,France,Male,37,6,115135.48,1,0,0,58.85,0
15006690,Cust06690,608,France,Female,51,5,65825.97,1,1,1,165.26,0
15006691,Cust06691,469,France,Female,25,0,173322.61,1,1,1,175.71,0
15006692,Cust06692,698,Germany,Male,39,4,151399.89,2,0,0,147.25,0
15006693,Cust06693,575,France,Female,26,3,103828.75,1,0,1,137.69,0
15006694,Cust06694,498,France,Female,18,4,154417.82,2,1,0,185.18,0
15006695,Cust06695,498,France,Female,29,2,60349.98,2,1,0,96.72,1
15006696,Cust06696,592,Germany,Female,56,10,132185.38,2,1,0,84.84,0
15006697,Cust06697,591,Germany,Male,36,1,123295.62,1,0,0,178.98,0
15006698,Cust06698,673,France,Male,30,3,65688.34,2,1,0,170.93,1
15006699,Cust06699,850,France,Female,47,0,26873.11,1,0,1,107.39,0
15006700,Cust06700,595,Spain,Female,24,4,92634.18,2,1,1,179.25,0
15006701,Cust06701,702,France,Male,43,2,128896.34,1,1,1,13.73,0
15006702,Cust06702,665,France,Female,22,9,0.0,1,1,0,105.95,1
15006703,Cust06703,789,Germany,Female,25,10,130550.45,1,1,0,84.6,1
15006704,Cust06704,593,Spain,Male,25,0,39080.77,1,1,1,28.06,0
15006705,Cust06705,732,France,Male,36,4,60981.11,1,1,0,125.73,1
15006706,Cust06706,556,Spain,Female,51,0,106482.99,1,0,1,100.81,0
15006707,Cust06707,795,Germany,Male,40,3,109201.78,3,0,1,52.21,0
15006708,Cust06708,690,France,Female,54,6,36271.93,1,1,0,148.12,1
15006709,Cust06709,599,Spain,Female,51,5,0.0,2,0,0,104.71,0
15006710,Cust06710,758,Spain,Female,42,9,99824.0,1,0,0,43.53,0
15006711,Cust06711,689,Spain,Male,32,2,227180.76,1,0,1,118.54,0
15006712,Cust06712,842,Germany,Male,38,6,114593.97,2,0,0,53.14,1
15006713,Cust06713,684,Germany,Male,34,5,24378.53,1,1,0,44.77,0
15006714,Cust06714,648,France,Female,36,6,88452.07,1,1,1,140.15,0
15006715,Cust06715,552,France,Female,39,5,183652.08,2,0,1,163.09,0
15006716,Cust06716,849,France,Male,46,3,0.0,4,1,0,111.22,1
15006717,Cust06717,758,Spain,Male,32,7,37761.42,2,1,0,64.12,0
15006718,Cust06718,572,Spain,Male,50,6,169045.66,1,1,1,119.17,0
15006719,Cust06719,578,France,Male,48,7,52186.36,2,1,1,173.17,0
15006720,Cust06720,646,France,Male,33,2,0.0,2,1,0,96.8,0
15006721,Cust06721,606,Spain,Male,27,4,133524.45,2,0,0,172.39,0
15006722,Cust06722,667,France,Male,25,7,31073.72,2,1,0,128.6,0
15006723,Cust06723,663,France,Female,41,4,144416.85,1,0,1,175.4,0
15006724,Cust06724,681,France,Male,49,10,94811.09,1,1,1,183.14,0
15006725,Cust06725,557,France,Male,21,7,66304.72,2,0,0,183.12,0
15006726,Cust06726,838,Germany,Female,48,9,61458.98,2,0,0,75.45,0
15006727,Cust06727,723,France,Female,28,2,148783.55,2,0,1,106.95,0
15006728,Cust06728,567,France,Female,46,1,88089.4,2,0,0,42.57,0
15006729,Cust06729,571,Spain,Male,30,4,104121.95,1,0,0,81.3,0
15006730,Cust06730,575,France,Male,37,4,29168.87,2,1,0,59.7,1
15006731,Cust06731,675,France,Female,67,2,63835.5,1,0,0,34.15,0
15006732,Cust06732,685,Spain,Female,47,2,64617.9,1,0,0,123.88,0
15006733,Cust06733,720,Germany,Male,39,2,0.0,1,0,1,107.13,0
15006734,Cust06734,831,Spain,Male,26,9,49655.36,3,1,1,16.6,0
15006735,Cust06735,667,France,Female,35,5,196957.6,2,0,1,195.72,1
15006736,Cust06736,704,France,Female,33,9,107398.32,2,0,0,96.85,1
15006737,Cust06737,639,France,Male,32,5,111768.87,2,1,0,15.85,0
15006738,Cust06738,626,France,Female,21,7,54957.4,1,0,0,151.26,1
15006739,Cust06739,430,Germany,Male,55,7,129031.77,1,0,0,117.06,0
15006740,Cust06740,685,Germany,Female,51,5,160857.97,2,1,0,173.6,1
15006741,Cust06741,568,Spain,Female,18,1,130776.59,3,1,1,134.84,0
15006742,Cust06742,681,France,Male,23,9,131894.12,1,1,1,198.54,0
15006743,Cust06743,735,Spain,Male,43,3,144129.99,1,1,1,169.9,0
15006744,Cust06744,689,Germany,Male,22,7,7441.62,2,1,0,122.62,0
15006745,Cust06745,579,France,Male,27,4,13756.83,2,1,0,124.77,0
15006746,Cust06746,616,France,Female,26,7,146990.09,2,1,0,17.82,1
15006747,Cust06747,588,France,Male,36,10,89113.26,1,0,1,61.24,0
15006748,Cust06748,708,Spain,Male,24,3,149313.55,1,0,0,163.1,0
15006749,Cust06749,692,France,Male,20,9,108883.48,3,0,1,54.09,1
15006750,Cust06750,559,Spain,Male,44,2,67203.64,2,0,1,25.06,0
15006751,Cust06751,608,Spain,Female,52,1,69702.07,3,1,1,139.43,0
15006752,Cust06752,586,Germany,Female,31,3,52720.7,1,1,0,64.99,0
15006753,Cust06753,458,Germany,Male,27,6,125997.53,1,0,1,168.88,0
15006754,Cust06754,828,Spain,Female,34,4,85223.76,2,0,0,88.95,0
15006755,Cust06755,722,Spain,Male,43,5,275353.2,1,1,1,24.76,0
15006756,Cust06756,691,Germany,Male,30,0,0.0,1,0,1,179.45,0
15006757,Cust06757,665,Spain,Male,39,2,50739.89,3,1,1,63.63,0
15006758,Cust06758,666,Spain,Female,33,9,53006.55,3,0,0,102.8,1
15006759,Cust06759,664,France,Female,33,9,124572.73,2,0,1,27.76,0
15006760,Cust06760,644,Spain,Female,55,1,56806.27,1,1,0,68.95,0
15006761,Cust06761,790,France,Female,24,6,164863.49,1,0,1,145.95,0
15006762,Cust06762,826,France,Male,51,3,5178.48,2,0,1,160.86,0
15006763,Cust06763,574,Germany,Male,27,6,59358.73,2,0,1,158.31,0
15006764,Cust06764,850,France,Female,46,9,38370.24,2,1,0,174.05,0
15006765,Cust06765,641,France,Female,37,8,65970.17,2,1,0,132.09,0
15006766,Cust06766,819,France,Female,28,2,99667.05,4,1,1,198.76,0
15006767,Cust06767,670,Germany,Female,31,1,78671.19,2,0,0,191.93,1
15006768,Cust06768,599,Germany,Male,43,10,40754.89,1,1,1,29.71,0
15006769,Cust06769,616,Spain,Female,21,4,82063.28,2,1,0,142.51,0
15006770,Cust06770,606,Germany,Male,38,10,105109.15,1,0,0,151.63,0
15006771,Cust06771,566,France,Male,23,4,280.21,1,0,1,13.23,0
15006772,Cust06772,567,Spain,Female,36,0,16488.7,1,1,0,143.14,0
15006773,Cust06773,351,France,Female,31,5,157607.82,1,0,1,14.55,1
15006774,Cust06774,775,France,Male,33,9,39368.21,1,0,1,121.62,0
15006775,Cust06775,742,France,Female,42,10,46864.77,1,0,0,73.88,1
15006776,Cust06776,650,France,Female,29,7,19797.24,2,1,0,187.55,0
15006777,Cust06777,582,Spain,Female,40,9,66783.41,2,1,1,193.92,0
15006778,Cust06778,772,Spain,Female,42,10,94174.44,2,0,1,102.83,0
15006779,Cust06779,828,Spain,Female,36,3,64698.22,2,1,0,174.32,0
15006780,Cust06780,652,France,Female,40,1,102115.78,1,0,1,81.51,0
15006781,Cust06781,677,France,Female,51,9,2712.15,2,1,0,43.6,0
15006782,Cust06782,694,Germany,Male,33,6,18001.79,2,1,0,170.54,0
15006783,Cust06783,595,Spain,Male,41,0,64918.24,2,1,0,65.57,0
15006784,Cust06784,698,France,Female,47,1,37888.8,1,0,1,188.56,0
15006785,Cust06785,725,France,Male,35,4,0.0,1,0,1,119.92,0
15006786,Cust06786,614,Spain,Male,18,9,79407.02,1,1,0,43.25,0
15006787,Cust06787,640,France,Female,59,7,87139.79,1,1,0,133.82,0
15006788,Cust06788,754,France,Female,48,10,166429.65,2,0,0,12.58,1
15006789,Cust06789,691,Germany,Female,59,6,89741.81,3,0,0,72.16,0
15006790,Cust06790,356,Germany,Female,27,9,39673.19,2,1,1,57.34,1
15006791,Cust06791,524,Spain,Male,65,6,40622.73,2,1,0,16.57,0
15006792,Cust06792,759,France,Female,34,2,1088.41,2,0,1,26.15,0
15006793,Cust06793,760,France,Female,31,0,0.0,1,0,1,123.06,1
15006794,Cust06794,531,France,Male,53,2,113144.3,1,0,1,174.16,1
15006795,Cust06795,601,Spain,Male,39,0,18416.69,1,1,0,121.37,1
15006796,Cust06796,540,Spain,Female,23,7,62855.2,1,1,0,167.34,0
15006797,Cust06797,604,France,Female,38,5,123124.72,1,0,1,148.05,0
15006798,Cust06798,727,Spain,Male,43,4,125315.08,2,1,1,52.24,0
15006799,Cust06799,622,Germany,Female,36,6,49577.34,3,1,1,86.32,1
15006800,Cust06800,804,France,Male,51,3,11052.97,2,0,1,186.0,0
15006801,Cust06801,778,Germany,Female,39,1,31933.87,2,0,0,79.36,0
15006802,Cust06802,788,Spain,Male,26,8,39750.96,1,0,0,98.63,1
15006803,Cust06803,594,France,Male,36,6,2768.68,2,1,1,190.74,0
15006804,Cust06804,564,France,Female,44,10,22929.96,2,0,1,84.96,0
15006805,Cust06805,574,France,Female,18,10,169793.36,2,0,0,26.1,0
15006806,Cust06806,850,Spain,Male,40,10,0.0,1,1,0,125.61,0
15006807,Cust06807,813,Germany,Male,40,10,39481.19,2,0,0,92.52,0
15006808,Cust06808,542,Spain,Female,20,10,122699.33,1,0,0,125.58,1
15006809,Cust06809,615,Germany,Female,54,10,103886.52,2,0,0,150.97,0
15006810,Cust06810,711,Germany,Male,49,2,44366.47,3,0,0,76.22,0
15006811,Cust06811,520,Germany,Female,22,0,65128.52,2,0,1,183.72,0
15006812,Cust06812,538,Germany,Male,33,5,165694.54,1,1,0,141.79,0
15006813,Cust06813,696,Spain,Male,50,5,41891.02,1,1,0,180.52,0
15006814,Cust06814,714,France,Female,42,2,88257.86,1,0,0,30.26,1
15006815,Cust06815,574,Spain,Male,42,0,124586.25,1,1,1,49.15,0
15006816,Cust06816,622,France,Male,40,9,7225.73,1,0,0,142.49,0
15006817,Cust06817,577,France,Female,40,2,91479.85,2,1,0,141.78,0
15006818,Cust06818,699,France,Male,41,0,96849.41,1,1,0,181.21,1
15006819,Cust06819,646,Germany,Male,39,7,123567.98,1,1,0,95.6,0
15006820,Cust06820,519,France,Male,43,2,166176.33,2,1,1,132.21,0
15006821,Cust06821,744,Spain,Male,46,3,165067.24,3,1,1,108.25,0
15006822,Cust06822,663,Spain,Male,22,1,99445.67,1,0,1,182.69,0
15006823,Cust06823,613,France,Female,25,8,222818.83,2,1,0,160.75,1
15006824,Cust06824,511,France,Female,26,1,18680.2,2,1,0,99.13,0
15006825,Cust06825,598,Spain,Male,50,1,38374.18,2,1,1,45.49,0
15006826,Cust06826,678,Spain,Male,35,5,137525.99,2,0,0,116.29,1
15006827,Cust06827,623,Germany,Male,31,0,128714.45,2,0,0,36.88,1
15006828,Cust06828,643,France,Male,39,0,0.0,4,1,0,36.85,0
15006829,Cust06829,490,Germany,Female,41,5,158681.14,4,0,0,126.79,1
15006830,Cust06830,786,France,Male,35,7,23597.72,2,1,0,122.4,1
15006831,Cust06831,452,France,Male,51,2,77121.8,1,1,1,39.1,0
15006832,Cust06832,779,Germany,Male,44,1,128373.95,3,1,1,143.83,1
15006833,Cust06833,552,France,Male,38,3,135991.9,1,1,0,111.17,0
15006834,Cust06834,576,Germany,Female,51,5,29934.75,1,0,0,17.98,0
15006835,Cust06835,508,Spain,Male,42,9,65835.11,2,1,1,163.12,1
15006836,Cust06836,748,France,Female,34,3,70257.63,2,1,0,116.84,0
15006837,Cust06837,498,Germany,Male,25,5,77024.64,3,1,1,90.47,0
15006838,Cust06838,691,Germany,Female,24,6,188968.52,1,1,1,178.7,0
15006839,Cust06839,567,France,Male,43,5,9258.11,1,1,1,177.69,0
15006840,Cust06840,713,France,Female,32,9,9942.61,2,1,1,31.91,0
15006841,Cust06841,668,France,Female,47,9,100734.11,2,1,0,134.23,0
15006842,Cust06842,542,Germany,Female,27,8,0.0,2,1,0,85.4,0
15006843,Cust06843,459,France,Female,39,9,88657.89,1,0,1,36.3,0
15006844,Cust06844,488,France,Male,35,10,146267.58,1,0,1,195.83,1
15006845,Cust06845,766,France,Female,21,2,69367.07,2,1,0,135.82,0
15006846,Cust06846,768,Spain,Male,23,0,140177.57,2,0,0,83.52,0
15006847,Cust06847,643,France,Male,58,8,81036.13,1,1,1,98.12,0
15006848,Cust06848,620,France,Male,37,7,85352.91,1,1,0,57.49,0
15006849,Cust06849,602,France,Female,29,4,60785.05,2,1,0,165.97,0
15006850,Cust06850,536,France,Female,58,4,67236.72,1,0,1,57.76,0
15006851,Cust06851,660,Spain,Male,36,5,85175.73,2,1,0,118.48,0
15006852,Cust06852,703,France,Female,42,10,127405.86,2,1,0,94.15,1
15006853,Cust06853,850,Spain,Female,49,1,91165.77,1,0,0,108.26,1
15006854,Cust06854,699,France,Female,38,9,112756.55,2,0,0,126.19,1
15006855,Cust06855,643,Germany,Female,45,3,137108.5,1,0,0,145.89,0
15006856,Cust06856,682,France,Male,31,4,157719.8,2,1,1,165.64,0
15006857,Cust06857,737,France,Female,45,10,161680.86,3,0,0,14.53,0
15006858,Cust06858,793,France,Female,46,5,51856.05,2,0,1,147.62,0
15006859,Cust06859,675,Germany,Female,45,9,83816.07,2,0,0,182.65,1
15006860,Cust06860,572,France,Male,52,10,3526.68,2,1,0,110.62,0
15006861,Cust06861,660,France,Female,67,5,102455.08,1,0,1,57.22,0
15006862,Cust06862,640,France,Female,46,0,34758.31,2,1,0,110.51,1
15006863,Cust06863,785,Germany,Male,34,9,121437.63,1,1,1,132.43,0
15006864,Cust06864,569,Germany,Female,57,9,40365.32,4,0,1,110.36,1
15006865,Cust06865,567,Spain,Female,54,1,83615.6,1,1,0,92.65,1
15006866,Cust06866,710,Spain,Male,58,6,9998.93,2,1,1,34.7,0
15006867,Cust06867,609,France,Male,18,7,81606.35,2,0,1,187.09,0
15006868,Cust06868,518,Germany,Male,22,6,143779.82,2,0,1,192.34,0
15006869,Cust06869,640,Spain,Female,30,9,55537.85,1,0,0,129.61,0
15006870,Cust06870,821,France,Male,47,2,0.0,2,1,0,129.35,0
15006871,Cust06871,754,France,Female,22,5,118349.89,4,1,0,82.45,1
15006872,Cust06872,705,Germany,Male,36,4,250.19,2,0,1,76.83,0
15006873,Cust06873,455,Spain,Male,46,3,0.0,2,1,0,155.08,1
15006874,Cust06874,584,Spain,Female,32,8,101748.32,2,0,0,183.04,0
15006875,Cust06875,560,France,Male,50,1,145022.12,2,0,1,187.79,0
15006876,Cust06876,641,Germany,Male,49,3,52650.51,1,1,0,77.79,1
15006877,Cust06877,813,France,Female,49,0,133190.52,2,0,0,170.46,0
15006878,Cust06878,769,France,Female,42,3,26993.42,1,1,0,68.21,0
15006879,Cust06879,574,Spain,Male,37,10,0.0,3,0,0,157.64,0
15006880,Cust06880,465,Germany,Male,45,0,66108.19,1,1,0,38.26,0
15006881,Cust06881,710,France,Female,18,8,156700.79,2,0,1,136.32,0
15006882,Cust06882,800,Spain,Female,36,1,160964.91,2,0,1,60.32,0
15006883,Cust06883,641,Spain,Female,30,9,0.0,2,0,0,80.07,0
15006884,Cust06884,525,France,Female,23,1,63495.96,2,0,0,84.08,0
15006885,Cust06885,778,Germany,Male,26,7,62322.89,2,1,0,35.79,1
15006886,Cust06886,587,France,Male,48,5,78906.92,2,1,0,188.88,1
15006887,Cust06887,632,Germany,Male,23,7,181180.02,1,0,1,161.8,0
15006888,Cust06888,573,France,Male,42,2,6892.1,1,1,0,115.41,0
15006889,Cust06889,655,Germany,Female,32,9,21458.87,1,1,1,127.31,0
15006890,Cust06890,664,France,Female,42,7,0.0,1,0,1,111.68,0
15006891,Cust06891,594,Spain,Male,39,2,75119.72,1,1,1,68.66,0
15006892,Cust06892,626,Spain,Female,34,10,85874.86,2,1,0,123.86,0
15006893,Cust06893,773,France,Male,39,5,16895.37,1,0,0,29.35,1
15006894,Cust06894,680,France,Female,41,8,92181.0,3,1,0,112.64,0
15006895,Cust06895,514,Germany,Male,46,8,0.0,1,1,1,12.4,1
15006896,Cust06896,548,Germany,Female,31,9,182573.14,1,1,1,188.11,0
15006897,Cust06897,746,France,Male,47,4,122308.42,2,1,0,150.06,0
15006898,Cust06898,639,France,Female,25,6,87989.48,1,1,0,114.76,0
15006899,Cust06899,617,Germany,Female,32,1,0.0,2,1,1,46.28,0
15006900,Cust06900,705,Spain,Female,33,7,61181.24,1,0,1,115.64,0
15006901,Cust06901,628,France,Male,45,8,0.0,2,1,1,78.42,0
15006902,Cust06902,666,Germany,Male,46,0,168601.41,1,0,1,103.69,0
15006903,Cust06903,700,France,Male,21,3,99262.5,3,0,0,34.43,0
15006904,Cust06904,707,Spain,Female,65,5,36145.92,1,0,0,13.31,0
15006905,Cust06905,475,France,Male,29,7,20634.59,2,1,1,40.77,0
15006906,Cust06906,835,France,Male,36,2,175332.14,4,0,0,198.73,0
15006907,Cust06907,578,Spain,Female,33,1,0.0,1,1,0,34.43,1
15006908,Cust06908,660,Germany,Female,50,2,109759.82,1,1,0,153.12,0
15006909,Cust06909,688,France,Female,30,0,90883.09,3,0,1,113.15,1
15006910,Cust06910,566,France,Female,33,7,82031.65,1,1,0,179.95,1
15006911,Cust06911,628,France,Female,50,8,140761.89,1,1,1,160.97,0
15006912,Cust06912,541,Germany,Male,45,6,163681.68,3,0,0,19.12,1
15006913,Cust06913,650,France,Female,44,1,41365.95,2,1,0,52.54,0
15006914,Cust06914,576,Germany,Female,34,2,154143.47,2,1,0,148.3,1
15006915,Cust06915,571,Germany,Male,24,6,61475.91,1,0,1,28.12,0
15006916,Cust06916,703,Germany,Male,54,3,0.0,1,1,0,183.51,0
15006917,Cust06917,777,France,Male,28,4,53580.96,1,0,0,123.23,0
15006918,Cust06918,622,France,Male,42,10,41758.98,4,0,0,49.03,0
15006919,Cust06919,762,France,Female,31,3,0.0,1,0,0,193.2,1
15006920,Cust06920,588,Spain,Male,44,10,48963.03,2,1,0,72.52,0
15006921,Cust06921,774,France,Male,43,9,0.0,2,1,0,75.54,0
15006922,Cust06922,572,France,Male,27,5,115689.51,2,1,0,135.26,1
15006923,Cust06923,637,France,Male,24,9,0.0,4,0,1,97.08,0
15006924,Cust06924,724,Germany,Female,31,10,142998.51,2,0,0,21.51,0
15006925,Cust06925,649,Spain,Male,42,5,115548.94,1,0,0,184.19,1
15006926,Cust06926,684,Germany,Female,22,7,122709.18,2,1,0,198.85,0
15006927,Cust06927,683,France,Male,28,1,108790.21,2,0,0,15.85,0
15006928,Cust06928,727,France,Male,35,2,69539.17,2,1,0,137.28,1
15006929,Cust06929,558,Germany,Male,37,1,120880.54,1,1,1,49.6,0
15006930,Cust06930,618,France,Male,32,0,113327.26,1,1,1,12.59,0
15006931,Cust06931,769,France,Female,62,10,111119.59,1,1,1,185.33,0
15006932,Cust06932,770,Germany,Male,38,8,131504.58,1,1,0,72.2,0
15006933,Cust06933,667,France,Male,33,2,190.54,1,0,0,70.12,1
15006934,Cust06934,850,France,Female,28,2,179367.12,1,0,0,198.8,1
15006935,Cust06935,702,Spain,Male,41,3,76582.22,3,0,0,176.68,1
15006936,Cust06936,757,France,Female,18,0,146554.55,1,1,1,115.46,0
15006937,Cust06937,571,Spain,Male,47,10,73067.98,1,0,0,103.17,1
15006938,Cust06938,597,Germany,Female,39,5,138858.15,3,1,1,91.08,1
15006939,Cust06939,521,Germany,Female,41,9,32598.74,1,1,1,87.85,0
15006940,Cust06940,669,Germany,Male,42,3,44421.38,1,0,1,126.23,0
15006941,Cust06941,796,Germany,Female,40,2,90214.54,2,0,1,23.01,1
15006942,Cust06942,643,Germany,Female,56,6,88112.34,2,1,0,13.35,1
15006943,Cust06943,690,Germany,Female,46,6,81789.99,1,1,1,138.7,0
15006944,Cust06944,692,France,Female,56,5,150861.65,3,0,1,35.03,0
15006945,Cust06945,741,France,Male,29,5,126513.88,2,1,1,59.8,0
15006946,Cust06946,602,France,Female,32,9,43853.17,1,0,1,41.57,0
15006947,Cust06947,778,France,Female,20,0,107748.64,2,0,1,171.4,0
15006948,Cust06948,701,Germany,Female,47,3,27129.28,1,1,0,146.29,1
15006949,Cust06949,617,France,Female,47,3,46853.91,2,1,0,180.8,0
15006950,Cust06950,477,France,Female,48,4,14633.95,2,1,0,73.27,1
15006951,Cust06951,539,France,Female,49,3,0.0,2,1,0,25.92,0
15006952,Cust06952,585,France,Male,45,8,57797.05,2,0,1,20.35,0
15006953,Cust06953,833,Spain,Female,40,8,76113.65,2,0,1,93.3,0
15006954,Cust06954,722,France,Female,40,5,79127.74,2,1,1,45.16,0
15006955,Cust06955,850,France,Female,40,2,67646.3,2,0,1,129.21,0
15006956,Cust06956,701,Spain,Female,32,5,80864.76,1,1,1,152.43,0
15006957,Cust06957,822,Spain,Male,47,7,101967.25,2,1,1,81.84,0
15006958,Cust06958,626,Germany,Male,29,0,87603.14,2,0,1,109.6,0
15006959,Cust06959,799,Spain,Female,53,7,94673.59,2,1,1,40.28,1
15006960,Cust06960,602,Germany,Male,40,10,116933.5,3,0,1,197.79,0
15006961,Cust06961,611,France,Male,33,7,45585.97,1,0,1,31.81,0
15006962,Cust06962,744,France,Male,31,2,62927.59,2,1,1,119.23,0
15006963,Cust06963,625,France,Female,24,5,86718.5,2,1,0,61.26,0
15006964,Cust06964,604,France,Male,26,6,123469.08,1,0,0,122.57,0
15006965,Cust06965,673,Germany,Female,32,1,7083.13,2,1,0,85.51,0
15006966,Cust06966,457,Germany,Female,44,1,65442.2,2,0,1,18.68,0
15006967,Cust06967,583,Spain,Male,32,6,131517.34,2,0,0,82.17,0
15006968,Cust06968,645,Germany,Female,33,0,51953.02,1,0,1,103.71,1
15006969,Cust06969,736,France,Male,45,3,153176.94,3,1,0,143.24,0
15006970,Cust06970,663,France,Female,37,6,195753.48,2,0,1,88.41,0
15006971,Cust06971,636,Spain,Female,22,3,81636.04,4,0,1,70.93,0
15006972,Cust06972,565,Germany,Female,28,5,94628.94,2,1,1,126.18,0
15006973,Cust06973,680,France,Male,34,0,122180.22,3,1,1,52.96,1
15006974,Cust06974,563,France,Female,45,0,181876.58,1,0,0,30.92,0
15006975,Cust06975,590,Spain,Female,59,6,150368.84,2,0,0,118.19,0
15006976,Cust06976,723,France,Female,49,3,34581.28,2,0,0,144.9,0
15006977,Cust06977,641,Germany,Male,41,0,66800.49,3,0,0,15.9,0
15006978,Cust06978,697,France,Female,21,8,3208.67,2,0,1,86.95,1
15006979,Cust06979,846,Spain,Male,35,1,37045.37,2,0,1,110.1,0
15006980,Cust06980,575,Germany,Male,51,0,125735.89,2,1,1,114.7,0
15006981,Cust06981,657,Germany,Male,28,0,135823.97,2,0,1,104.27,0
15006982,Cust06982,676,France,Female,18,3,128952.36,2,0,0,76.52,0
15006983,Cust06983,783,Spain,Female,48,2,197819.27,3,1,1,118.58,1
15006984,Cust06984,741,France,Male,37,1,89185.54,2,1,0,20.53,0
15006985,Cust06985,547,France,Female,31,4,176397.47,2,1,1,139.72,0
15006986,Cust06986,487,Germany,Female,42,2,104544.64,3,0,0,108.26,0
15006987,Cust06987,505,Germany,Female,34,10,87846.99,2,1,1,108.48,0
15006988,Cust06988,658,Spain,Female,47,0,0.0,4,0,1,191.12,1
15006989,Cust06989,840,France,Male,39,6,15946.27,1,1,0,81.92,1
15006990,Cust06990,661,Spain,Female,52,4,109409.74,2,1,0,37.8,0
15006991,Cust06991,850,Germany,Male,31,0,112880.14,1,1,0,40.57,0
15006992,Cust06992,499,Spain,Male,27,0,68604.0,1,1,1,171.78,0
15006993,Cust06993,850,Spain,Female,29,4,201151.07,1,0,0,96.84,0
15006994,Cust06994,659,France,Male,18,7,0.0,3,0,0,52.31,0
15006995,Cust06995,462,Germany,Female,30,3,22316.11,1,1,1,11.52,0
15006996,Cust06996,698,France,Female,51,2,105370.07,2,0,0,180.85,0
15006997,Cust06997,607,Spain,Female,51,10,1088.02,1,0,0,106.87,1
15006998,Cust06998,561,Spain,Male,42,6,113608.63,1,1,1,85.02,0
15006999,Cust06999,768,Germany,Female,43,4,195525.51,3,1,1,142.95,0
15007000,Cust07000,627,Germany,Male,44,10,5058.67,2,1,0,56.25,1
15007001,Cust07001,552,France,Male,57,10,38313.78,2,1,0,141.67,1
15007002,Cust07002,634,Germany,Male,50,7,108562.46,2,1,1,136.16,1
15007003,Cust07003,637,Spain,Female,49,2,0.0,2,1,1,152.78,0
15007004,Cust07004,580,Spain,Female,47,10,0.0,1,0,0,79.13,0
15007005,Cust07005,738,France,Male,44,2,88112.67,2,1,0,34.83,0
15007006,Cust07006,648,France,Female,39,5,145467.93,2,0,0,29.92,0
15007007,Cust07007,669,France,Male,38,4,134304.77,2,1,0,15.72,1
15007008,Cust07008,597,France,Male,28,2,102254.67,2,1,1,34.41,0
15007009,Cust07009,696,Spain,Female,45,9,105581.64,3,0,0,30.98,0
15007010,Cust07010,757,Germany,Male,33,1,79899.79,1,1,1,147.29,1
15007011,Cust07011,760,Spain,Female,45,10,0.0,2,0,0,131.69,0
15007012,Cust07012,649,Germany,Male,30,1,146636.01,1,0,1,28.53,0
15007013,Cust07013,575,France,Female,38,3,22138.79,2,0,0,41.12,1
15007014,Cust07014,641,Spain,Female,44,5,238829.93,1,0,1,68.17,0
15007015,Cust07015,532,Spain,Female,30,0,119808.36,1,1,0,35.24,1
15007016,Cust07016,697,Germany,Male,37,0,173740.4,2,0,0,142.12,1
15007017,Cust07017,663,Spain,Female,34,4,82779.52,1,0,0,26.75,0
15007018,Cust07018,759,France,Male,29,10,207570.79,1,1,1,180.33,0
15007019,Cust07019,779,Spain,Male,43,8,17906.88,1,0,1,190.35,0
15007020,Cust07020,588,Germany,Female,29,7,15602.24,1,0,0,77.31,1
15007021,Cust07021,666,France,Male,31,7,122117.12,1,1,0,64.52,0
15007022,Cust07022,607,France,Male,37,6,143458.41,2,1,0,80.8,0
15007023,Cust07023,641,France,Female,26,10,29198.77,4,1,1,90.99,0
15007024,Cust07024,578,France,Male,38,8,0.0,2,0,1,81.67,0
15007025,Cust07025,505,Spain,Male,23,8,135264.64,2,1,1,125.67,0
15007026,Cust07026,751,France,Female,38,10,171093.11,2,0,1,61.38,0
15007027,Cust07027,648,France,Female,42,2,6951.13,2,1,1,196.61,0
15007028,Cust07028,759,Spain,Male,29,2,49298.14,3,1,1,149.54,0
15007029,Cust07029,612,France,Female,37,2,3728.45,1,0,0,24.52,0
15007030,Cust07030,565,Spain,Female,38,1,0.0,1,1,1,148.71,0
15007031,Cust07031,571,Germany,Female,32,3,4350.0,2,0,1,45.37,0
15007032,Cust07032,527,Spain,Female,45,6,132371.57,3,1,0,127.57,0
15007033,Cust07033,768,France,Female,18,3,152710.28,3,0,0,138.2,0
15007034,Cust07034,660,Spain,Male,34,10,140819.3,1,1,0,148.89,0
15007035,Cust07035,463,Germany,Male,39,10,155443.08,1,0,1,23.94,0
15007036,Cust07036,778,France,Male,47,1,157812.65,1,1,0,113.08,1
15007037,Cust07037,697,Spain,Female,51,0,147905.86,1,0,0,31.65,1
15007038,Cust07038,682,France,Female,25,3,45928.87,2,1,0,88.14,0
15007039,Cust07039,591,Germany,Male,40,1,0.0,1,1,1,105.64,0
15007040,Cust07040,671,France,Female,20,8,142055.77,2,1,0,17.61,1
15007041,Cust07041,545,Germany,Male,46,5,103610.35,2,0,0,37.11,0
15007042,Cust07042,658,Germany,Female,33,8,92412.51,2,0,1,31.1,0
15007043,Cust07043,684,Spain,Female,48,3,66644.2,2,1,0,49.76,0
15007044,Cust07044,533,France,Male,30,6,146656.98,1,0,0,81.2,0
15007045,Cust07045,584,Spain,Female,46,10,0.0,2,1,1,67.6,1
15007046,Cust07046,694,Spain,Female,49,5,1680.34,1,0,1,112.11,0
15007047,Cust07047,485,Germany,Male,30,9,23922.3,1,1,0,119.96,0
15007048,Cust07048,500,France,Male,42,10,185338.2,3,0,1,142.18,0
15007049,Cust07049,660,Spain,Female,34,9,79396.22,2,1,0,50.8,0
15007050,Cust07050,559,Germany,Male,30,3,47247.02,1,0,0,132.98,1
15007051,Cust07051,790,Germany,Female,49,4,42931.74,3,0,1,47.79,0
15007052,Cust07052,749,France,Male,40,6,0.0,2,0,0,167.79,0
15007053,Cust07053,679,France,Male,44,3,121881.5,2,0,1,144.14,0
15007054,Cust07054,770,France,Male,39,6,86571.2,2,1,0,157.23,1
15007055,Cust07055,686,Germany,Female,49,3,2724.64,2,1,0,145.56,0
15007056,Cust07056,568,France,Female,39,10,106628.1,1,1,1,80.4,0
15007057,Cust07057,754,France,Male,33,7,122550.23,2,1,1,167.95,0
15007058,Cust07058,759,France,Female,31,1,156908.29,2,1,1,24.2,0
15007059,Cust07059,785,Spain,Female,59,1,70374.6,2,0,1,185.48,1
15007060,Cust07060,557,Germany,Female,18,3,0.0,2,0,1,60.85,1
15007061,Cust07061,635,France,Female,46,7,63654.79,2,1,1,80.56,0
15007062,Cust07062,671,France,Male,46,2,0.0,2,1,0,172.55,0
15007063,Cust07063,565,Germany,Female,18,6,0.0,1,1,1,60.12,1
15007064,Cust07064,798,Germany,Male,31,6,0.0,1,0,1,74.5,0
15007065,Cust07065,793,France,Female,30,3,0.0,1,1,1,42.02,0
15007066,Cust07066,539,France,Female,30,1,48214.23,1,1,0,52.09,0
15007067,Cust07067,639,Germany,Male,42,9,147296.33,1,1,0,191.98,1
15007068,Cust07068,654,Germany,Female,32,0,6870.65,1,0,0,109.67,1
15007069,Cust07069,565,Spain,Male,35,6,55708.94,2,0,0,27.98,0
15007070,Cust07070,652,Spain,Male,26,7,200482.47,1,0,0,79.54,0
15007071,Cust07071,592,Germany,Female,45,9,76387.57,1,1,1,29.88,1
15007072,Cust07072,668,Germany,Male,49,7,99945.97,2,1,1,82.36,0
15007073,Cust07073,757,France,Male,48,8,121592.37,1,1,1,152.9,0
15007074,Cust07074,846,France,Male,29,4,215458.26,2,0,1,159.27,0
15007075,Cust07075,701,Spain,Male,45,2,111042.23,2,1,1,74.73,0
15007076,Cust07076,706,Spain,Female,43,7,22898.48,1,0,0,55.25,0
15007077,Cust07077,759,Germany,Female,39,4,22916.21,2,0,0,182.74,1
15007078,Cust07078,694,Spain,Female,38,10,96397.09,3,0,1,170.42,0
15007079,Cust07079,727,France,Female,34,6,97716.18,2,0,0,68.43,0
15007080,Cust07080,637,Germany,Female,28,6,85934.44,2,1,1,40.04,1
15007081,Cust07081,500,France,Male,45,7,99489.45,1,0,1,37.34,0
15007082,Cust07082,509,Spain,Female,30,2,25178.05,2,0,1,12.83,0
15007083,Cust07083,655,Germany,Male,39,3,22547.4,1,1,0,83.42,0
15007084,Cust07084,771,France,Female,36,10,72608.07,3,1,1,148.83,0
15007085,Cust07085,701,Spain,Female,18,6,192387.67,2,1,1,11.57,0
15007086,Cust07086,607,France,Female,57,3,20735.7,2,0,0,188.2,0
15007087,Cust07087,693,Germany,Female,44,8,115188.92,2,1,1,50.96,0
15007088,Cust07088,650,France,Female,54,0,123730.95,1,0,1,31.7,1
15007089,Cust07089,446,France,Female,54,5,78054.52,1,1,1,16.46,0
15007090,Cust07090,619,Spain,Female,37,3,6683.27,2,1,1,133.22,0
15007091,Cust07091,793,France,Male,72,4,59788.95,1,1,0,189.45,0
15007092,Cust07092,535,Spain,Male,18,4,148189.54,2,0,0,178.31,0
15007093,Cust07093,435,Germany,Male,29,9,148074.19,2,1,1,42.06,0
15007094,Cust07094,694,France,Male,38,0,76131.78,2,1,0,61.36,0
15007095,Cust07095,705,Germany,Male,34,3,99869.95,4,1,1,188.55,0
15007096,Cust07096,612,France,Male,44,0,234214.09,2,1,0,84.67,0
15007097,Cust07097,529,Germany,Male,43,8,100701.47,1,0,0,25.75,1
15007098,Cust07098,669,Germany,Female,42,0,157625.84,2,0,1,165.68,0
15007099,Cust07099,558,Spain,Female,33,10,227478.56,1,1,0,189.82,0
15007100,Cust07100,568,Germany,Male,30,3,103817.21,1,0,1,180.55,0
15007101,Cust07101,686,France,Female,44,5,0.0,1,1,1,127.47,0
15007102,Cust07102,461,Spain,Female,37,8,0.0,2,1,1,35.92,0
15007103,Cust07103,639,Spain,Female,24,9,183883.55,2,1,1,29.34,0
15007104,Cust07104,623,France,Male,44,4,0.0,2,0,1,75.77,0
15007105,Cust07105,790,Spain,Female,33,6,46193.1,1,0,1,90.37,0
15007106,Cust07106,682,Germany,Male,53,3,69664.36,2,1,0,11.02,1
15007107,Cust07107,604,Germany,Male,27,2,106168.58,2,1,1,165.42,0
15007108,Cust07108,848,France,Female,27,2,156978.12,1,0,0,103.77,0
15007109,Cust07109,673,Germany,Female,36,0,20326.97,2,0,1,185.43,0
15007110,Cust07110,629,France,Male,49,4,65534.68,2,0,1,119.17,0
15007111,Cust07111,548,France,Male,37,3,0.0,1,0,1,149.23,0
15007112,Cust07112,585,France,Male,36,3,106794.51,2,1,0,94.04,0
15007113,Cust07113,588,Spain,Male,37,9,0.0,2,1,1,142.06,0
15007114,Cust07114,761,Germany,Female,39,6,27406.87,1,1,1,122.09,0
15007115,Cust07115,741,France,Male,46,5,74681.08,1,1,1,100.04,0
15007116,Cust07116,603,Germany,Male,52,1,59690.51,1,0,0,175.87,0
15007117,Cust07117,613,France,Female,47,3,66669.85,4,0,0,66.64,0
15007118,Cust07118,752,Germany,Male,30,8,53964.65,2,0,1,123.87,1
15007119,Cust07119,563,Germany,Male,36,4,92914.64,1,1,0,142.08,1
15007120,Cust07120,637,Spain,Male,48,3,48716.36,2,0,0,16.1,1
15007121,Cust07121,829,France,Male,47,4,134247.11,1,1,0,56.53,0
15007122,Cust07122,623,Spain,Female,44,6,9122.5,1,0,1,158.35,0
15007123,Cust07123,511,France,Female,35,2,163946.07,3,0,0,167.29,1
15007124,Cust07124,800,France,Male,34,7,105850.15,2,0,0,43.32,0
15007125,Cust07125,589,Germany,Female,35,5,0.0,4,1,1,114.88,1
15007126,Cust07126,414,France,Female,23,10,76765.2,1,1,1,66.27,0
15007127,Cust07127,669,Spain,Female,33,10,3781.87,4,1,0,83.86,0
15007128,Cust07128,615,France,Female,31,1,150184.66,1,1,0,43.97,0
15007129,Cust07129,546,France,Female,31,8,50319.29,1,0,1,70.7,0
15007130,Cust07130,583,Spain,Female,19,7,177183.44,1,1,0,81.49,1
15007131,Cust07131,652,Spain,Male,18,10,39602.47,2,0,1,22.35,0
15007132,Cust07132,655,Spain,Male,25,10,73002.07,2,1,0,55.37,1
15007133,Cust07133,513,France,Female,37,9,52891.96,2,0,1,197.38,0
15007134,Cust07134,642,France,Female,52,3,0.0,1,0,0,14.19,0
15007135,Cust07135,760,France,Male,49,6,188447.73,4,1,1,61.13,0
15007136,Cust07136,681,France,Female,41,9,24985.21,1,1,1,60.1,0
15007137,Cust07137,748,Spain,Female,48,9,0.0,2,0,0,167.03,1
15007138,Cust07138,617,Spain,Male,31,6,128603.26,2,1,1,139.1,1
15007139,Cust07139,763,Spain,Female,62,5,84488.42,1,1,1,104.67,0
15007140,Cust07140,755,France,Female,36,6,48026.51,2,0,0,66.7,0
15007141,Cust07141,571,France,Female,44,4,13994.39,1,0,0,25.89,1
15007142,Cust07142,623,France,Female,36,5,80614.98,1,0,0,124.0,1
15007143,Cust07143,620,France,Male,36,5,203158.3,2,0,1,44.08,0
15007144,Cust07144,746,France,Female,30,3,138981.22,1,0,1,98.92,0
15007145,Cust07145,723,France,Female,18,7,32544.22,1,0,0,170.2,0
15007146,Cust07146,419,France,Male,35,7,17807.55,3,0,0,27.52,1
15007147,Cust07147,664,France,Female,60,4,15942.63,1,1,0,43.17,0
15007148,Cust07148,397,Germany,Female,49,9,85513.34,1,0,0,181.9,1
15007149,Cust07149,669,France,Male,28,8,122167.25,1,1,0,49.73,0
15007150,Cust07150,539,Germany,Male,58,5,0.0,2,1,0,55.16,0
15007151,Cust07151,635,Spain,Male,57,6,165594.17,1,0,0,151.9,1
15007152,Cust07152,580,France,Male,48,7,57699.55,2,1,0,75.74,0
15007153,Cust07153,615,France,Male,34,9,156551.91,2,0,1,60.07,0
15007154,Cust07154,579,France,Female,44,0,23907.32,2,0,1,128.51,0
15007155,Cust07155,756,Germany,Female,38,0,54612.35,2,1,0,39.34,0
15007156,Cust07156,709,France,Female,24,2,55056.14,2,0,1,49.3,0
15007157,Cust07157,630,France,Female,25,8,34754.99,2,1,0,58.97,0
15007158,Cust07158,685,France,Male,33,9,122298.02,1,1,1,173.47,0
15007159,Cust07159,558,Spain,Male,36,3,17019.47,1,0,1,54.33,0
15007160,Cust07160,602,Spain,Male,26,4,163035.89,1,0,0,86.69,0
15007161,Cust07161,539,France,Female,36,8,67677.9,2,1,0,129.43,0
15007162,Cust07162,511,France,Female,40,9,6345.67,1,1,1,172.08,1
15007163,Cust07163,511,France,Female,18,0,26657.61,1,1,1,116.36,0
15007164,Cust07164,547,France,Male,30,9,144781.81,2,1,0,181.95,0
15007165,Cust07165,729,Spain,Female,28,0,0.0,1,0,1,55.59,0
15007166,Cust07166,746,Spain,Female,47,8,76973.13,2,0,0,15.2,0
15007167,Cust07167,617,Germany,Female,53,6,74192.93,2,0,1,37.17,0
15007168,Cust07168,610,Germany,Female,61,0,80977.67,3,0,1,151.49,0
15007169,Cust07169,549,France,Female,51,3,88374.82,1,1,1,138.92,0
15007170,Cust07170,664,Germany,Female,35,3,14668.89,4,1,1,130.12,1
15007171,Cust07171,650,France,Female,47,9,177644.07,2,1,1,173.39,1
15007172,Cust07172,678,France,Female,50,4,106358.16,2,1,0,62.61,0
15007173,Cust07173,718,France,Male,49,3,116643.11,3,0,0,64.39,1
15007174,Cust07174,498,France,Female,33,0,84891.89,2,1,1,127.21,0
15007175,Cust07175,645,Germany,Female,26,6,118873.98,2,0,0,134.78,0
15007176,Cust07176,599,France,Female,36,3,50316.96,2,1,0,138.38,1
15007177,Cust07177,590,France,Male,41,2,123919.07,2,0,1,105.3,0
15007178,Cust07178,533,France,Male,25,6,72007.67,2,0,1,119.55,0
15007179,Cust07179,644,Germany,Female,30,9,0.0,1,0,0,30.95,0
15007180,Cust07180,681,France,Female,41,6,25954.1,1,0,0,160.12,1
15007181,Cust07181,722,France,Female,26,4,5490.84,2,0,1,123.6,0
15007182,Cust07182,752,Germany,Female,39,9,39292.05,2,0,0,160.32,1
15007183,Cust07183,751,France,Female,41,9,0.0,1,0,1,141.33,1
15007184,Cust07184,850,Spain,Female,34,9,0.0,1,0,0,192.55,0
15007185,Cust07185,773,Germany,Male,31,6,174010.52,3,0,0,178.99,1
15007186,Cust07186,567,France,Male,22,8,39769.34,2,0,1,130.89,0
15007187,Cust07187,500,Germany,Female,37,9,0.0,2,0,0,28.43,1
15007188,Cust07188,784,France,Female,50,8,0.0,2,1,0,163.01,0
15007189,Cust07189,530,Germany,Male,40,0,77806.36,2,0,1,141.59,1
15007190,Cust07190,509,France,Female,27,0,6996.77,1,0,0,38.59,0
15007191,Cust07191,768,Spain,Male,44,10,100315.43,1,1,1,152.13,0
15007192,Cust07192,620,Spain,Female,45,5,0.0,1,0,1,150.58,0
15007193,Cust07193,728,France,Male,48,8,3571.06,3,1,1,192.31,0
15007194,Cust07194,685,France,Male,39,7,103456.92,2,0,1,13.69,0
15007195,Cust07195,577,France,Female,44,0,87206.12,1,1,0,122.49,1
15007196,Cust07196,701,Germany,Male,30,5,161543.58,1,0,1,116.05,0
15007197,Cust07197,617,France,Male,22,5,25332.04,1,0,0,48.48,0
15007198,Cust07198,750,Germany,Male,34,5,145944.48,1,1,1,126.45,0
15007199,Cust07199,638,France,Male,44,5,78742.99,1,1,0,177.42,0
15007200,Cust07200,764,Germany,Female,43,7,31081.69,1,1,0,176.9,0
15007201,Cust07201,650,France,Male,41,9,33588.43,1,1,1,36.79,0
15007202,Cust07202,719,France,Male,18,3,85781.82,1,0,0,139.5,0
15007203,Cust07203,757,Germany,Female,24,0,143985.93,2,0,0,140.9,0
15007204,Cust07204,537,Germany,Female,35,7,0.0,1,1,0,85.17,1
15007205,Cust07205,648,Spain,Male,34,1,0.0,1,0,0,144.42,0
15007206,Cust07206,448,France,Male,48,3,126001.59,2,0,0,31.58,0
15007207,Cust07207,672,Germany,Male,23,0,55224.53,2,0,0,17.99,0
15007208,Cust07208,516,France,Male,44,3,119191.36,2,0,0,170.05,0
15007209,Cust07209,660,France,Male,39,2,56957.16,2,1,0,194.31,0
15007210,Cust07210,731,France,Female,50,8,34518.66,1,0,1,160.07,0
15007211,Cust07211,668,France,Male,44,5,25060.7,3,1,0,44.03,0
15007212,Cust07212,602,France,Female,24,0,121060.51,3,1,1,168.81,1
15007213,Cust07213,638,Spain,Female,41,7,156808.38,2,0,1,133.2,0
15007214,Cust07214,548,Germany,Female,33,9,55264.54,3,0,1,60.78,0
15007215,Cust07215,655,Germany,Male,52,5,24043.56,2,0,1,124.04,1
15007216,Cust07216,792,France,Female,30,4,77912.82,1,0,0,11.19,1
15007217,Cust07217,621,Germany,Female,18,6,63835.3,2,1,1,81.87,0
15007218,Cust07218,651,Spain,Female,37,5,1926.63,2,0,1,26.79,0
15007219,Cust07219,585,Germany,Female,30,6,131590.04,1,1,0,29.5,1
15007220,Cust07220,568,France,Female,24,2,50054.33,1,0,1,17.67,0
15007221,Cust07221,624,France,Female,48,8,37306.11,2,0,1,170.38,1
15007222,Cust07222,701,France,Male,35,8,122808.88,2,1,0,130.86,0
15007223,Cust07223,648,Spain,Male,39,10,49258.36,1,0,0,65.61,1
15007224,Cust07224,734,France,Male,29,1,131310.33,2,0,1,40.89,0
15007225,Cust07225,628,Germany,Female,33,0,141973.16,1,1,1,13.52,1
15007226,Cust07226,432,France,Male,19,7,118873.91,1,0,0,142.17,0
15007227,Cust07227,778,Germany,Male,24,7,81649.5,2,0,1,128.76,0
15007228,Cust07228,553,Germany,Female,35,8,74200.36,2,1,0,141.53,1
15007229,Cust07229,651,Spain,Female,32,10,91771.59,2,1,0,160.78,0
15007230,Cust07230,814,France,Female,21,0,0.0,2,0,1,188.77,1
15007231,Cust07231,628,Spain,Male,35,7,243975.15,1,1,1,79.76,0
15007232,Cust07232,850,Spain,Male,44,6,139620.83,1,0,1,112.52,0
15007233,Cust07233,791,France,Male,18,8,58180.64,1,1,1,182.76,0
15007234,Cust07234,666,France,Male,18,4,208791.09,1,0,1,135.07,0
15007235,Cust07235,592,Spain,Male,42,1,96350.61,3,0,1,85.13,1
15007236,Cust07236,588,Germany,Female,46,4,58360.75,2,0,1,135.8,0
15007237,Cust07237,607,France,Male,38,7,56403.06,2,1,0,70.83,1
15007238,Cust07238,556,Germany,Female,22,9,137638.42,1,1,0,83.32,0
15007239,Cust07239,622,Germany,Male,42,5,57723.17,2,0,0,84.29,0
15007240,Cust07240,832,Germany,Female,45,0,247389.61,2,0,0,12.63,1
15007241,Cust07241,648,Spain,Male,34,0,47967.66,2,1,0,159.08,0
15007242,Cust07242,652,France,Male,31,10,72588.54,3,1,0,111.25,1
15007243,Cust07243,643,France,Female,37,9,0.0,2,1,1,183.23,0
15007244,Cust07244,510,France,Female,37,3,165031.33,1,0,1,137.49,0
15007245,Cust07245,640,France,Male,38,8,0.0,1,1,0,181.99,0
15007246,Cust07246,790,Spain,Male,28,6,32710.97,2,1,0,82.36,0
15007247,Cust07247,566,Spain,Male,37,10,156129.23,2,0,1,175.96,0
15007248,Cust07248,682,Germany,Female,29,4,0.0,1,0,0,57.74,1
15007249,Cust07249,667,France,Male,40,4,124193.4,1,0,0,179.5,0
15007250,Cust07250,745,Germany,Female,43,3,86913.71,1,0,0,109.03,0
15007251,Cust07251,668,Germany,Male,34,2,19674.86,2,1,0,95.28,1
15007252,Cust07252,753,Germany,Male,43,6,26833.17,2,1,0,176.43,1
15007253,Cust07253,693,France,Female,28,0,114770.23,1,0,1,88.14,0
15007254,Cust07254,569,France,Female,51,2,128820.51,1,1,1,167.0,0
15007255,Cust07255,545,France,Female,40,3,0.0,3,1,0,92.94,0
15007256,Cust07256,834,Germany,Male,39,3,117831.43,2,1,1,79.27,0
15007257,Cust07257,632,France,Female,45,0,259599.59,2,1,0,189.39,0
15007258,Cust07258,661,Germany,Female,44,1,20626.92,1,0,0,77.51,0
15007259,Cust07259,525,France,Male,26,1,29396.91,2,0,0,53.22,0
15007260,Cust07260,746,France,Male,55,10,57124.53,4,0,1,43.35,0
15007261,Cust07261,708,Germany,Male,28,6,31342.64,1,1,0,176.18,0
15007262,Cust07262,705,Spain,Male,55,2,84082.57,1,1,0,156.51,1
15007263,Cust07263,712,France,Male,35,8,58964.41,2,1,1,121.35,0
15007264,Cust07264,645,Germany,Male,35,2,0.0,1,1,1,126.6,0
15007265,Cust07265,764,France,Female,28,9,169084.48,1,1,1,195.57,0
15007266,Cust07266,688,France,Female,51,6,49220.16,1,0,1,184.76,0
15007267,Cust07267,850,France,Female,27,0,69817.03,1,0,0,128.82,1
15007268,Cust07268,732,Spain,Male,31,3,0.0,2,1,1,139.13,0
15007269,Cust07269,839,Spain,Female,40,2,151854.53,1,1,0,103.58,0
15007270,Cust07270,597,France,Female,41,7,146642.08,1,0,1,34.67,0
15007271,Cust07271,765,Germany,Male,37,5,0.0,1,1,0,130.19,1
15007272,Cust07272,572,Germany,Female,47,3,172258.04,3,1,0,174.67,0
15007273,Cust07273,610,France,Female,27,3,141814.23,2,1,1,193.98,0
15007274,Cust07274,812,Germany,Female,45,8,43055.69,2,0,1,138.59,0
15007275,Cust07275,606,Germany,Female,42,5,124804.01,1,0,0,135.39,0
15007276,Cust07276,787,Spain,Male,22,0,121063.09,2,0,0,93.01,1
15007277,Cust07277,735,France,Male,35,3,42113.86,2,1,0,100.41,1
15007278,Cust07278,587,Germany,Female,47,9,54077.74,2,0,0,103.71,1
15007279,Cust07279,843,France,Female,46,1,31864.92,1,0,0,45.02,1
15007280,Cust07280,732,France,Male,33,6,136017.26,2,0,0,193.34,0
15007281,Cust07281,445,France,Female,44,1,100443.85,1,0,1,190.89,0
15007282,Cust07282,714,Germany,Female,22,7,148038.9,2,1,1,98.03,0
15007283,Cust07283,719,Germany,Male,36,10,142622.63,1,1,0,79.68,1
15007284,Cust07284,576,France,Female,27,2,0.0,1,0,1,44.96,0
15007285,Cust07285,516,France,Female,41,6,1342.63,2,0,0,81.59,1
15007286,Cust07286,525,France,Male,36,1,7844.56,1,1,1,156.13,1
15007287,Cust07287,698,France,Male,33,3,0.0,2,0,1,98.62,0
15007288,Cust07288,660,France,Female,38,8,48061.61,2,1,0,181.99,0
15007289,Cust07289,756,France,Male,29,3,89152.17,1,1,0,145.26,0
15007290,Cust07290,424,Spain,Male,34,9,6629.63,2,1,0,189.14,0
15007291,Cust07291,533,France,Female,23,8,99962.68,1,1,0,186.27,0
15007292,Cust07292,613,Germany,Male,35,10,45676.82,2,1,1,155.16,0
15007293,Cust07293,573,France,Male,58,9,118830.98,2,0,0,118.65,1
15007294,Cust07294,644,France,Female,41,1,88494.22,2,1,1,100.97,0
15007295,Cust07295,660,Germany,Female,36,3,63035.86,1,0,0,189.01,0
15007296,Cust07296,514,France,Female,29,6,72871.88,3,1,1,86.62,0
15007297,Cust07297,600,Germany,Female,43,3,22938.16,1,1,0,166.13,0
15007298,Cust07298,589,France,Female,57,5,50345.78,2,0,1,177.02,0
15007299,Cust07299,707,France,Female,30,3,74931.74,2,1,1,29.08,0
15007300,Cust07300,639,France,Male,36,1,5085.35,1,1,1,182.69,0
15007301,Cust07301,673,Spain,Male,33,10,5235.25,1,0,1,50.7,0
15007302,Cust07302,580,France,Female,31,8,135680.47,1,1,0,120.89,0
15007303,Cust07303,673,Germany,Female,37,3,171506.6,1,0,0,29.24,1
15007304,Cust07304,811,Spain,Female,44,2,0.0,2,0,1,57.69,0
15007305,Cust07305,717,Germany,Female,33,0,214200.71,1,0,0,102.75,0
15007306,Cust07306,611,Spain,Male,53,10,64830.14,2,0,1,26.11,1
15007307,Cust07307,709,Germany,Male,19,4,44097.68,1,0,1,134.13,1
15007308,Cust07308,568,France,Male,27,10,97227.26,1,1,0,157.13,0
15007309,Cust07309,822,Spain,Male,40,6,125151.44,1,0,0,122.69,0
15007310,Cust07310,666,France,Male,36,5,0.0,2,0,0,163.94,1
15007311,Cust07311,622,France,Female,36,0,65853.26,2,0,1,174.85,1
15007312,Cust07312,756,Germany,Female,27,4,71782.92,2,1,0,74.18,0
15007313,Cust07313,572,France,Female,31,8,51203.8,2,0,1,98.62,0
15007314,Cust07314,704,Germany,Female,43,8,0.0,2,0,0,35.6,0
15007315,Cust07315,850,Spain,Male,30,2,74135.62,1,1,1,139.64,0
15007316,Cust07316,588,France,Male,44,8,129860.84,1,1,0,63.05,1
15007317,Cust07317,695,Spain,Female,44,9,177893.04,2,1,0,129.72,0
15007318,Cust07318,562,Germany,Female,53,9,107833.04,1,1,1,184.61,0
15007319,Cust07319,662,France,Female,39,0,46466.84,1,1,0,82.29,1
15007320,Cust07320,559,Spain,Male,36,8,0.0,1,1,0,152.04,0
15007321,Cust07321,530,France,Female,45,8,107505.18,2,1,0,146.3,0
15007322,Cust07322,809,France,Male,45,10,83120.67,1,0,0,172.18,1
15007323,Cust07323,711,France,Male,68,5,104711.97,3,1,1,167.54,0
15007324,Cust07324,684,France,Male,42,3,138498.81,3,0,0,106.88,0
15007325,Cust07325,585,France,Female,34,8,0.0,1,1,1,128.3,0
15007326,Cust07326,496,France,Female,30,3,117008.84,1,1,0,72.73,1
15007327,Cust07327,683,Germany,Male,41,3,128300.13,2,1,0,56.65,1
15007328,Cust07328,595,France,Female,48,10,150432.43,1,1,1,52.38,0
15007329,Cust07329,590,France,Female,43,6,174053.94,2,0,1,38.36,1
15007330,Cust07330,727,Germany,Female,48,2,0.0,1,0,0,156.83,1
15007331,Cust07331,685,France,Male,33,4,56375.7,2,1,0,56.73,0
15007332,Cust07332,754,Spain,Male,26,4,187288.68,2,1,1,124.17,0
15007333,Cust07333,682,France,Male,43,10,0.0,1,0,0,25.81,0
15007334,Cust07334,795,France,Female,28,4,48991.46,1,1,1,102.96,1
15007335,Cust07335,748,France,Male,38,5,0.0,1,0,1,156.47,0
15007336,Cust07336,516,France,Male,42,0,0.0,2,1,1,102.94,1
15007337,Cust07337,685,France,Male,40,7,105581.11,2,0,1,128.45,0
15007338,Cust07338,470,France,Male,55,10,113245.1,1,1,1,41.08,1
15007339,Cust07339,686,Germany,Female,37,2,55193.88,2,0,0,153.85,1
15007340,Cust07340,754,Germany,Female,50,10,110688.45,1,1,0,44.37,1
15007341,Cust07341,653,France,Female,25,9,0.0,3,1,1,40.46,0
15007342,Cust07342,633,Spain,Male,51,6,79606.03,2,1,0,116.28,1
15007343,Cust07343,721,Germany,Male,24,3,110960.66,1,1,0,39.24,0
15007344,Cust07344,636,Germany,Male,56,2,23520.45,2,1,1,71.95,1
15007345,Cust07345,569,Spain,Male,52,4,186325.81,2,1,0,106.32,0
15007346,Cust07346,661,France,Female,29,7,125760.66,1,0,1,114.86,0
15007347,Cust07347,550,Germany,Female,40,9,19111.72,3,0,1,171.36,1
15007348,Cust07348,600,France,Male,44,2,83892.47,4,1,1,24.73,0
15007349,Cust07349,737,France,Male,33,0,89664.53,2,1,1,182.35,1
15007350,Cust07350,533,Germany,Male,38,9,46223.99,2,0,1,181.4,0
15007351,Cust07351,599,France,Male,41,8,46393.15,2,0,1,106.28,0
15007352,Cust07352,567,France,Male,40,4,336.83,2,1,0,122.21,1
15007353,Cust07353,781,France,Female,32,3,153171.06,1,0,0,149.53,0
15007354,Cust07354,634,Spain,Female,20,10,45492.71,2,1,0,197.34,0
15007355,Cust07355,615,France,Male,48,0,117583.76,2,0,0,34.47,1
15007356,Cust07356,750,France,Female,42,8,254965.98,1,0,1,132.56,1
15007357,Cust07357,636,Spain,Male,43,10,3812.67,2,1,1,19.15,0
15007358,Cust07358,488,France,Female,34,9,63955.21,1,1,1,168.18,0
15007359,Cust07359,697,Germany,Male,24,3,103189.88,1,1,0,142.21,1
15007360,Cust07360,643,Germany,Female,42,5,116350.78,1,1,1,36.29,0
15007361,Cust07361,639,France,Female,33,4,93911.5,1,1,0,105.97,0
15007362,Cust07362,649,France,Male,46,4,15222.71,2,1,0,169.27,0
15007363,Cust07363,718,Spain,Male,39,0,70914.14,1,0,0,133.89,1
15007364,Cust07364,850,Germany,Female,53,3,0.0,3,0,0,84.06,0
15007365,Cust07365,850,Germany,Male,34,1,64246.8,2,1,1,195.39,0
15007366,Cust07366,721,France,Female,37,0,16554.16,4,1,1,157.68,1
15007367,Cust07367,614,France,Male,43,2,42193.03,1,0,0,89.84,1
15007368,Cust07368,599,Spain,Female,41,1,0.0,2,1,0,44.37,0
15007369,Cust07369,568,Spain,Female,45,2,74610.5,1,0,1,135.25,0
15007370,Cust07370,548,France,Female,32,3,212772.77,1,0,0,90.39,0
15007371,Cust07371,845,Germany,Female,47,7,28302.53,2,1,0,29.61,1
15007372,Cust07372,759,France,Male,48,2,101128.01,1,1,1,50.09,1
15007373,Cust07373,561,France,Female,37,8,213661.81,1,1,0,182.91,0
15007374,Cust07374,641,France,Female,54,8,108220.14,1,0,1,56.1,0
15007375,Cust07375,688,Germany,Female,40,6,25377.39,2,1,1,184.72,1
15007376,Cust07376,667,France,Male,48,1,0.0,2,0,0,52.66,0
15007377,Cust07377,711,Spain,Female,57,10,118194.13,1,0,1,50.36,0
15007378,Cust07378,604,Germany,Male,55,1,23697.42,1,0,0,126.73,1
15007379,Cust07379,555,Spain,Male,51,5,187361.14,2,1,0,74.88,0
15007380,Cust07380,763,France,Female,23,0,77180.8,2,0,0,103.59,0
15007381,Cust07381,799,France,Male,22,6,83880.63,2,1,1,147.28,1
15007382,Cust07382,724,France,Female,32,8,38957.79,2,1,1,88.31,0
15007383,Cust07383,711,Spain,Female,40,1,67427.09,2,0,0,135.29,0
15007384,Cust07384,612,Spain,Female,20,0,115905.62,1,0,0,153.28,0
15007385,Cust07385,609,Germany,Female,35,7,60588.25,1,0,0,194.42,1
15007386,Cust07386,653,Spain,Male,40,3,123155.37,1,0,1,102.42,0
15007387,Cust07387,534,France,Male,22,4,0.0,2,0,1,32.26,0
15007388,Cust07388,575,France,Female,44,8,102725.85,2,1,0,25.65,0
15007389,Cust07389,657,Spain,Male,39,4,52539.11,2,0,0,122.19,0
15007390,Cust07390,658,Spain,Female,61,8,126986.38,2,0,0,165.51,1
15007391,Cust07391,760,France,Female,54,1,71501.15,2,0,0,87.99,1
15007392,Cust07392,695,France,Male,35,7,179435.29,2,1,0,31.35,0
15007393,Cust07393,688,France,Male,43,6,168358.17,2,1,1,95.68,0
15007394,Cust07394,534,France,Male,35,10,33056.31,4,1,0,80.89,0
15007395,Cust07395,597,Germany,Male,24,8,147263.92,1,1,1,18.82,0
15007396,Cust07396,582,France,Female,29,4,115338.89,2,0,1,44.27,0
15007397,Cust07397,723,France,Female,19,7,0.0,2,0,0,193.69,0
15007398,Cust07398,501,Germany,Female,36,3,0.0,2,1,0,67.52,1
15007399,Cust07399,648,Germany,Male,62,6,152432.62,1,1,1,57.9,0
15007400,Cust07400,688,France,Male,54,3,157489.46,1,0,0,12.33,0
15007401,Cust07401,670,Spain,Female,43,6,65605.39,4,1,0,133.63,0
15007402,Cust07402,578,France,Female,41,8,78729.41,2,1,1,16.29,0
15007403,Cust07403,640,Germany,Male,36,4,9068.97,2,1,1,191.43,1
15007404,Cust07404,697,Germany,Male,18,6,3095.43,1,1,1,83.63,0
15007405,Cust07405,713,Spain,Male,45,10,49566.93,1,1,1,164.34,0
15007406,Cust07406,791,France,Female,45,1,31045.35,4,0,0,97.83,1
15007407,Cust07407,501,France,Male,35,8,23713.77,2,0,1,40.99,0
15007408,Cust07408,560,Germany,Male,28,5,162155.73,2,1,0,124.24,0
15007409,Cust07409,756,Germany,Male,47,5,77502.0,2,1,0,28.2,1
15007410,Cust07410,557,France,Female,51,0,0.0,2,0,0,190.67,1
15007411,Cust07411,601,Germany,Female,32,8,29190.22,1,1,0,105.86,0
15007412,Cust07412,622,Spain,Male,46,0,44723.29,2,0,1,40.81,0
15007413,Cust07413,651,France,Female,26,8,25536.27,1,0,0,182.12,0
15007414,Cust07414,629,France,Male,47,3,73175.23,3,0,0,11.56,1
15007415,Cust07415,700,France,Male,43,3,103475.92,2,1,1,101.27,0
15007416,Cust07416,591,Germany,Male,22,1,123595.33,2,0,1,60.85,0
15007417,Cust07417,713,Spain,Male,36,5,0.0,2,1,0,144.26,0
15007418,Cust07418,735,Germany,Male,50,9,105.22,1,0,0,129.41,0
15007419,Cust07419,578,France,Male,54,4,0.0,1,1,0,23.39,0
15007420,Cust07420,639,Germany,Male,20,8,188589.38,2,1,1,111.82,0
15007421,Cust07421,636,Spain,Female,48,2,72265.29,1,1,0,82.88,0
15007422,Cust07422,731,France,Female,38,10,52137.29,3,0,1,69.68,0
15007423,Cust07423,467,France,Male,41,9,0.0,1,1,0,25.88,0
15007424,Cust07424,756,Spain,Female,41,4,114359.56,2,1,0,83.41,0
15007425,Cust07425,578,France,Male,61,4,0.0,1,0,1,155.94,0
15007426,Cust07426,599,France,Female,44,0,8683.98,2,1,1,67.87,0
15007427,Cust07427,790,France,Female,40,2,160326.94,1,0,1,75.57,0
15007428,Cust07428,644,Germany,Female,45,0,30672.24,1,0,0,77.99,0
15007429,Cust07429,830,France,Female,19,1,147488.07,1,0,0,92.94,1
15007430,Cust07430,645,France,Female,25,3,57982.11,2,0,0,119.2,0
15007431,Cust07431,670,France,Female,47,6,93945.76,1,1,1,156.45,0
15007432,Cust07432,607,France,Female,21,7,70301.16,3,0,0,55.58,1
15007433,Cust07433,601,France,Male,26,3,20167.09,1,0,0,191.15,0
15007434,Cust07434,734,Germany,Female,34,6,114339.37,2,1,0,34.69,0
15007435,Cust07435,518,France,Male,34,0,49186.27,2,1,1,152.25,0
15007436,Cust07436,554,France,Female,39,1,3747.67,2,0,0,173.31,0
15007437,Cust07437,616,France,Male,50,9,31007.57,2,1,1,43.74,0
15007438,Cust07438,576,France,Male,37,9,603.88,2,0,0,167.23,0
15007439,Cust07439,754,France,Female,56,6,116798.32,2,0,1,164.64,0
15007440,Cust07440,748,France,Male,32,0,213127.28,4,0,0,98.86,0
15007441,Cust07441,612,France,Female,39,5,119357.21,1,0,1,12.06,0
15007442,Cust07442,558,France,Female,45,6,35413.22,2,0,1,105.83,0
15007443,Cust07443,601,Germany,Female,30,5,187207.63,1,0,0,129.53,1
15007444,Cust07444,740,France,Male,49,8,121147.39,1,0,1,118.42,1
15007445,Cust07445,465,France,Male,18,10,123444.68,2,1,0,88.02,0
15007446,Cust07446,745,Spain,Male,28,0,31611.3,2,0,0,143.13,0
15007447,Cust07447,734,France,Male,34,2,64829.75,1,1,1,183.96,0
15007448,Cust07448,683,France,Female,27,9,44779.4,3,1,1,22.46,0
15007449,Cust07449,734,France,Male,41,4,193668.92,1,1,1,191.59,0
15007450,Cust07450,623,Spain,Male,64,7,0.0,1,1,1,35.85,0
15007451,Cust07451,752,France,Female,49,10,30979.17,2,1,1,22.58,0
15007452,Cust07452,743,France,Male,43,4,22717.06,1,0,1,182.48,0
15007453,Cust07453,744,Spain,Female,26,1,94163.85,1,0,0,33.12,0
15007454,Cust07454,560,France,Male,42,5,85652.49,1,1,1,23.71,0
15007455,Cust07455,661,France,Male,43,4,0.0,1,1,1,51.55,0
15007456,Cust07456,703,France,Female,26,3,135210.84,2,0,0,173.95,1
15007457,Cust07457,640,Spain,Female,44,2,55420.14,2,1,0,82.26,0
15007458,Cust07458,495,Spain,Female,50,7,104115.54,2,1,0,61.63,0
15007459,Cust07459,771,France,Male,28,10,0.0,2,1,1,55.09,0
15007460,Cust07460,701,France,Male,42,2,62998.65,2,1,0,18.75,0
15007461,Cust07461,667,France,Male,43,8,172335.41,2,1,0,78.7,0
15007462,Cust07462,652,France,Male,29,4,231267.64,2,0,0,16.0,0
15007463,Cust07463,674,Spain,Female,28,9,4421.17,1,1,1,75.48,0
15007464,Cust07464,584,France,Female,39,6,117142.39,2,0,0,195.15,0
15007465,Cust07465,674,Germany,Female,24,9,113522.38,1,1,1,151.22,1
15007466,Cust07466,715,Germany,Female,34,5,59374.78,2,0,0,161.1,0
15007467,Cust07467,637,France,Male,27,4,0.0,4,1,1,129.48,1
15007468,Cust07468,654,Spain,Female,40,7,0.0,2,0,1,86.3,1
15007469,Cust07469,653,Spain,Male,56,0,67409.44,3,0,0,99.35,0
15007470,Cust07470,652,France,Male,34,1,18118.33,1,0,0,129.16,1
15007471,Cust07471,659,France,Female,41,9,10506.99,2,0,1,54.77,0
15007472,Cust07472,649,Spain,Female,56,5,70906.34,1,1,0,52.24,1
15007473,Cust07473,605,Spain,Male,29,8,37243.02,1,0,0,129.34,1
15007474,Cust07474,665,Spain,Male,50,8,19306.18,2,0,1,92.72,0
15007475,Cust07475,649,Germany,Female,31,9,32001.69,2,1,0,94.9,0
15007476,Cust07476,628,France,Female,31,3,79840.1,1,1,1,186.52,0
15007477,Cust07477,662,Germany,Female,32,2,131442.93,2,0,1,35.86,1
15007478,Cust07478,602,France,Female,33,6,113854.99,2,1,1,115.37,0
15007479,Cust07479,725,Germany,Male,28,9,135082.61,1,1,0,153.39,0
15007480,Cust07480,724,France,Male,25,0,10295.42,2,0,1,33.41,0
15007481,Cust07481,696,Spain,Female,24,8,92923.35,2,1,0,148.21,0
15007482,Cust07482,553,France,Female,42,6,85596.43,3,0,0,12.14,1
15007483,Cust07483,782,Spain,Female,26,2,53769.93,2,0,0,39.89,0
15007484,Cust07484,617,Spain,Male,28,9,133301.31,2,0,0,17.01,1
15007485,Cust07485,662,France,Male,35,5,0.0,2,0,1,19.35,1
15007486,Cust07486,767,France,Female,53,0,27615.29,1,0,1,110.31,0
15007487,Cust07487,646,France,Male,36,7,175433.71,1,1,1,131.57,0
15007488,Cust07488,669,France,Male,43,0,77272.28,1,0,1,90.08,1
15007489,Cust07489,562,France,Female,24,8,30816.17,2,0,0,17.44,0
15007490,Cust07490,768,Germany,Female,46,6,84291.24,1,0,0,125.66,0
15007491,Cust07491,586,Germany,Male,42,2,96800.18,1,0,1,94.66,0
15007492,Cust07492,591,France,Female,18,7,154397.52,1,1,1,134.38,0
15007493,Cust07493,737,France,Female,34,4,107966.38,2,1,0,193.38,1
15007494,Cust07494,540,France,Male,41,10,25259.8,2,0,0,30.64,0
15007495,Cust07495,696,Germany,Male,28,9,42996.28,1,0,0,175.09,0
15007496,Cust07496,542,France,Male,37,2,84779.26,3,1,1,121.28,1
15007497,Cust07497,665,France,Male,38,7,84108.49,2,0,1,11.35,0
15007498,Cust07498,632,Spain,Female,59,4,97938.7,2,1,1,72.51,0
15007499,Cust07499,464,Germany,Male,38,1,130483.89,1,0,1,59.86,0
15007500,Cust07500,621,Spain,Female,40,8,177496.62,2,0,0,18.95,0
15007501,Cust07501,643,France,Male,40,6,132954.29,2,1,1,147.7,0
15007502,Cust07502,806,Spain,Female,18,6,42555.58,2,1,0,148.9,0
15007503,Cust07503,765,Germany,Male,46,3,81082.09,2,1,1,130.45,1
15007504,Cust07504,652,France,Male,44,7,111761.13,1,0,1,32.78,0
15007505,Cust07505,678,Spain,Female,22,4,17827.91,1,0,0,124.63,1
15007506,Cust07506,787,Germany,Male,21,8,189578.04,3,0,1,40.42,1
15007507,Cust07507,648,Germany,Female,18,9,0.0,3,0,1,57.39,0
15007508,Cust07508,741,Germany,Male,18,10,119716.23,2,1,1,57.81,0
15007509,Cust07509,521,Spain,Male,32,5,59141.97,1,0,1,11.03,0
15007510,Cust07510,639,France,Male,42,1,98051.99,2,1,0,13.38,0
15007511,Cust07511,644,Germany,Male,46,8,102682.62,2,0,0,38.36,0
15007512,Cust07512,584,France,Male,39,2,168939.96,1,0,1,97.85,0
15007513,Cust07513,828,Germany,Male,41,4,0.0,1,0,1,199.17,1
15007514,Cust07514,728,Germany,Male,18,4,36870.66,2,0,1,105.98,0
15007515,Cust07515,672,Germany,Male,43,1,33924.38,3,0,0,89.55,0
15007516,Cust07516,623,France,Male,45,6,85349.53,2,1,1,117.66,0
15007517,Cust07517,635,Germany,Male,49,7,162592.5,3,0,0,61.63,1
15007518,Cust07518,637,France,Female,42,0,117876.24,1,1,1,39.77,1
15007519,Cust07519,603,Germany,Male,27,2,109523.08,2,0,1,184.34,1
15007520,Cust07520,594,Germany,Male,47,10,79803.62,4,1,1,178.99,0
15007521,Cust07521,850,Spain,Female,25,6,45181.99,2,1,1,50.79,0
15007522,Cust07522,619,France,Female,42,6,150068.91,2,0,1,17.2,0
15007523,Cust07523,729,Spain,Male,24,0,63001.08,1,0,0,191.47,1
15007524,Cust07524,389,Germany,Female,30,4,55049.87,1,1,1,47.63,0
15007525,Cust07525,398,France,Female,78,3,84826.52,2,0,0,53.52,0
15007526,Cust07526,717,France,Male,63,3,96842.62,2,0,0,50.45,0
15007527,Cust07527,649,France,Male,40,4,2471.58,1,0,1,166.25,0
15007528,Cust07528,528,France,Female,31,5,42893.57,2,1,1,85.87,1
15007529,Cust07529,731,Spain,Male,47,0,0.0,1,1,0,57.62,0
15007530,Cust07530,812,France,Female,40,2,55048.13,2,1,1,116.25,0
15007531,Cust07531,701,France,Male,59,10,90704.85,3,1,0,164.54,1
15007532,Cust07532,488,France,Female,44,3,43507.7,1,1,1,170.72,0
15007533,Cust07533,586,Spain,Male,22,10,223706.78,1,1,1,171.17,0
15007534,Cust07534,657,France,Female,24,1,112152.71,3,0,0,152.89,0
15007535,Cust07535,648,Germany,Male,43,3,55142.59,2,1,1,64.47,0
15007536,Cust07536,530,Spain,Female,19,0,0.0,1,0,0,24.46,1
15007537,Cust07537,652,France,Female,39,1,68084.15,2,1,0,83.93,0
15007538,Cust07538,659,France,Female,22,4,52497.06,4,1,0,124.74,1
15007539,Cust07539,686,Germany,Female,49,3,72923.04,1,1,0,145.96,1
15007540,Cust07540,673,France,Male,46,6,175133.17,1,1,1,19.32,1
15007541,Cust07541,532,France,Male,27,1,56190.35,2,0,1,107.5,0
15007542,Cust07542,744,Spain,Female,23,5,85283.43,1,0,1,132.9,0
15007543,Cust07543,556,France,Female,50,9,155347.67,2,0,1,115.17,0
15007544,Cust07544,665,Germany,Male,21,1,126909.58,2,0,0,70.67,0
15007545,Cust07545,562,Spain,Female,45,5,18394.77,2,1,0,126.14,0
15007546,Cust07546,619,Germany,Male,47,9,148626.88,2,0,0,142.32,0
15007547,Cust07547,688,France,Female,31,9,114778.74,2,0,1,45.75,0
15007548,Cust07548,691,France,Female,57,1,113512.18,2,1,1,116.31,0
15007549,Cust07549,612,France,Female,41,10,0.0,1,1,1,167.67,0
15007550,Cust07550,544,France,Male,45,6,0.0,2,0,1,30.69,0
15007551,Cust07551,620,Spain,Male,48,0,183334.21,1,1,0,119.77,0
15007552,Cust07552,646,Spain,Female,29,5,117927.39,1,0,1,164.54,0
15007553,Cust07553,606,Spain,Male,51,8,0.0,2,0,1,122.26,0
15007554,Cust07554,560,Germany,Male,31,1,111701.72,2,0,1,186.8,0
15007555,Cust07555,681,France,Female,22,7,44993.3,2,0,1,52.88,1
15007556,Cust07556,671,Spain,Male,28,2,109060.87,3,0,0,152.06,1
15007557,Cust07557,598,France,Female,33,7,23055.4,2,0,0,76.12,1
15007558,Cust07558,631,France,Male,33,7,86510.22,2,1,0,102.99,0
15007559,Cust07559,648,France,Female,33,1,148015.04,2,0,1,31.8,0
15007560,Cust07560,672,France,Male,42,0,0.0,2,0,0,85.69,1
15007561,Cust07561,619,Germany,Male,46,1,0.0,1,0,1,79.85,0
15007562,Cust07562,614,France,Male,37,10,58723.41,2,0,1,122.33,0
15007563,Cust07563,515,Spain,Male,27,9,146176.19,1,1,0,41.85,0
15007564,Cust07564,718,France,Female,42,6,163167.53,3,1,1,62.21,1
15007565,Cust07565,591,Spain,Female,36,6,181847.71,2,0,1,96.86,0
15007566,Cust07566,816,Spain,Male,44,3,16929.71,3,1,1,39.77,0
15007567,Cust07567,632,Germany,Male,26,4,129834.87,2,0,0,72.4,0
15007568,Cust07568,603,Spain,Male,47,8,71059.14,2,0,0,122.69,0
15007569,Cust07569,544,France,Female,48,1,97921.08,2,1,0,123.3,1
15007570,Cust07570,525,France,Male,33,6,54319.9,2,0,1,134.43,0
15007571,Cust07571,677,Spain,Female,36,6,85307.31,1,1,1,35.39,0
15007572,Cust07572,652,Spain,Female,21,10,0.0,3,1,1,58.58,0
15007573,Cust07573,812,France,Male,18,0,79131.3,3,1,0,196.22,0
15007574,Cust07574,644,France,Male,37,3,0.0,2,0,1,143.4,0
15007575,Cust07575,564,Germany,Male,60,4,83384.24,2,1,0,97.92,0
15007576,Cust07576,537,Spain,Female,33,7,52212.71,2,1,1,182.27,0
15007577,Cust07577,594,France,Female,47,4,112229.86,2,0,1,101.29,1
15007578,Cust07578,528,Germany,Male,29,2,0.0,1,0,0,90.19,0
15007579,Cust07579,531,Spain,Female,37,10,47606.91,2,0,0,196.28,0
15007580,Cust07580,684,Germany,Male,52,9,122347.17,2,1,1,38.61,0
15007581,Cust07581,700,Germany,Female,49,6,61844.6,2,0,0,115.74,0
15007582,Cust07582,620,Spain,Female,54,10,0.0,1,0,0,18.24,1
15007583,Cust07583,487,France,Male,42,5,113923.51,2,0,1,119.33,0
15007584,Cust07584,708,France,Female,37,4,151222.57,2,1,0,100.77,0
15007585,Cust07585,511,Germany,Female,40,8,47174.9,2,1,0,151.38,1
15007586,Cust07586,686,France,Male,41,4,0.0,2,1,1,112.91,0
15007587,Cust07587,628,France,Female,27,0,69817.81,3,1,0,45.57,1
15007588,Cust07588,585,France,Female,34,7,28553.0,1,0,1,60.8,0
15007589,Cust07589,730,Spain,Male,46,1,111565.92,2,0,0,72.82,0
15007590,Cust07590,553,France,Female,32,6,140302.76,1,0,0,128.92,0
15007591,Cust07591,690,France,Male,48,0,0.0,1,1,0,198.61,0
15007592,Cust07592,850,France,Male,35,8,0.0,2,0,0,71.6,1
15007593,Cust07593,624,France,Female,52,0,116114.25,1,0,1,100.24,0
15007594,Cust07594,737,Germany,Male,33,7,64810.6,1,0,1,139.46,0
15007595,Cust07595,768,France,Male,21,4,96610.33,1,1,1,88.91,0
15007596,Cust07596,699,France,Male,23,3,44715.26,2,1,1,197.11,0
15007597,Cust07597,602,France,Female,30,9,83784.0,1,1,1,57.67,0
15007598,Cust07598,649,Spain,Female,27,3,123067.55,1,1,1,139.3,0
15007599,Cust07599,707,France,Male,31,7,513.58,3,1,0,73.34,1
15007600,Cust07600,627,Germany,Female,36,10,57385.17,1,0,1,84.8,0
15007601,Cust07601,556,France,Female,37,0,105560.22,2,1,1,57.75,0
15007602,Cust07602,767,Spain,Female,41,7,58511.37,2,0,0,24.64,0
15007603,Cust07603,660,France,Female,23,2,80607.4,1,1,1,22.61,0
15007604,Cust07604,650,Spain,Female,18,3,169690.99,1,0,0,155.67,0
15007605,Cust07605,730,France,Female,43,1,40212.27,2,1,0,154.51,0
15007606,Cust07606,521,France,Male,42,9,99354.05,1,1,1,153.53,0
15007607,Cust07607,547,Germany,Male,29,2,128696.46,3,0,0,110.74,1
15007608,Cust07608,731,Spain,Male,30,2,69063.43,1,1,0,194.25,0
15007609,Cust07609,611,France,Female,42,0,34833.22,2,0,0,59.33,0
15007610,Cust07610,565,France,Male,25,6,85757.53,2,0,0,111.14,0
15007611,Cust07611,732,Germany,Female,40,2,97358.86,1,0,0,99.18,0
15007612,Cust07612,532,France,Female,28,1,68423.54,1,0,1,187.11,0
15007613,Cust07613,711,Spain,Male,26,8,0.0,2,0,0,87.69,0
15007614,Cust07614,598,France,Male,37,8,0.0,1,0,0,100.97,1
15007615,Cust07615,749,France,Female,20,9,49942.51,1,1,1,193.44,0
15007616,Cust07616,773,Spain,Female,23,0,86492.85,2,0,0,36.98,0
15007617,Cust07617,771,Spain,Male,37,3,96986.24,1,1,0,47.94,1
15007618,Cust07618,662,France,Male,28,1,119750.65,3,0,1,135.57,0
15007619,Cust07619,679,Spain,Female,27,2,146780.95,2,1,0,135.47,0
15007620,Cust07620,732,Spain,Male,38,9,4425.72,1,1,1,179.03,0
15007621,Cust07621,626,France,Female,44,8,54794.31,1,0,0,121.63,0
15007622,Cust07622,605,France,Female,53,6,17170.75,2,0,1,30.48,1
15007623,Cust07623,739,France,Female,45,0,137334.99,1,1,1,27.71,0
15007624,Cust07624,661,Spain,Female,41,3,0.0,1,0,0,142.8,0
15007625,Cust07625,707,Germany,Female,35,2,135130.1,2,0,1,172.67,0
15007626,Cust07626,650,Spain,Male,43,6,46121.52,2,0,0,198.07,0
15007627,Cust07627,460,France,Female,48,2,71977.46,3,1,1,152.48,0
15007628,Cust07628,656,Spain,Female,41,4,43999.02,2,0,1,104.33,0
15007629,Cust07629,492,France,Female,46,1,14052.08,1,1,1,157.08,0
15007630,Cust07630,535,France,Female,43,2,93970.08,2,0,0,87.56,0
15007631,Cust07631,617,Spain,Female,28,4,133246.89,2,0,1,12.15,0
15007632,Cust07632,607,France,Female,52,5,30279.98,3,1,1,132.41,1
15007633,Cust07633,672,Germany,Female,31,2,195864.14,2,0,1,55.45,0
15007634,Cust07634,563,France,Female,26,6,137125.75,1,0,0,148.13,0
15007635,Cust07635,530,Germany,Male,32,0,11537.46,1,1,1,151.78,0
15007636,Cust07636,501,France,Female,47,8,56129.62,3,0,1,34.08,0
15007637,Cust07637,642,Spain,Male,30,6,123942.51,1,0,0,113.72,1
15007638,Cust07638,532,Germany,Male,28,0,41074.09,2,0,0,44.57,1
15007639,Cust07639,615,France,Male,46,9,128490.9,2,0,0,89.43,0
15007640,Cust07640,773,Spain,Male,31,5,0.0,1,0,0,106.51,0
15007641,Cust07641,571,Germany,Female,26,2,154007.35,1,1,1,129.21,0
15007642,Cust07642,529,France,Male,28,2,191068.03,2,0,0,25.22,1
15007643,Cust07643,648,France,Male,44,10,110316.36,3,0,1,198.57,0
15007644,Cust07644,728,Germany,Male,28,5,37188.94,2,0,1,109.54,0
15007645,Cust07645,628,Spain,Female,35,3,47290.84,1,0,0,196.96,1
15007646,Cust07646,719,France,Male,47,8,20704.74,1,1,1,176.62,0
15007647,Cust07647,518,France,Female,42,8,56603.51,1,0,1,127.42,1
15007648,Cust07648,526,France,Female,26,2,28269.55,1,0,1,177.34,0
15007649,Cust07649,639,France,Male,42,8,44467.86,1,1,0,55.93,0
15007650,Cust07650,630,France,Female,29,6,61516.99,3,0,1,84.99,0
15007651,Cust07651,624,France,Female,35,1,52269.12,1,1,0,191.09,0
15007652,Cust07652,749,Spain,Male,47,3,149394.17,1,1,0,66.55,0
15007653,Cust07653,573,Spain,Male,44,1,106349.16,1,1,1,61.73,0
15007654,Cust07654,685,France,Male,42,2,7619.3,4,1,1,107.53,0
15007655,Cust07655,581,France,Female,48,10,63981.35,2,1,1,111.53,0
15007656,Cust07656,545,France,Female,43,7,27839.3,2,1,0,31.03,1
15007657,Cust07657,632,Germany,Male,49,10,83964.47,2,0,0,91.53,1
15007658,Cust07658,600,France,Male,38,5,91169.67,2,0,1,17.3,0
15007659,Cust07659,566,France,Female,22,10,72113.69,1,1,1,123.0,0
15007660,Cust07660,742,Germany,Male,39,10,28290.84,2,0,1,132.04,1
15007661,Cust07661,638,France,Female,27,4,114590.5,1,0,0,154.02,0
15007662,Cust07662,593,Spain,Female,47,9,0.0,1,0,0,57.23,0
15007663,Cust07663,702,France,Female,48,1,152325.59,2,0,1,24.86,0
15007664,Cust07664,593,France,Male,40,4,174462.16,1,0,1,25.08,0
15007665,Cust07665,715,France,Male,25,1,119181.94,2,0,0,41.82,0
15007666,Cust07666,700,France,Female,39,3,44645.68,2,0,1,141.49,0
15007667,Cust07667,716,France,Female,38,5,46747.75,2,1,0,71.15,0
15007668,Cust07668,588,Spain,Male,41,10,0.0,2,1,1,199.83,1
15007669,Cust07669,424,France,Male,38,5,0.0,1,0,1,125.55,0
15007670,Cust07670,638,Germany,Male,31,10,24309.53,2,1,1,42.8,0
15007671,Cust07671,582,France,Male,29,0,60918.93,4,1,1,157.47,1
15007672,Cust07672,558,France,Male,34,0,128129.38,3,1,1,111.45,0
15007673,Cust07673,617,Spain,Male,20,3,75811.37,3,0,0,161.87,1
15007674,Cust07674,722,Spain,Male,21,6,0.0,2,1,0,117.42,0
15007675,Cust07675,651,Germany,Male,30,0,113940.81,1,0,1,193.42,0
15007676,Cust07676,535,Spain,Male,37,10,184157.38,3,1,0,27.71,0
15007677,Cust07677,695,France,Female,49,1,118141.82,1,0,1,123.14,0
15007678,Cust07678,616,France,Male,34,5,96864.09,2,0,1,164.3,0
15007679,Cust07679,493,Spain,Female,38,9,90970.05,1,1,0,64.26,0
15007680,Cust07680,657,France,Female,50,6,123220.96,1,1,1,138.75,0
15007681,Cust07681,547,Germany,Female,23,7,108745.02,3,0,0,148.05,0
15007682,Cust07682,667,France,Male,27,0,171098.4,2,1,0,85.05,1
15007683,Cust07683,691,France,Female,47,0,23208.74,2,0,0,118.2,0
15007684,Cust07684,617,Germany,Male,37,7,116708.94,2,0,0,104.34,0
15007685,Cust07685,850,France,Female,40,8,174825.06,2,0,0,181.13,1
15007686,Cust07686,746,France,Female,31,1,0.0,2,0,0,83.23,0
15007687,Cust07687,561,Spain,Female,42,4,70052.92,1,1,1,32.04,0
15007688,Cust07688,775,Spain,Male,20,0,212899.66,1,0,1,28.86,0
15007689,Cust07689,712,Germany,Female,28,7,92596.62,1,1,1,27.73,0
15007690,Cust07690,569,France,Female,51,7,128456.44,2,1,0,41.6,0
15007691,Cust07691,773,France,Male,59,1,170364.2,4,1,0,50.69,0
15007692,Cust07692,802,Spain,Male,44,5,107815.63,1,1,1,178.31,0
15007693,Cust07693,658,France,Female,36,2,202965.25,2,1,1,53.88,0
15007694,Cust07694,658,Germany,Female,49,3,47806.5,2,0,1,123.33,0
15007695,Cust07695,709,France,Female,44,7,66646.62,1,0,1,65.49,0
15007696,Cust07696,700,France,Male,68,1,84681.72,2,1,1,59.26,0
15007697,Cust07697,715,France,Female,31,5,0.0,2,0,0,147.31,0
15007698,Cust07698,607,France,Male,33,7,34670.1,1,0,1,42.31,0
15007699,Cust07699,641,France,Female,34,8,37604.88,1,0,0,199.84,0
15007700,Cust07700,715,France,Female,36,6,162840.71,1,0,1,62.34,0
15007701,Cust07701,768,France,Male,51,7,165859.06,4,1,0,108.84,0
15007702,Cust07702,548,France,Male,32,3,30028.79,1,1,0,75.99,1
15007703,Cust07703,672,Spain,Female,22,2,57234.16,2,0,0,125.83,0
15007704,Cust07704,724,Germany,Male,48,3,116271.4,1,0,0,95.42,1
15007705,Cust07705,583,France,Male,52,0,0.0,1,1,1,148.94,0
15007706,Cust07706,527,France,Female,23,1,71180.08,2,1,0,30.99,1
15007707,Cust07707,756,Germany,Female,34,6,132699.2,1,0,1,156.26,0
15007708,Cust07708,674,France,Female,53,5,96254.07,1,0,1,170.71,0
15007709,Cust07709,680,Germany,Male,31,3,12143.43,1,0,0,70.58,0
15007710,Cust07710,679,Germany,Female,32,4,88517.5,1,1,0,36.74,0
15007711,Cust07711,679,France,Male,41,0,150131.16,1,0,0,178.78,1
15007712,Cust07712,758,Germany,Male,37,7,108028.29,1,0,0,30.55,0
15007713,Cust07713,629,Germany,Female,55,5,111752.27,2,0,0,169.82,0
15007714,Cust07714,557,Germany,Male,40,2,131931.26,1,0,0,48.24,1
15007715,Cust07715,556,Germany,Male,55,7,66593.16,2,0,1,102.96,1
15007716,Cust07716,752,Spain,Female,39,10,26828.79,1,1,1,157.77,0
15007717,Cust07717,710,Germany,Female,25,2,34083.38,1,1,1,164.82,0
15007718,Cust07718,561,France,Male,53,2,83991.79,1,1,1,56.14,0
15007719,Cust07719,769,France,Female,29,1,0.0,2,1,1,123.28,0
15007720,Cust07720,737,Germany,Male,52,3,40410.61,4,0,0,60.3,1
15007721,Cust07721,755,Germany,Male,32,3,53472.05,3,1,0,172.98,1
15007722,Cust07722,748,France,Male,22,3,82816.81,2,0,1,145.33,0
15007723,Cust07723,696,Germany,Female,20,10,0.0,2,0,0,171.06,1
15007724,Cust07724,469,France,Male,40,7,93323.27,2,0,0,193.2,0
15007725,Cust07725,660,France,Female,26,6,101828.7,2,0,0,21.08,0
15007726,Cust07726,682,Spain,Male,50,1,173792.87,2,0,0,118.88,1
15007727,Cust07727,654,France,Male,41,0,11923.9,3,1,1,99.73,1
15007728,Cust07728,641,Germany,Male,48,10,93305.34,3,1,1,189.21,0
15007729,Cust07729,775,Germany,Female,40,5,138004.75,1,0,1,77.85,0
15007730,Cust07730,532,Spain,Male,31,2,180950.17,2,0,0,120.74,0
15007731,Cust07731,665,France,Female,33,3,0.0,1,1,0,162.89,0
15007732,Cust07732,573,Germany,Female,37,5,109795.32,2,1,1,76.96,0
15007733,Cust07733,728,Spain,Male,55,8,76451.67,2,1,1,174.21,0
15007734,Cust07734,754,France,Female,25,5,62981.93,2,1,1,125.84,0
15007735,Cust07735,754,Spain,Male,39,1,38094.44,1,1,1,192.23,0
15007736,Cust07736,530,Germany,Male,29,2,119816.0,1,1,1,72.1,0
15007737,Cust07737,622,Germany,Female,18,7,7037.82,2,1,1,76.61,0
15007738,Cust07738,488,Germany,Female,29,9,180191.0,2,1,1,161.82,0
15007739,Cust07739,685,France,Female,34,2,124704.02,1,1,1,77.21,0
15007740,Cust07740,680,Spain,Male,45,4,33708.89,1,0,1,153.93,1
15007741,Cust07741,562,France,Male,45,4,38146.84,1,0,1,88.38,0
15007742,Cust07742,547,France,Female,43,1,82408.33,3,0,0,112.79,0
15007743,Cust07743,626,France,Female,34,5,0.0,2,0,1,137.25,0
15007744,Cust07744,653,Germany,Male,47,7,146298.54,1,0,1,170.48,0
15007745,Cust07745,543,France,Male,39,0,207071.31,3,1,0,70.07,1
15007746,Cust07746,550,Spain,Male,33,4,0.0,1,1,0,158.33,1
15007747,Cust07747,672,France,Male,50,9,183532.77,1,0,0,184.68,0
15007748,Cust07748,677,France,Male,55,8,144181.4,2,0,1,186.31,1
15007749,Cust07749,354,France,Female,39,8,32648.8,2,1,1,99.53,1
15007750,Cust07750,462,France,Male,30,5,51175.36,1,0,1,169.28,0
15007751,Cust07751,636,France,Female,30,6,28155.44,2,1,0,135.82,1
15007752,Cust07752,525,Germany,Female,36,2,0.0,2,0,1,110.8,0
15007753,Cust07753,636,Spain,Male,57,4,168548.8,1,1,1,159.91,0
15007754,Cust07754,654,Germany,Male,42,4,83938.74,2,1,1,93.75,0
15007755,Cust07755,629,France,Female,41,4,121965.18,1,0,0,172.92,0
15007756,Cust07756,542,France,Female,29,5,104005.65,2,0,0,13.47,0
15007757,Cust07757,678,France,Female,41,8,128937.06,1,0,0,136.52,0
15007758,Cust07758,760,Germany,Male,30,0,0.0,2,0,0,96.87,0
15007759,Cust07759,619,Spain,Male,19,2,187169.27,2,0,1,116.58,0
15007760,Cust07760,748,Germany,Female,26,6,131660.32,3,1,0,81.74,0
15007761,Cust07761,648,Germany,Female,40,8,121947.06,1,0,0,70.45,0
15007762,Cust07762,687,France,Female,54,0,40213.53,2,0,0,47.57,0
15007763,Cust07763,585,Germany,Female,44,7,33737.65,1,1,1,156.56,0
15007764,Cust07764,699,Spain,Female,48,9,124355.17,1,0,0,174.79,1
15007765,Cust07765,746,France,Male,45,0,180022.89,1,1,0,31.68,1
15007766,Cust07766,810,Germany,Female,50,4,98153.08,1,0,1,70.06,1
15007767,Cust07767,715,France,Female,18,6,132461.36,1,0,0,33.07,0
15007768,Cust07768,540,France,Male,30,2,114039.24,1,1,1,62.3,0
15007769,Cust07769,455,Germany,Female,39,2,119779.09,1,1,1,162.02,0
15007770,Cust07770,667,France,Male,47,6,87576.49,2,1,1,102.19,0
15007771,Cust07771,574,France,Female,41,5,144632.7,1,0,1,101.14,1
15007772,Cust07772,717,France,Female,48,9,71517.46,2,0,1,73.31,0
15007773,Cust07773,824,Spain,Male,41,1,33373.61,1,1,0,180.32,0
15007774,Cust07774,596,France,Female,31,3,118354.01,1,0,0,196.1,0
15007775,Cust07775,637,France,Female,31,1,0.0,1,0,1,64.25,1
15007776,Cust07776,567,Spain,Female,37,4,204158.32,2,0,0,68.35,0
15007777,Cust07777,637,Spain,Female,50,0,188722.58,1,1,0,66.38,0
15007778,Cust07778,683,France,Male,44,9,175445.83,3,1,0,51.99,1
15007779,Cust07779,499,France,Female,38,9,157351.64,1,1,0,88.2,0
15007780,Cust07780,530,Germany,Male,50,4,110563.21,2,1,1,24.39,0
15007781,Cust07781,593,France,Female,38,7,51828.55,3,1,0,191.84,0
15007782,Cust07782,577,Germany,Female,50,7,0.0,2,1,0,37.12,1
15007783,Cust07783,655,Germany,Male,25,2,58645.21,2,0,1,183.11,0
15007784,Cust07784,638,Spain,Male,54,6,132384.24,2,1,0,80.05,1
15007785,Cust07785,650,France,Female,43,3,44210.71,1,1,1,14.44,0
15007786,Cust07786,522,Spain,Female,47,1,118183.46,3,0,1,53.86,1
15007787,Cust07787,496,Germany,Female,32,7,60678.78,2,1,1,106.45,1
15007788,Cust07788,850,France,Female,61,4,121290.93,3,1,1,97.57,0
15007789,Cust07789,677,Germany,Male,34,10,54869.19,1,1,1,37.8,0
15007790,Cust07790,750,France,Male,59,1,37982.71,3,1,1,92.24,0
15007791,Cust07791,742,France,Male,29,7,83550.31,1,1,1,151.69,0
15007792,Cust07792,694,France,Female,44,10,114421.78,1,0,0,178.17,0
15007793,Cust07793,659,France,Male,23,0,0.0,1,0,0,189.47,0
15007794,Cust07794,728,Spain,Male,47,4,51464.75,1,0,0,80.28,0
15007795,Cust07795,764,France,Male,42,10,13849.55,2,1,1,19.06,0
15007796,Cust07796,757,Spain,Female,32,10,231666.1,2,1,0,66.8,0
15007797,Cust07797,800,Germany,Female,37,2,154089.48,1,0,0,87.87,0
15007798,Cust07798,728,France,Female,50,8,149663.38,1,1,0,152.92,0
15007799,Cust07799,664,France,Female,35,0,202037.98,2,1,1,36.5,0
15007800,Cust07800,586,Spain,Female,38,4,81478.76,1,1,0,126.76,0
15007801,Cust07801,651,Spain,Male,28,2,0.0,1,0,1,97.86,0
15007802,Cust07802,470,Spain,Female,55,6,99301.28,1,0,0,100.71,0
15007803,Cust07803,609,Spain,Female,28,2,21670.08,1,0,0,154.12,0
15007804,Cust07804,697,Spain,Female,36,0,145588.18,2,1,0,75.96,1
15007805,Cust07805,667,Germany,Female,18,5,37769.33,1,1,1,35.5,0
15007806,Cust07806,542,France,Male,63,9,29290.67,2,0,0,139.09,0
15007807,Cust07807,597,Spain,Female,48,6,35832.56,2,0,0,43.36,0
15007808,Cust07808,573,France,Male,39,7,56445.55,2,1,0,114.86,0
15007809,Cust07809,668,Spain,Female,49,9,45557.75,2,0,1,53.65,0
15007810,Cust07810,498,France,Male,29,4,125022.21,1,1,0,140.93,0
15007811,Cust07811,706,Germany,Male,30,6,149694.36,2,0,1,110.29,1
15007812,Cust07812,725,Spain,Male,55,3,136954.69,2,0,0,143.17,0
15007813,Cust07813,636,France,Male,36,9,33121.0,2,0,1,66.78,0
15007814,Cust07814,562,Spain,Male,30,10,41672.99,1,1,1,127.46,0
15007815,Cust07815,805,Spain,Male,49,2,190934.87,3,0,0,175.2,1
15007816,Cust07816,724,France,Male,46,3,106927.73,2,1,0,173.64,0
15007817,Cust07817,704,Germany,Male,18,3,76124.55,1,0,0,176.79,1
15007818,Cust07818,479,France,Male,43,6,31365.8,2,0,0,37.61,0
15007819,Cust07819,613,Spain,Female,48,8,5668.96,3,0,0,25.71,1
15007820,Cust07820,721,Germany,Male,18,2,56751.7,2,1,1,155.7,0
15007821,Cust07821,657,Germany,Male,61,9,101152.75,2,1,0,73.12,1
15007822,Cust07822,665,Spain,Female,18,3,199625.37,1,0,0,54.63,0
15007823,Cust07823,694,France,Female,39,10,77279.47,2,0,1,15.84,0
15007824,Cust07824,618,France,Female,43,4,124066.93,1,0,1,36.11,1
15007825,Cust07825,644,France,Female,18,8,104868.29,3,1,1,182.14,0
15007826,Cust07826,715,France,Male,28,10,0.0,1,1,0,134.3,1
15007827,Cust07827,542,France,Female,57,10,108821.16,1,0,1,121.54,0
15007828,Cust07828,647,Germany,Male,47,0,93695.23,2,0,1,168.41,0
15007829,Cust07829,499,Germany,Male,37,0,60260.36,2,1,1,45.11,0
15007830,Cust07830,681,France,Female,41,7,60483.18,2,1,1,150.38,0
15007831,Cust07831,508,Germany,Female,27,7,0.0,2,0,0,52.76,1
15007832,Cust07832,649,France,Male,33,7,168079.64,2,0,0,136.86,1
15007833,Cust07833,653,Spain,Female,38,10,0.0,1,1,1,60.05,0
15007834,Cust07834,629,France,Male,46,9,51328.77,1,0,0,43.78,0
15007835,Cust07835,588,Germany,Female,38,9,46769.84,2,0,1,74.72,0
15007836,Cust07836,741,Germany,Female,49,2,165444.72,1,0,1,53.25,0
15007837,Cust07837,844,France,Female,51,3,155528.27,2,1,0,152.4,1
15007838,Cust07838,701,France,Male,45,1,80480.83,1,1,1,17.59,0
15007839,Cust07839,602,France,Female,45,4,81807.6,2,1,0,186.65,1
15007840,Cust07840,714,France,Female,21,4,15879.86,1,0,1,121.15,0
15007841,Cust07841,713,Spain,Female,40,10,92290.47,2,0,0,131.01,1
15007842,Cust07842,607,France,Female,31,9,77295.0,2,0,0,191.16,0
15007843,Cust07843,850,France,Male,45,3,116364.1,1,1,0,149.85,0
15007844,Cust07844,635,Spain,Male,42,3,235114.67,2,0,0,143.29,0
15007845,Cust07845,641,France,Male,32,3,129342.51,2,1,0,109.89,1
15007846,Cust07846,608,Germany,Female,22,3,75047.94,1,1,0,50.73,0
15007847,Cust07847,679,France,Male,18,9,0.0,2,1,1,50.46,0
15007848,Cust07848,648,Spain,Male,43,7,93913.34,2,0,0,43.52,0
15007849,Cust07849,784,Spain,Female,28,3,97150.2,2,0,0,97.49,0
15007850,Cust07850,597,France,Female,36,7,60929.56,2,0,0,184.15,0
15007851,Cust07851,557,Spain,Female,49,9,85794.99,1,1,1,91.52,0
15007852,Cust07852,630,France,Female,49,9,161666.62,3,1,1,183.33,1
15007853,Cust07853,642,France,Male,47,1,9187.62,2,0,0,87.57,1
15007854,Cust07854,614,France,Male,33,7,55376.04,2,0,1,114.95,0
15007855,Cust07855,541,France,Male,18,1,47229.78,4,0,1,94.3,1
15007856,Cust07856,674,Spain,Male,36,3,60812.88,1,0,1,45.25,0
15007857,Cust07857,630,Germany,Male,28,7,187033.07,2,1,0,194.0,1
15007858,Cust07858,569,France,Male,37,7,0.0,2,0,0,60.83,1
15007859,Cust07859,792,France,Female,45,3,61953.01,1,1,1,79.22,0
15007860,Cust07860,602,France,Male,32,6,91085.88,2,1,1,161.03,0
15007861,Cust07861,637,France,Male,25,10,72715.14,2,1,1,61.03,1
15007862,Cust07862,472,France,Female,33,6,154197.54,3,1,1,59.27,1
15007863,Cust07863,651,Germany,Male,45,9,168640.15,1,0,1,139.21,0
15007864,Cust07864,582,Spain,Female,19,10,51061.09,2,1,0,78.8,0
15007865,Cust07865,564,France,Female,37,2,79866.91,2,0,1,90.17,0
15007866,Cust07866,736,France,Male,35,5,121297.37,1,0,0,194.06,1
15007867,Cust07867,712,France,Male,36,7,107696.62,2,1,0,146.8,0
15007868,Cust07868,551,France,Male,27,6,63327.04,1,1,0,13.66,0
15007869,Cust07869,572,France,Male,37,3,57892.65,3,0,1,109.81,1
15007870,Cust07870,758,Spain,Male,40,3,173942.48,2,0,0,45.21,0
15007871,Cust07871,636,Germany,Female,38,5,48489.41,1,1,1,159.36,0
15007872,Cust07872,620,Germany,Male,30,7,117090.71,2,1,0,72.71,1
15007873,Cust07873,596,Germany,Female,42,1,0.0,2,0,1,17.24,0
15007874,Cust07874,685,Spain,Female,39,9,0.0,2,1,0,25.15,0
15007875,Cust07875,706,Spain,Female,52,1,180165.37,1,1,0,169.51,1
15007876,Cust07876,646,France,Male,19,5,155674.81,4,0,0,157.92,0
15007877,Cust07877,540,Spain,Female,42,9,37460.23,1,0,0,189.22,0
15007878,Cust07878,847,France,Male,22,2,123174.17,2,0,1,26.79,0
15007879,Cust07879,810,Germany,Male,18,5,198547.75,1,0,0,176.59,1
15007880,Cust07880,628,Germany,Male,26,2,30866.36,2,0,0,127.3,1
15007881,Cust07881,618,France,Female,37,4,53839.1,1,0,0,101.95,0
15007882,Cust07882,628,Spain,Male,51,1,0.0,2,1,0,64.14,1
15007883,Cust07883,594,France,Male,45,0,35422.45,2,0,0,55.34,0
15007884,Cust07884,850,Spain,Male,39,4,126049.84,2,1,1,22.76,0
15007885,Cust07885,595,Germany,Female,39,8,121619.17,1,0,0,94.22,0
15007886,Cust07886,639,Spain,Female,33,0,42768.45,2,0,1,87.1,0
15007887,Cust07887,432,France,Female,32,10,237313.72,2,1,0,137.01,0
15007888,Cust07888,608,Spain,Female,48,7,78328.75,2,0,1,150.44,0
15007889,Cust07889,630,France,Male,36,0,15461.11,2,1,1,160.52,0
15007890,Cust07890,674,Germany,Female,48,1,96653.57,3,1,0,12.13,1
15007891,Cust07891,844,France,Female,37,10,129366.03,1,0,1,161.83,1
15007892,Cust07892,585,Germany,Male,18,7,106279.01,1,0,1,71.45,0
15007893,Cust07893,506,Germany,Female,34,2,104817.04,1,1,1,73.92,0
15007894,Cust07894,473,Spain,Female,43,0,145767.97,1,0,1,171.18,0
15007895,Cust07895,646,Germany,Male,64,10,21059.32,1,0,1,19.44,1
15007896,Cust07896,675,France,Female,28,10,25242.66,2,1,1,162.05,0
15007897,Cust07897,651,France,Male,49,7,0.0,2,0,1,104.05,1
15007898,Cust07898,543,France,Female,45,2,40544.13,1,1,1,192.43,0
15007899,Cust07899,691,Spain,Male,45,7,117370.86,1,0,1,149.38,0
15007900,Cust07900,425,France,Female,46,2,0.0,1,1,1,131.22,1
15007901,Cust07901,637,Spain,Male,56,7,0.0,1,0,0,87.86,0
15007902,Cust07902,627,Spain,Female,27,6,17217.47,1,0,0,60.69,0
15007903,Cust07903,679,France,Female,41,4,54700.63,1,0,0,154.47,0
15007904,Cust07904,825,Spain,Female,30,5,62450.63,1,1,1,126.16,0
15007905,Cust07905,606,France,Female,47,9,0.0,1,0,0,81.19,0
15007906,Cust07906,628,Spain,Male,22,2,0.0,1,0,1,155.26,0
15007907,Cust07907,664,France,Female,18,4,10590.89,2,1,0,126.8,0
15007908,Cust07908,614,France,Male,34,5,2881.86,2,1,0,158.85,0
15007909,Cust07909,430,Spain,Female,38,3,59743.16,1,0,1,61.84,0
15007910,Cust07910,711,France,Female,30,2,0.0,1,0,0,44.05,0
15007911,Cust07911,706,Germany,Female,22,6,118583.96,1,0,1,51.57,0
15007912,Cust07912,609,Spain,Female,47,1,56844.39,2,1,1,156.95,1
15007913,Cust07913,638,Spain,Female,50,5,90384.86,4,1,0,179.61,0
15007914,Cust07914,498,Spain,Female,31,8,82106.08,3,0,1,112.42,0
15007915,Cust07915,564,Spain,Male,37,9,120256.85,1,0,0,88.6,0
15007916,Cust07916,743,Germany,Female,57,4,15579.07,2,1,0,18.93,0
15007917,Cust07917,645,France,Female,37,8,83561.34,2,1,1,95.65,0
15007918,Cust07918,660,Germany,Female,44,0,22916.76,1,1,1,25.86,0
15007919,Cust07919,659,Spain,Male,48,4,3151.35,2,1,1,107.19,0
15007920,Cust07920,444,Germany,Male,21,2,95865.02,2,1,1,24.04,1
15007921,Cust07921,825,Germany,Female,45,6,3480.55,1,1,1,20.79,1
15007922,Cust07922,736,France,Female,36,6,95794.59,1,1,0,92.26,0
15007923,Cust07923,661,Germany,Male,39,7,114440.84,4,0,0,151.84,1
15007924,Cust07924,742,France,Female,47,3,217679.21,2,1,1,173.95,0
15007925,Cust07925,721,Germany,Male,25,6,65053.92,4,1,1,115.61,0
15007926,Cust07926,592,France,Male,52,3,45197.32,2,1,0,76.75,0
15007927,Cust07927,529,France,Male,31,3,126131.74,2,1,0,28.36,0
15007928,Cust07928,530,France,Female,27,8,23785.85,1,0,0,96.22,0
15007929,Cust07929,506,Germany,Female,35,6,117179.98,1,0,1,159.46,0
15007930,Cust07930,646,France,Male,50,0,77182.43,2,0,0,165.56,0
15007931,Cust07931,689,Germany,Male,18,0,529.91,1,0,1,38.56,0
15007932,Cust07932,699,Germany,Female,32,8,0.0,1,1,1,167.68,0
15007933,Cust07933,649,Spain,Male,39,6,114649.14,4,0,1,161.57,0
15007934,Cust07934,564,Germany,Female,37,0,153226.47,1,1,0,175.61,1
15007935,Cust07935,681,Germany,Male,27,2,102583.88,2,0,1,157.46,0
15007936,Cust07936,687,France,Female,31,5,199564.89,4,0,1,198.29,1
15007937,Cust07937,647,Spain,Female,40,6,22108.34,3,1,0,12.24,1
15007938,Cust07938,618,Spain,Male,47,3,142145.96,2,0,0,59.72,0
15007939,Cust07939,583,France,Male,42,1,164442.83,1,1,1,121.66,0
15007940,Cust07940,623,Spain,Female,45,8,36927.93,3,1,0,111.37,0
15007941,Cust07941,731,France,Female,28,8,91404.1,2,0,0,118.75,0
15007942,Cust07942,790,Germany,Male,40,1,30826.53,2,0,1,129.39,0
15007943,Cust07943,697,France,Male,20,7,132595.35,1,0,0,41.07,0
15007944,Cust07944,541,France,Male,40,6,63055.22,1,1,1,45.7,0
15007945,Cust07945,667,Spain,Male,25,3,0.0,2,1,0,153.34,0
15007946,Cust07946,826,France,Female,38,0,0.0,1,1,1,46.06,0
15007947,Cust07947,743,France,Female,37,10,93970.9,2,0,0,129.23,1
15007948,Cust07948,778,Spain,Male,33,4,151693.22,3,1,0,117.22,1
15007949,Cust07949,724,Germany,Female,30,9,63106.36,1,0,0,163.66,0
15007950,Cust07950,484,France,Female,32,9,144989.81,2,0,1,126.03,0
15007951,Cust07951,751,Spain,Female,52,4,134953.38,1,0,1,166.42,0
15007952,Cust07952,608,Germany,Male,35,0,80172.93,1,0,1,52.67,1
15007953,Cust07953,635,France,Male,40,10,243801.11,1,1,0,77.16,1
15007954,Cust07954,718,Germany,Male,35,0,126578.01,1,1,1,45.8,0
15007955,Cust07955,669,France,Male,37,0,139630.39,2,1,1,89.42,0
15007956,Cust07956,652,France,Female,46,6,86519.21,3,1,0,66.64,1
15007957,Cust07957,659,Spain,Female,32,4,122168.23,1,0,1,191.11,1
15007958,Cust07958,674,France,Female,35,7,113504.12,1,0,0,68.7,0
15007959,Cust07959,763,Germany,Female,18,9,73650.56,2,1,0,185.17,0
15007960,Cust07960,749,France,Female,29,2,103083.13,2,1,0,157.86,0
15007961,Cust07961,491,Spain,Female,26,1,47873.45,2,1,0,178.11,1
15007962,Cust07962,560,France,Male,42,0,156498.94,1,0,0,168.32,0
15007963,Cust07963,765,France,Male,61,7,201816.44,2,0,1,173.16,0
15007964,Cust07964,526,Spain,Female,36,4,65089.34,1,0,0,79.69,0
15007965,Cust07965,742,France,Male,18,2,59339.77,1,1,0,163.77,0
15007966,Cust07966,617,France,Male,39,10,47855.62,2,0,0,108.18,1
15007967,Cust07967,414,Germany,Female,49,4,0.0,1,1,0,14.76,1
15007968,Cust07968,738,France,Female,41,4,108028.27,2,0,1,157.22,0
15007969,Cust07969,531,France,Female,21,1,67359.04,2,0,0,171.1,1
15007970,Cust07970,749,France,Male,22,0,11060.7,1,0,0,184.13,0
15007971,Cust07971,658,Spain,Male,37,4,0.0,1,1,0,24.24,1
15007972,Cust07972,828,Spain,Female,44,6,0.0,2,1,1,57.34,0
15007973,Cust07973,681,Spain,Male,27,2,75977.64,1,1,1,25.18,0
15007974,Cust07974,661,France,Female,66,5,29299.12,2,1,1,78.88,0
15007975,Cust07975,619,Spain,Female,36,7,92324.06,1,0,0,24.57,1
15007976,Cust07976,490,France,Female,24,7,46931.63,1,1,0,150.49,0
15007977,Cust07977,617,Germany,Male,35,1,101411.94,1,0,1,161.2,1
15007978,Cust07978,630,Spain,Male,33,4,95343.07,2,1,0,97.21,0
15007979,Cust07979,661,France,Male,39,3,40849.11,2,1,1,125.2,0
15007980,Cust07980,702,France,Male,35,4,125521.29,1,0,1,99.62,0
15007981,Cust07981,643,France,Male,36,3,0.0,4,1,1,60.28,0
15007982,Cust07982,676,France,Female,43,3,116676.65,2,1,1,13.47,0
15007983,Cust07983,705,France,Female,50,5,56662.08,4,1,0,16.53,1
15007984,Cust07984,523,Germany,Female,43,4,125834.01,3,1,0,117.12,1
15007985,Cust07985,795,Spain,Female,36,3,75133.63,2,0,1,101.12,0
15007986,Cust07986,642,Germany,Male,51,4,106813.11,2,1,0,40.88,0
15007987,Cust07987,680,Spain,Male,35,6,134832.05,2,1,0,77.12,0
15007988,Cust07988,755,France,Male,36,5,43626.71,1,0,1,192.18,0
15007989,Cust07989,818,France,Male,41,0,9970.37,2,1,0,133.19,0
15007990,Cust07990,794,France,Female,30,1,76759.31,1,0,0,152.12,0
15007991,Cust07991,648,Spain,Female,25,2,122683.99,2,0,0,62.13,0
15007992,Cust07992,602,Germany,Male,38,10,49048.61,1,1,0,186.35,0
15007993,Cust07993,773,France,Male,18,6,123318.62,1,0,0,132.7,0
15007994,Cust07994,720,Germany,Female,34,6,0.0,2,1,1,92.56,0
15007995,Cust07995,722,Germany,Female,48,8,156820.95,2,0,1,86.03,0
15007996,Cust07996,615,France,Male,21,2,94188.3,2,0,1,189.26,0
15007997,Cust07997,760,France,Female,55,3,237724.86,1,1,1,192.76,0
15007998,Cust07998,547,France,Male,42,3,127405.21,2,0,1,108.24,0
15007999,Cust07999,522,Spain,Male,31,5,13423.6,1,1,0,108.69,0
15008000,Cust08000,736,Germany,Female,41,2,125924.34,2,0,0,54.47,0
15008001,Cust08001,738,France,Female,46,3,49615.44,2,0,0,136.88,0
15008002,Cust08002,725,France,Female,26,0,110307.81,2,1,0,186.47,0
15008003,Cust08003,726,Spain,Female,54,4,27893.93,1,0,0,162.41,0
15008004,Cust08004,850,France,Male,50,2,58233.37,1,1,0,19.91,0
15008005,Cust08005,735,Spain,Female,39,3,103993.32,1,0,0,125.95,0
15008006,Cust08006,621,Germany,Male,23,5,123643.12,1,0,1,70.58,0
15008007,Cust08007,659,France,Female,28,1,87154.33,2,1,0,69.75,0
15008008,Cust08008,755,France,Female,29,8,90694.2,2,0,0,43.75,0
15008009,Cust08009,666,France,Male,36,9,55319.13,1,0,1,127.49,0
15008010,Cust08010,533,Germany,Female,18,8,0.0,2,1,1,182.87,0
15008011,Cust08011,544,France,Male,31,2,135843.99,1,1,1,25.73,0
15008012,Cust08012,743,France,Male,39,6,43622.84,2,1,0,138.51,0
15008013,Cust08013,545,France,Male,46,4,143772.19,1,1,1,183.23,0
15008014,Cust08014,625,France,Male,37,6,39659.55,1,1,0,22.59,1
15008015,Cust08015,606,Germany,Male,34,0,77479.63,1,1,1,94.87,1
15008016,Cust08016,530,Spain,Male,25,0,0.0,2,1,0,138.58,1
15008017,Cust08017,526,Germany,Female,67,4,104820.82,1,0,1,128.21,0
15008018,Cust08018,611,France,Female,53,9,31065.18,2,0,1,21.48,0
15008019,Cust08019,492,France,Male,41,2,14176.5,1,1,0,109.64,0
15008020,Cust08020,715,France,Male,59,7,33374.8,3,1,1,99.29,0
15008021,Cust08021,562,France,Male,43,8,69127.39,1,0,0,46.91,0
15008022,Cust08022,552,Germany,Female,31,8,51039.85,2,1,1,14.87,1
15008023,Cust08023,759,France,Male,33,10,158518.96,2,0,0,197.1,1
15008024,Cust08024,546,France,Male,47,3,123332.28,2,1,0,47.34,0
15008025,Cust08025,659,Germany,Male,28,3,142274.49,2,1,0,100.78,0
15008026,Cust08026,730,France,Male,30,5,81284.29,2,0,0,129.17,1
15008027,Cust08027,649,Spain,Female,37,3,139130.37,2,1,1,150.35,0
15008028,Cust08028,665,France,Male,34,6,0.0,2,1,1,72.56,0
15008029,Cust08029,689,Spain,Female,35,8,160365.25,2,1,0,11.66,0
15008030,Cust08030,646,Spain,Female,42,4,40501.24,2,1,0,41.69,0
15008031,Cust08031,651,Spain,Female,52,7,24593.93,1,1,1,55.81,0
15008032,Cust08032,723,France,Male,26,1,146188.24,2,1,0,112.49,0
15008033,Cust08033,464,France,Male,47,3,105361.56,2,0,0,53.13,0
15008034,Cust08034,643,France,Female,48,1,109818.33,1,0,1,192.84,0
15008035,Cust08035,767,France,Male,46,5,134275.82,2,1,0,103.91,1
15008036,Cust08036,780,Spain,Female,18,0,57356.08,3,1,1,66.5,0
15008037,Cust08037,681,Germany,Female,40,5,45897.14,1,0,1,81.76,0
15008038,Cust08038,731,Spain,Female,42,9,176004.23,2,1,1,38.47,0
15008039,Cust08039,722,France,Male,44,8,246558.81,1,1,1,54.07,0
15008040,Cust08040,795,Spain,Male,29,4,85025.31,2,1,1,14.53,0
15008041,Cust08041,640,France,Male,27,2,184783.5,2,0,0,100.79,0
15008042,Cust08042,726,Germany,Female,37,6,37483.47,1,1,1,120.39,0
15008043,Cust08043,612,Spain,Female,53,10,0.0,2,0,0,182.59,1
15008044,Cust08044,619,Germany,Male,32,3,82658.57,2,1,1,184.6,1
15008045,Cust08045,629,France,Female,23,9,171622.41,2,0,0,99.48,0
15008046,Cust08046,683,France,Male,40,4,0.0,2,0,1,54.77,0
15008047,Cust08047,578,Germany,Male,46,9,84549.93,1,0,0,184.33,0
15008048,Cust08048,716,France,Female,26,10,65687.35,2,1,1,41.63,0
15008049,Cust08049,634,France,Female,53,8,61792.83,4,1,0,107.95,1
15008050,Cust08050,778,France,Male,26,1,130922.13,1,1,1,130.17,0
15008051,Cust08051,661,Spain,Male,34,6,32555.08,2,1,0,149.64,0
15008052,Cust08052,535,Germany,Male,33,1,86356.89,1,1,1,114.58,0
15008053,Cust08053,602,France,Female,38,1,90976.52,2,1,1,95.89,0
15008054,Cust08054,850,France,Male,44,7,109939.59,1,1,0,89.31,0
15008055,Cust08055,705,France,Female,35,4,104021.21,1,1,0,21.68,0
15008056,Cust08056,804,Germany,Female,18,8,0.0,2,0,1,195.44,1
15008057,Cust08057,692,France,Male,42,5,80581.52,2,1,0,165.59,0
15008058,Cust08058,774,Spain,Male,32,0,142215.57,1,0,1,169.97,0
15008059,Cust08059,615,Germany,Male,60,2,24115.78,2,1,1,150.4,0
15008060,Cust08060,736,Spain,Female,31,2,105464.23,1,0,0,47.68,0
15008061,Cust08061,830,France,Male,52,0,64057.91,2,1,1,146.47,0
15008062,Cust08062,479,France,Male,38,9,24365.2,1,1,0,50.22,0
15008063,Cust08063,508,France,Male,37,6,166224.9,1,0,0,104.15,0
15008064,Cust08064,474,Spain,Female,33,8,117863.32,2,1,1,185.46,0
15008065,Cust08065,605,Spain,Female,35,4,5353.65,3,1,0,181.82,0
15008066,Cust08066,850,France,Male,28,4,72327.63,2,0,1,72.85,0
15008067,Cust08067,698,Spain,Female,46,0,138653.03,2,0,1,58.5,1
15008068,Cust08068,668,France,Female,42,4,127356.92,2,0,1,124.1,1
15008069,Cust08069,850,France,Female,43,0,228698.19,2,1,0,78.33,0
15008070,Cust08070,850,France,Female,18,7,81159.21,2,1,1,115.85,0
15008071,Cust08071,608,Spain,Male,44,9,49287.52,1,1,0,135.27,0
15008072,Cust08072,792,Spain,Female,45,8,25760.52,1,1,1,131.4,0
15008073,Cust08073,546,France,Female,56,8,163736.99,1,1,1,111.9,0
15008074,Cust08074,459,France,Female,42,3,40007.05,2,1,1,140.42,0
15008075,Cust08075,644,Germany,Male,34,0,0.0,1,1,0,128.48,0
15008076,Cust08076,637,Spain,Male,51,2,197994.65,1,0,0,72.09,0
15008077,Cust08077,558,Germany,Female,27,1,0.0,2,1,1,117.38,0
15008078,Cust08078,636,Germany,Male,30,6,49355.71,2,1,0,37.53,0
15008079,Cust08079,725,France,Female,24,1,95598.51,2,1,0,82.33,0
15008080,Cust08080,850,Germany,Male,22,2,118512.27,1,1,1,171.72,0
15008081,Cust08081,671,France,Female,37,6,77330.54,1,1,0,34.22,0
15008082,Cust08082,689,Germany,Male,19,3,98013.01,3,0,0,32.67,0
15008083,Cust08083,679,France,Male,38,4,133422.59,3,0,0,159.91,1
15008084,Cust08084,610,France,Male,42,0,77825.07,1,1,0,18.61,0
15008085,Cust08085,568,France,Male,27,2,0.0,1,1,1,84.31,0
15008086,Cust08086,807,Spain,Male,51,7,58739.9,2,1,0,38.93,1
15008087,Cust08087,850,Spain,Male,34,9,239269.78,1,0,0,138.26,1
15008088,Cust08088,757,France,Female,38,5,173826.58,2,1,0,174.96,0
15008089,Cust08089,770,Germany,Male,44,7,219690.83,2,0,0,43.5,0
15008090,Cust08090,599,Spain,Male,26,3,165947.12,2,1,1,91.41,0
15008091,Cust08091,601,Spain,Male,18,6,63237.61,2,0,0,75.36,0
15008092,Cust08092,584,Spain,Male,27,3,192758.67,2,0,1,84.98,0
15008093,Cust08093,591,Spain,Male,53,6,62275.0,1,0,1,131.91,0
15008094,Cust08094,572,France,Female,28,5,84984.17,2,1,0,25.98,0
15008095,Cust08095,731,Spain,Male,20,8,72821.28,1,0,0,63.74,0
15008096,Cust08096,658,Germany,Female,45,10,70434.58,2,0,0,110.92,0
15008097,Cust08097,605,France,Female,38,8,33694.65,2,1,0,64.7,0
15008098,Cust08098,722,France,Male,35,0,98827.36,4,0,0,191.19,1
15008099,Cust08099,639,France,Male,46,10,52530.34,2,1,1,124.03,0
15008100,Cust08100,503,France,Male,51,0,25320.6,1,1,1,105.62,1
15008101,Cust08101,613,Spain,Male,44,4,81892.07,2,1,1,124.42,0
15008102,Cust08102,701,France,Female,48,2,31966.28,1,1,0,70.53,0
15008103,Cust08103,650,Spain,Female,53,7,39667.48,2,0,0,182.41,1
15008104,Cust08104,643,France,Male,39,1,90640.57,1,0,1,166.46,0
15008105,Cust08105,738,France,Male,35,0,103236.6,1,0,1,53.54,0
15008106,Cust08106,677,Spain,Male,47,3,86985.7,3,0,0,100.24,0
15008107,Cust08107,568,Germany,Female,50,2,44922.84,1,1,1,36.18,1
15008108,Cust08108,728,France,Female,35,2,73894.44,1,1,1,174.11,0
15008109,Cust08109,592,Germany,Female,51,7,0.0,2,1,0,53.75,0
15008110,Cust08110,666,Germany,Female,34,2,117174.54,2,1,0,95.38,0
15008111,Cust08111,808,France,Male,47,9,135086.49,2,0,0,69.21,0
15008112,Cust08112,505,Spain,Female,51,1,70787.99,1,0,0,66.77,1
15008113,Cust08113,819,Spain,Male,43,3,62115.17,1,1,0,94.17,1
15008114,Cust08114,722,France,Male,24,5,124857.24,2,1,0,26.33,0
15008115,Cust08115,695,Germany,Male,44,0,73869.53,1,1,0,120.5,0
15008116,Cust08116,644,France,Male,40,5,51259.83,2,1,1,136.94,0
15008117,Cust08117,549,France,Male,18,4,52021.64,1,0,1,109.14,0
15008118,Cust08118,541,Germany,Female,39,8,77466.77,2,1,1,137.97,0
15008119,Cust08119,693,France,Male,40,2,24059.5,2,1,1,71.12,0
15008120,Cust08120,639,France,Male,43,5,24868.36,2,0,0,199.71,0
15008121,Cust08121,643,France,Male,42,7,1145.42,2,0,0,122.91,1
15008122,Cust08122,613,Germany,Female,31,8,114140.12,1,1,0,111.21,0
15008123,Cust08123,742,France,Male,32,5,33770.13,2,0,0,40.67,1
15008124,Cust08124,669,Germany,Male,27,4,114679.74,1,0,1,91.89,0
15008125,Cust08125,684,Germany,Male,36,4,149770.96,2,0,0,77.18,0
15008126,Cust08126,710,Germany,Female,39,7,32482.32,2,1,1,28.79,0
15008127,Cust08127,651,France,Male,48,0,57378.89,1,0,0,114.16,0
15008128,Cust08128,660,France,Female,29,8,0.0,2,0,1,160.24,0
15008129,Cust08129,733,Germany,Male,46,5,69714.61,1,1,0,135.4,0
15008130,Cust08130,766,France,Male,45,9,0.0,2,1,0,28.14,0
15008131,Cust08131,602,Spain,Female,34,3,51202.68,1,0,0,158.64,1
15008132,Cust08132,589,France,Male,28,8,72743.44,1,1,1,64.84,0
15008133,Cust08133,558,Spain,Male,41,2,39426.86,2,0,0,123.19,0
15008134,Cust08134,607,Spain,Female,46,7,225152.14,3,0,1,162.91,0
15008135,Cust08135,755,France,Male,30,4,119818.04,1,0,0,28.49,0
15008136,Cust08136,850,Germany,Male,62,4,76248.33,1,0,0,125.89,1
15008137,Cust08137,511,France,Female,46,9,75262.14,3,0,1,111.9,1
15008138,Cust08138,610,France,Female,45,1,79063.64,2,1,0,175.64,1
15008139,Cust08139,762,France,Male,53,1,0.0,2,1,0,79.07,1
15008140,Cust08140,585,Spain,Female,34,3,75678.27,1,1,1,58.29,0
15008141,Cust08141,763,Germany,Female,39,5,32842.62,1,1,1,58.26,1
15008142,Cust08142,824,Germany,Female,34,1,78301.74,2,0,1,48.58,0
15008143,Cust08143,546,Germany,Male,66,0,47218.46,1,0,1,151.96,0
15008144,Cust08144,759,France,Male,30,8,96782.91,1,0,0,193.33,1
15008145,Cust08145,735,Spain,Female,42,0,63949.81,4,1,1,187.43,0
15008146,Cust08146,766,France,Female,32,2,0.0,3,1,0,94.51,0
15008147,Cust08147,608,Germany,Male,18,2,84996.34,2,1,0,22.55,1
15008148,Cust08148,504,France,Male,29,8,55475.35,2,1,0,195.51,0
15008149,Cust08149,574,France,Female,18,4,7954.09,2,0,1,19.48,0
15008150,Cust08150,779,France,Male,38,9,11461.17,2,0,0,162.56,0
15008151,Cust08151,747,Germany,Female,24,10,118105.27,2,1,1,61.13,0
15008152,Cust08152,677,France,Male,31,0,0.0,1,1,1,50.82,0
15008153,Cust08153,821,France,Male,27,6,27592.45,2,1,1,132.91,0
15008154,Cust08154,604,Spain,Male,40,1,56611.83,4,0,0,52.57,0
15008155,Cust08155,686,France,Male,49,0,23701.59,2,0,0,129.29,0
15008156,Cust08156,590,France,Female,24,0,0.0,2,1,1,144.84,0
15008157,Cust08157,636,France,Male,48,6,174028.83,3,1,1,25.73,0
15008158,Cust08158,575,Germany,Male,60,0,38439.87,1,1,1,153.39,0
15008159,Cust08159,690,Spain,Female,24,5,251681.99,2,0,0,84.02,0
15008160,Cust08160,581,Spain,Male,55,6,105394.7,1,1,0,145.24,0
15008161,Cust08161,646,France,Male,32,7,73369.71,1,0,1,55.32,0
15008162,Cust08162,775,France,Female,33,5,76278.36,1,1,1,72.59,0
15008163,Cust08163,539,Germany,Male,31,10,126352.56,2,1,0,116.96,1
15008164,Cust08164,662,Germany,Male,33,3,20178.49,2,0,0,24.72,0
15008165,Cust08165,813,France,Female,42,3,89031.13,2,0,1,41.64,0
15008166,Cust08166,640,France,Male,35,6,38962.6,1,1,0,65.21,0
15008167,Cust08167,705,Spain,Male,21,2,129231.55,1,0,0,188.04,1
15008168,Cust08168,747,France,Female,50,10,10111.87,1,0,1,64.77,0
15008169,Cust08169,700,Germany,Female,38,3,41357.04,2,0,1,103.36,0
15008170,Cust08170,407,Spain,Female,42,9,0.0,1,1,1,77.99,0
15008171,Cust08171,673,France,Male,50,3,24149.27,2,0,1,109.68,0
15008172,Cust08172,546,France,Male,45,4,50569.45,3,0,0,51.05,1
15008173,Cust08173,490,France,Male,26,3,0.0,2,0,1,45.7,0
15008174,Cust08174,645,Germany,Female,29,3,233090.07,1,0,1,83.2,1
15008175,Cust08175,681,Germany,Female,58,7,148226.08,4,0,0,170.62,0
15008176,Cust08176,827,Germany,Male,43,2,85418.78,2,0,1,25.92,0
15008177,Cust08177,760,France,Female,47,1,25949.09,2,0,0,176.92,0
15008178,Cust08178,567,Germany,Male,54,7,159420.32,1,1,1,47.48,0
15008179,Cust08179,620,France,Male,30,5,147949.3,1,1,0,25.4,0
15008180,Cust08180,705,France,Male,40,6,130700.93,1,0,1,81.08,0
15008181,Cust08181,670,France,Male,39,2,145724.12,1,1,0,100.94,1
15008182,Cust08182,551,France,Male,50,9,0.0,4,0,0,120.36,1
15008183,Cust08183,575,Germany,Female,18,3,55867.67,1,0,0,75.93,1
15008184,Cust08184,661,France,Female,23,7,84043.62,1,1,1,122.66,0
15008185,Cust08185,504,France,Female,37,3,84108.28,1,0,0,97.63,0
15008186,Cust08186,514,Spain,Female,21,0,179329.87,1,1,1,134.28,0
15008187,Cust08187,690,Spain,Male,21,4,16989.71,3,1,1,77.73,0
15008188,Cust08188,772,Germany,Male,51,5,72623.34,1,1,1,195.09,1
15008189,Cust08189,501,France,Female,46,4,5140.0,1,1,0,148.34,0
15008190,Cust08190,735,France,Male,35,8,0.0,2,0,1,116.32,0
15008191,Cust08191,810,France,Male,45,6,18875.33,1,0,1,144.77,0
15008192,Cust08192,632,France,Male,53,1,110440.3,2,1,1,125.13,0
15008193,Cust08193,617,Spain,Male,33,4,74922.01,1,1,0,76.84,1
15008194,Cust08194,729,France,Male,27,3,0.0,4,1,1,125.96,0
15008195,Cust08195,566,Germany,Male,34,6,0.0,1,1,0,57.89,0
15008196,Cust08196,715,France,Female,34,10,49272.76,3,1,0,15.23,1
15008197,Cust08197,596,Germany,Male,23,3,76805.1,2,0,1,19.83,0
15008198,Cust08198,653,Germany,Female,41,6,62919.71,1,0,0,15.86,1
15008199,Cust08199,850,Germany,Male,18,6,43595.77,1,1,1,71.37,0
15008200,Cust08200,772,Spain,Male,44,0,104591.62,1,1,0,136.9,1
15008201,Cust08201,672,Germany,Female,34,8,172343.55,1,0,0,81.17,0
15008202,Cust08202,692,France,Female,40,7,195285.22,2,0,0,37.05,0
15008203,Cust08203,595,France,Male,62,6,94797.3,2,0,0,44.69,0
15008204,Cust08204,647,Spain,Male,34,9,154826.09,1,1,0,60.9,0
15008205,Cust08205,533,Germany,Female,20,7,89206.27,2,0,1,19.43,0
15008206,Cust08206,705,Germany,Male,58,7,115293.45,1,0,0,197.04,0
15008207,Cust08207,548,France,Female,42,0,0.0,1,1,0,95.56,0
15008208,Cust08208,663,Germany,Male,40,8,100572.97,2,0,0,97.35,0
15008209,Cust08209,643,Germany,Male,36,0,170101.91,2,1,0,21.56,0
15008210,Cust08210,800,France,Female,41,1,125856.35,3,0,1,170.4,0
15008211,Cust08211,576,France,Female,50,4,67554.45,1,0,0,115.28,1
15008212,Cust08212,642,Germany,Male,30,2,77397.81,1,0,1,153.29,0
15008213,Cust08213,690,France,Male,53,6,190936.6,1,1,1,100.65,0
15008214,Cust08214,850,France,Male,48,6,71356.23,1,1,0,158.77,1
15008215,Cust08215,703,France,Male,29,3,113442.36,2,0,0,80.36,0
15008216,Cust08216,726,Spain,Female,40,0,82536.73,2,0,0,145.98,0
15008217,Cust08217,685,Germany,Male,35,7,56668.54,1,1,1,172.06,0
15008218,Cust08218,562,Germany,Female,38,2,0.0,1,1,1,33.21,0
15008219,Cust08219,551,Spain,Female,63,0,93061.68,2,1,1,136.05,0
15008220,Cust08220,579,France,Male,22,6,97997.6,1,1,1,96.12,0
15008221,Cust08221,693,Spain,Female,39,7,96422.85,2,1,1,60.35,0
15008222,Cust08222,504,Spain,Male,38,6,0.0,1,0,1,110.81,0
15008223,Cust08223,528,Spain,Male,26,0,122299.41,3,1,1,116.74,0
15008224,Cust08224,573,France,Male,30,0,0.0,1,0,0,180.26,0
15008225,Cust08225,700,France,Female,46,4,153916.96,2,0,0,184.97,1
15008226,Cust08226,649,France,Male,47,2,118524.26,1,1,0,70.45,1
15008227,Cust08227,655,France,Female,29,10,39953.82,2,0,0,54.89,1
15008228,Cust08228,673,Germany,Male,50,2,158451.84,1,0,1,146.15,1
15008229,Cust08229,664,Germany,Female,33,5,112213.59,1,0,1,97.89,0
15008230,Cust08230,668,France,Female,38,5,132659.87,1,0,1,140.03,0
15008231,Cust08231,610,Spain,Female,22,0,0.0,2,0,1,158.6,1
15008232,Cust08232,638,Germany,Female,29,5,116467.25,2,1,0,126.02,1
15008233,Cust08233,618,Spain,Male,38,1,112493.93,1,0,0,112.88,0
15008234,Cust08234,734,France,Male,57,8,128832.31,2,1,1,46.93,0
15008235,Cust08235,717,Spain,Male,45,6,44378.07,2,0,0,126.98,1
15008236,Cust08236,605,Germany,Male,24,0,118983.94,1,0,1,55.15,1
15008237,Cust08237,606,France,Female,36,4,88318.03,1,0,1,186.4,0
15008238,Cust08238,517,Germany,Female,34,8,37881.49,1,0,0,22.0,0
15008239,Cust08239,563,France,Female,37,7,80032.02,2,0,1,80.07,0
15008240,Cust08240,621,Spain,Female,49,5,0.0,1,1,0,140.35,0
15008241,Cust08241,607,France,Male,27,9,0.0,2,0,0,97.6,0
15008242,Cust08242,773,Germany,Female,59,3,0.0,1,0,0,123.33,1
15008243,Cust08243,643,France,Male,30,2,84609.68,2,1,1,103.82,0
15008244,Cust08244,672,France,Male,23,4,46616.18,2,0,0,46.62,0
15008245,Cust08245,634,France,Female,44,5,90946.96,2,0,0,57.85,0
15008246,Cust08246,695,France,Female,45,8,49010.24,1,0,1,192.54,0
15008247,Cust08247,572,Germany,Male,36,4,71454.79,1,1,1,40.59,0
15008248,Cust08248,645,Germany,Female,61,3,83699.26,1,1,0,160.49,0
15008249,Cust08249,481,France,Female,45,6,97029.26,1,0,0,161.35,1
15008250,Cust08250,769,France,Male,37,9,0.0,2,0,1,13.54,0
15008251,Cust08251,548,Germany,Female,48,1,0.0,2,0,0,148.75,1
15008252,Cust08252,746,Spain,Male,47,0,118324.47,2,1,1,121.62,1
15008253,Cust08253,575,France,Female,31,3,103350.3,1,1,1,183.86,0
15008254,Cust08254,521,France,Male,34,2,73563.61,1,0,0,65.2,0
15008255,Cust08255,676,Germany,Male,36,8,98449.75,3,0,0,126.69,0
15008256,Cust08256,660,France,Male,47,2,165041.83,1,0,0,79.46,0
15008257,Cust08257,617,France,Female,29,0,43039.69,1,1,0,62.82,0
15008258,Cust08258,674,Spain,Male,35,0,139426.61,1,1,0,79.82,0
15008259,Cust08259,740,France,Male,26,9,94061.25,1,0,1,24.99,0
15008260,Cust08260,641,Germany,Female,63,5,62569.46,2,1,0,170.91,1
15008261,Cust08261,436,Germany,Male,42,10,71524.63,3,1,1,161.36,1
15008262,Cust08262,850,Spain,Female,32,8,124171.73,3,1,1,76.53,0
15008263,Cust08263,715,Germany,Male,47,2,191580.95,2,0,1,38.21,0
15008264,Cust08264,629,Germany,Female,32,2,0.0,2,0,0,136.36,0
15008265,Cust08265,723,Spain,Female,37,3,33910.05,1,0,1,166.32,0
15008266,Cust08266,566,France,Female,32,9,96886.23,1,0,0,144.16,0
15008267,Cust08267,768,France,Male,42,9,16970.24,1,0,0,37.97,0
15008268,Cust08268,565,Germany,Female,18,10,47635.58,1,1,1,20.52,0
15008269,Cust08269,617,Germany,Female,50,5,68585.31,1,1,1,46.39,1
15008270,Cust08270,718,Spain,Female,18,9,0.0,2,0,1,66.9,0
15008271,Cust08271,752,France,Female,38,8,172618.37,2,1,1,27.31,0
15008272,Cust08272,610,Germany,Female,59,0,0.0,1,1,0,74.99,0
15008273,Cust08273,780,France,Female,56,0,113880.97,1,0,0,172.79,0
15008274,Cust08274,613,Spain,Male,49,2,38664.88,3,1,1,126.0,0
15008275,Cust08275,706,France,Male,27,5,73972.75,1,0,0,62.06,1
15008276,Cust08276,788,Germany,Female,37,7,35458.15,1,0,1,193.16,0
15008277,Cust08277,638,France,Female,40,1,120354.71,2,0,1,49.14,0
15008278,Cust08278,750,France,Male,35,2,68024.57,1,0,0,103.04,0
15008279,Cust08279,639,Spain,Female,24,10,122316.41,2,0,1,106.04,0
15008280,Cust08280,602,France,Female,35,4,229293.24,1,0,0,179.8,0
15008281,Cust08281,640,France,Female,31,4,88678.51,2,1,1,14.35,1
15008282,Cust08282,722,Spain,Female,40,1,7944.47,1,0,1,82.88,0
15008283,Cust08283,565,France,Male,34,7,181525.3,1,1,1,172.9,0
15008284,Cust08284,483,Germany,Female,30,3,21513.85,1,1,0,168.19,0
15008285,Cust08285,728,Spain,Female,44,0,150292.1,1,1,0,94.49,1
15008286,Cust08286,777,France,Male,29,10,55623.53,2,0,1,45.1,0
15008287,Cust08287,612,France,Male,33,1,0.0,1,1,1,52.87,0
15008288,Cust08288,574,Germany,Male,32,10,103285.98,2,0,1,174.94,1
15008289,Cust08289,523,France,Male,34,1,27327.87,1,0,1,149.33,0
15008290,Cust08290,722,Germany,Female,26,8,140765.48,2,1,1,32.93,0
15008291,Cust08291,438,France,Female,56,9,105933.72,3,0,1,134.28,1
15008292,Cust08292,667,Germany,Male,28,0,79562.86,2,0,1,188.91,0
15008293,Cust08293,722,France,Male,35,9,0.0,2,0,1,104.85,0
15008294,Cust08294,712,Germany,Male,50,4,33636.31,1,1,0,108.3,0
15008295,Cust08295,492,Spain,Female,29,3,95903.31,2,0,1,32.63,0
15008296,Cust08296,792,France,Male,51,1,163833.84,1,1,1,159.89,1
15008297,Cust08297,680,Germany,Male,35,3,75591.88,1,1,0,59.85,0
15008298,Cust08298,583,Germany,Female,29,10,0.0,2,1,1,57.99,1
15008299,Cust08299,754,France,Female,37,2,156587.43,1,0,0,157.24,0
15008300,Cust08300,552,France,Male,36,4,41860.64,3,1,0,137.15,0
15008301,Cust08301,845,Spain,Female,42,6,45760.86,1,1,0,197.21,0
15008302,Cust08302,540,France,Female,44,0,33777.4,3,1,1,152.01,0
15008303,Cust08303,631,France,Male,56,6,0.0,2,0,0,171.74,1
15008304,Cust08304,565,France,Male,19,2,77695.27,2,0,0,153.04,0
15008305,Cust08305,706,France,Male,39,9,4690.45,1,1,1,156.12,1
15008306,Cust08306,518,Spain,Male,33,4,66482.56,1,0,1,74.28,0
15008307,Cust08307,630,Spain,Female,50,6,0.0,1,0,1,78.58,1
15008308,Cust08308,665,France,Male,32,0,18543.54,2,0,1,166.16,0
15008309,Cust08309,828,France,Female,35,6,47021.78,4,0,1,192.07,0
15008310,Cust08310,666,France,Male,59,9,82459.54,2,0,1,96.5,0
15008311,Cust08311,467,France,Male,29,7,131657.33,2,1,0,93.09,0
15008312,Cust08312,630,Spain,Female,36,2,65454.82,2,1,0,28.92,1
15008313,Cust08313,712,Spain,Female,30,10,30025.69,1,0,0,59.28,0
15008314,Cust08314,734,Spain,Female,18,1,83113.56,1,1,1,69.38,0
15008315,Cust08315,540,Spain,Female,35,10,1995.11,4,0,1,92.88,0
15008316,Cust08316,568,France,Male,40,2,21444.92,2,1,1,108.41,0
15008317,Cust08317,794,Spain,Female,33,0,145495.52,2,1,0,96.19,1
15008318,Cust08318,473,Germany,Female,58,8,0.0,3,0,0,91.37,1
15008319,Cust08319,752,France,Female,57,1,77030.16,3,1,1,137.26,0
15008320,Cust08320,677,Spain,Female,42,5,25351.84,1,0,0,67.75,0
15008321,Cust08321,634,France,Male,53,8,0.0,1,1,1,160.4,0
15008322,Cust08322,582,France,Female,26,0,140758.92,1,1,0,67.65,0
15008323,Cust08323,715,Germany,Male,21,10,146111.57,1,1,0,91.75,0
15008324,Cust08324,711,France,Female,37,3,94260.76,2,0,0,166.54,0
15008325,Cust08325,720,Spain,Female,30,6,0.0,2,0,1,160.67,0
15008326,Cust08326,641,France,Male,41,2,55216.81,2,0,1,86.71,0
15008327,Cust08327,506,Germany,Female,57,3,57925.76,2,1,1,67.92,1
15008328,Cust08328,619,Germany,Male,35,5,85127.95,2,0,1,157.06,0
15008329,Cust08329,850,Germany,Male,33,6,68700.77,2,1,0,172.31,0
15008330,Cust08330,731,Spain,Female,34,9,154836.47,1,1,0,149.35,0
15008331,Cust08331,684,Germany,Male,43,5,166218.86,4,0,0,80.11,1
15008332,Cust08332,621,France,Female,35,0,25104.11,1,0,1,194.32,0
15008333,Cust08333,634,France,Male,45,2,6863.59,2,0,0,43.68,0
15008334,Cust08334,546,Spain,Female,29,5,71034.21,2,0,1,143.31,0
15008335,Cust08335,630,Germany,Female,30,4,8584.83,2,0,1,182.62,0
15008336,Cust08336,660,Spain,Male,41,5,107492.47,1,0,0,154.59,0
15008337,Cust08337,514,France,Female,37,4,0.0,2,1,1,177.22,0
15008338,Cust08338,544,France,Male,45,4,119064.93,2,1,1,15.75,0
15008339,Cust08339,496,Germany,Female,35,6,107977.59,1,0,0,176.51,0
15008340,Cust08340,638,Germany,Female,28,8,128044.59,2,1,0,107.17,0
15008341,Cust08341,570,France,Male,18,5,60358.03,1,1,1,170.24,0
15008342,Cust08342,561,Germany,Male,29,7,73777.86,3,0,1,21.91,0
15008343,Cust08343,497,Germany,Female,46,10,104428.59,2,0,1,43.37,1
15008344,Cust08344,488,Spain,Male,33,2,122282.83,2,1,0,59.35,0
15008345,Cust08345,657,Germany,Male,37,0,60482.37,1,1,1,46.31,0
15008346,Cust08346,599,France,Male,42,1,109183.04,2,1,1,175.07,0
15008347,Cust08347,602,Spain,Female,24,3,55820.49,2,1,1,154.88,0
15008348,Cust08348,636,Germany,Male,42,10,10485.89,1,1,0,71.96,0
15008349,Cust08349,712,France,Female,39,5,167337.87,3,1,0,189.5,0
15008350,Cust08350,636,France,Female,65,7,84684.86,2,1,0,24.5,0
15008351,Cust08351,690,France,Female,37,1,83825.54,1,0,0,164.11,0
15008352,Cust08352,756,Spain,Male,39,7,0.0,2,1,0,56.01,0
15008353,Cust08353,582,France,Female,19,9,95143.29,2,1,1,105.07,0
15008354,Cust08354,684,Spain,Female,40,5,117370.27,2,1,1,151.42,0
15008355,Cust08355,685,France,Male,30,10,68910.11,3,1,0,98.22,1
15008356,Cust08356,629,Spain,Male,27,10,31985.34,2,1,1,19.91,0
15008357,Cust08357,663,Germany,Female,38,6,80861.9,3,1,1,56.16,1
15008358,Cust08358,748,France,Male,50,0,64910.81,2,1,0,25.12,0
15008359,Cust08359,719,France,Female,50,7,0.0,1,1,0,163.52,1
15008360,Cust08360,558,Germany,Male,53,6,131549.2,3,1,0,54.76,1
15008361,Cust08361,556,France,Male,35,4,87551.84,1,0,0,46.4,0
15008362,Cust08362,702,France,Female,55,8,158072.22,2,1,0,117.46,0
15008363,Cust08363,604,France,Female,31,6,129593.16,2,1,1,113.31,0
15008364,Cust08364,580,France,Male,47,9,83858.18,2,0,1,41.36,0
15008365,Cust08365,739,France,Female,40,4,37924.19,1,1,0,139.17,0
15008366,Cust08366,560,France,Female,41,5,62837.12,3,1,0,82.5,1
15008367,Cust08367,715,France,Female,33,7,81305.32,2,1,1,118.25,0
15008368,Cust08368,661,France,Male,34,0,113704.53,1,1,1,111.79,0
15008369,Cust08369,540,Spain,Female,34,10,170417.43,2,0,1,101.13,0
15008370,Cust08370,582,Spain,Male,44,8,140622.2,2,0,0,27.76,0
15008371,Cust08371,745,Germany,Male,31,6,52052.81,4,1,0,52.4,1
15008372,Cust08372,621,France,Female,55,6,117013.94,1,1,0,141.09,0
15008373,Cust08373,655,Germany,Male,47,7,0.0,2,0,0,190.32,1
15008374,Cust08374,472,France,Male,45,2,112635.29,1,1,1,69.08,0
15008375,Cust08375,492,Spain,Female,24,5,203992.13,2,0,0,178.03,0
15008376,Cust08376,687,France,Male,32,3,145861.72,1,1,0,12.51,1
15008377,Cust08377,627,Germany,Male,49,8,0.0,1,0,0,29.64,1
15008378,Cust08378,597,France,Male,53,5,0.0,1,1,0,104.85,0
15008379,Cust08379,721,France,Male,30,4,78567.44,2,0,1,198.47,0
15008380,Cust08380,580,Germany,Male,36,4,16539.23,2,1,0,147.89,0
15008381,Cust08381,553,France,Female,37,3,74676.74,1,1,0,142.72,0
15008382,Cust08382,842,France,Female,30,6,63081.31,1,1,0,149.9,0
15008383,Cust08383,592,Spain,Male,39,1,100532.53,1,0,0,179.86,0
15008384,Cust08384,660,France,Female,27,6,169702.21,1,0,0,30.75,0
15008385,Cust08385,504,France,Male,37,8,76473.75,2,1,1,105.79,0
15008386,Cust08386,512,Germany,Female,45,10,124406.87,1,0,0,49.42,0
15008387,Cust08387,757,Spain,Male,42,9,31123.31,1,1,0,90.89,0
15008388,Cust08388,621,Germany,Male,32,9,132626.42,2,0,0,106.65,1
15008389,Cust08389,697,Germany,Male,48,1,53879.65,3,1,0,106.29,0
15008390,Cust08390,565,France,Male,23,1,125964.57,1,1,1,64.93,0
15008391,Cust08391,537,France,Male,39,2,84435.05,1,0,1,62.06,0
15008392,Cust08392,752,Spain,Male,45,8,124185.7,1,0,0,128.7,0
15008393,Cust08393,662,Spain,Male,30,2,151585.99,1,0,1,127.03,0
15008394,Cust08394,683,Germany,Male,37,6,165184.29,1,0,1,181.13,0
15008395,Cust08395,799,France,Male,35,2,95370.03,1,1,1,120.52,0
15008396,Cust08396,803,France,Female,36,1,30043.9,2,0,1,82.65,0
15008397,Cust08397,789,France,Male,60,4,99931.43,1,0,0,34.95,0
15008398,Cust08398,597,France,Female,56,6,166407.93,2,1,0,38.8,0
15008399,Cust08399,605,France,Male,62,8,38170.95,1,1,0,170.94,0
15008400,Cust08400,669,Germany,Male,48,5,37617.47,1,1,1,103.85,0
15008401,Cust08401,656,France,Female,36,2,115444.56,3,1,1,81.09,1
15008402,Cust08402,592,France,Female,36,9,0.0,2,0,1,83.77,0
15008403,Cust08403,599,France,Male,28,7,122280.37,2,0,0,97.55,0
15008404,Cust08404,686,Spain,Male,56,1,122141.76,2,0,0,119.11,0
15008405,Cust08405,669,France,Male,33,2,96226.06,2,0,1,152.3,0
15008406,Cust08406,662,France,Female,39,2,209827.04,2,0,0,185.79,1
15008407,Cust08407,805,France,Male,38,2,64759.48,1,0,0,100.43,0
15008408,Cust08408,622,France,Male,29,2,101922.61,1,0,1,16.61,0
15008409,Cust08409,711,Spain,Male,44,8,82867.59,2,1,0,168.74,0
15008410,Cust08410,455,Germany,Male,37,1,32601.06,2,0,0,91.63,1
15008411,Cust08411,442,Germany,Male,31,3,0.0,2,0,1,180.78,0
15008412,Cust08412,604,Spain,Female,29,1,169015.93,1,0,1,95.47,1
15008413,Cust08413,565,France,Female,37,10,124873.36,1,0,0,168.39,1
15008414,Cust08414,762,Germany,Female,51,9,0.0,1,0,1,122.0,0
15008415,Cust08415,617,Spain,Female,29,8,34295.96,2,0,1,86.91,0
15008416,Cust08416,680,Germany,Male,34,3,10708.87,3,1,1,79.81,0
15008417,Cust08417,462,France,Female,29,10,38408.64,2,1,1,112.92,0
15008418,Cust08418,651,France,Female,32,4,20256.98,1,0,0,168.54,1
15008419,Cust08419,726,France,Male,37,5,0.0,2,1,1,102.0,0
15008420,Cust08420,556,France,Male,18,10,87041.06,2,1,0,54.88,0
15008421,Cust08421,636,Germany,Female,32,4,185308.58,2,0,0,66.56,0
15008422,Cust08422,639,Germany,Female,50,4,25612.93,2,1,0,121.25,0
15008423,Cust08423,643,France,Male,21,5,186999.17,1,1,1,27.4,0
15008424,Cust08424,664,Germany,Male,38,7,103762.79,2,0,1,50.41,0
15008425,Cust08425,850,France,Male,34,1,1072.06,1,0,1,119.77,0
15008426,Cust08426,725,Germany,Female,28,4,23624.93,2,1,1,87.37,0
15008427,Cust08427,588,Germany,Male,43,6,117255.96,2,0,1,20.35,0
15008428,Cust08428,518,France,Female,27,9,34066.55,1,0,1,123.36,1
15008429,Cust08429,667,France,Female,40,5,0.0,1,1,1,101.34,0
15008430,Cust08430,569,Germany,Male,18,0,0.0,1,1,0,78.25,0
15008431,Cust08431,642,Germany,Male,18,1,178306.34,2,1,1,48.11,1
15008432,Cust08432,569,France,Female,31,6,0.0,2,1,0,53.54,0
15008433,Cust08433,614,France,Female,57,7,94443.56,3,0,1,101.59,1
15008434,Cust08434,618,France,Male,22,2,122119.86,2,0,1,19.49,0
15008435,Cust08435,742,Germany,Female,40,1,90662.72,1,0,0,174.23,0
15008436,Cust08436,540,Germany,Female,32,4,124509.84,1,0,0,58.62,1
15008437,Cust08437,654,Spain,Female,35,5,29318.84,1,1,0,66.84,0
15008438,Cust08438,552,France,Female,51,7,149283.78,2,0,1,133.18,0
15008439,Cust08439,624,Spain,Female,38,1,114202.73,2,1,0,106.92,0
15008440,Cust08440,823,France,Female,27,9,23191.34,1,1,1,172.12,0
15008441,Cust08441,572,France,Male,25,9,85665.22,2,0,1,52.1,1
15008442,Cust08442,433,France,Female,21,7,101164.96,1,1,1,184.03,0
15008443,Cust08443,710,Spain,Female,43,0,31323.05,1,1,0,116.89,0
15008444,Cust08444,671,France,Male,37,6,113262.84,2,0,0,179.33,1
15008445,Cust08445,601,Spain,Female,51,2,91349.3,1,0,0,88.39,0
15008446,Cust08446,556,Germany,Male,30,0,0.0,2,1,1,41.83,0
15008447,Cust08447,553,Germany,Male,47,8,96588.68,1,0,1,44.32,0
15008448,Cust08448,488,France,Female,32,1,50865.39,2,0,1,182.33,0
15008449,Cust08449,643,Germany,Female,39,9,134619.23,1,0,1,187.31,0
15008450,Cust08450,582,France,Female,46,0,132035.75,1,1,1,121.07,1
15008451,Cust08451,499,France,Male,25,8,6008.32,2,1,1,30.63,0
15008452,Cust08452,571,France,Male,42,2,30121.99,1,1,1,39.05,0
15008453,Cust08453,790,Germany,Male,18,3,81391.1,1,0,0,25.27,1
15008454,Cust08454,777,France,Male,40,7,77461.95,2,0,0,119.53,1
15008455,Cust08455,754,Spain,Male,62,3,232892.53,1,1,0,72.49,1
15008456,Cust08456,710,France,Male,22,5,174372.42,3,0,1,19.46,0
15008457,Cust08457,563,Germany,Female,24,10,38077.24,1,1,1,51.33,1
15008458,Cust08458,507,Germany,Male,26,0,73395.99,2,1,1,199.1,0
15008459,Cust08459,743,Spain,Female,38,4,2316.99,1,1,1,86.48,0
15008460,Cust08460,745,France,Female,32,4,81992.54,1,0,1,167.51,0
15008461,Cust08461,566,France,Male,47,0,88671.64,1,0,1,189.16,0
15008462,Cust08462,688,France,Female,52,2,146400.06,1,0,1,103.55,0
15008463,Cust08463,665,Spain,Male,24,1,164524.63,3,0,1,89.98,1
15008464,Cust08464,616,France,Male,28,2,158793.3,2,0,0,175.74,0
15008465,Cust08465,850,Spain,Male,56,8,27776.22,2,1,0,90.82,1
15008466,Cust08466,642,France,Female,49,10,51172.38,1,0,1,39.58,1
15008467,Cust08467,691,France,Male,38,10,2164.04,2,0,1,119.41,0
15008468,Cust08468,719,France,Male,31,5,64099.28,3,1,1,81.49,0
15008469,Cust08469,498,France,Male,42,2,38728.01,1,1,1,118.31,0
15008470,Cust08470,645,France,Male,24,0,66647.77,2,1,0,39.5,0
15008471,Cust08471,520,Germany,Male,48,10,76361.09,1,0,0,161.32,1
15008472,Cust08472,570,France,Male,35,4,4876.37,1,1,1,153.21,1
15008473,Cust08473,635,France,Female,37,5,0.0,1,1,1,28.65,0
15008474,Cust08474,616,France,Female,54,9,0.0,2,1,1,95.48,0
15008475,Cust08475,595,France,Female,49,1,0.0,1,1,0,98.05,1
15008476,Cust08476,602,France,Female,28,2,109578.83,1,0,1,67.74,1
15008477,Cust08477,802,France,Male,21,7,0.0,1,1,0,114.74,1
15008478,Cust08478,699,France,Male,56,7,45711.07,1,0,0,17.52,0
15008479,Cust08479,793,France,Male,28,2,42323.26,1,0,1,155.98,0
15008480,Cust08480,590,Germany,Female,43,7,56630.13,2,1,0,134.49,1
15008481,Cust08481,686,Spain,Male,18,7,80476.3,1,0,1,50.18,0
15008482,Cust08482,776,France,Male,44,6,115171.87,2,1,1,76.25,0
15008483,Cust08483,647,France,Female,27,3,32089.48,2,1,0,58.55,0
15008484,Cust08484,602,France,Male,45,5,40715.55,1,1,0,171.22,0
15008485,Cust08485,540,France,Female,37,3,138183.01,1,0,1,180.18,0
15008486,Cust08486,606,France,Female,34,3,21493.98,1,1,1,140.16,0
15008487,Cust08487,712,France,Female,23,10,44123.39,1,1,1,104.39,0
15008488,Cust08488,557,France,Male,50,9,18301.73,2,1,0,93.39,1
15008489,Cust08489,532,France,Female,51,9,117001.72,2,0,1,197.0,0
15008490,Cust08490,595,Germany,Male,35,6,0.0,1,1,1,121.47,0
15008491,Cust08491,641,France,Female,49,10,49434.85,2,1,1,138.57,0
15008492,Cust08492,574,France,Female,45,7,98250.52,1,0,1,62.45,0
15008493,Cust08493,538,France,Male,34,5,100288.32,1,0,0,177.08,0
15008494,Cust08494,651,Germany,Male,38,7,46392.1,1,1,1,132.5,0
15008495,Cust08495,683,France,Female,52,2,46641.41,2,1,0,115.98,1
15008496,Cust08496,526,France,Male,36,6,29152.91,2,1,0,55.94,1
15008497,Cust08497,696,France,Male,38,4,136317.79,1,0,1,139.93,0
15008498,Cust08498,542,France,Male,31,4,30599.12,2,0,0,152.44,0
15008499,Cust08499,714,France,Female,27,3,125040.43,1,0,1,50.35,0
15008500,Cust08500,546,France,Female,41,7,208223.93,1,0,0,25.18,0
15008501,Cust08501,458,France,Female,48,3,170219.26,1,0,0,198.06,1
15008502,Cust08502,534,Spain,Male,47,1,143013.99,2,0,0,29.28,0
15008503,Cust08503,724,France,Male,18,3,98447.41,2,1,0,137.12,0
15008504,Cust08504,637,Germany,Male,38,0,0.0,3,1,0,18.12,0
15008505,Cust08505,768,Spain,Female,50,0,83493.45,2,1,1,183.24,0
15008506,Cust08506,504,Spain,Female,33,3,0.0,2,0,1,64.02,0
15008507,Cust08507,801,Spain,Male,34,3,0.0,2,0,0,61.01,0
15008508,Cust08508,691,Germany,Male,38,1,71786.33,2,1,0,182.27,1
15008509,Cust08509,659,France,Male,40,4,57833.96,1,1,1,170.52,0
15008510,Cust08510,753,Spain,Female,47,3,123858.3,2,0,1,143.94,1
15008511,Cust08511,665,France,Male,45,1,203895.64,2,1,0,101.57,0
15008512,Cust08512,657,France,Female,35,9,19436.39,1,0,0,51.41,1
15008513,Cust08513,593,Germany,Male,44,2,85320.08,1,0,1,147.59,0
15008514,Cust08514,784,Germany,Female,18,0,15032.2,2,1,0,105.14,0
15008515,Cust08515,712,France,Female,54,5,108618.9,1,1,0,56.43,0
15008516,Cust08516,656,France,Female,43,10,102406.75,3,0,1,92.43,1
15008517,Cust08517,673,Germany,Male,35,4,148817.26,1,1,1,136.6,0
15008518,Cust08518,544,Spain,Female,38,10,118966.85,2,0,0,190.02,1
15008519,Cust08519,583,France,Male,28,10,0.0,2,1,0,76.94,1
15008520,Cust08520,692,France,Female,52,4,255647.42,2,1,1,191.79,0
15008521,Cust08521,622,France,Female,18,5,148877.02,2,0,1,42.37,0
15008522,Cust08522,668,Spain,Male,43,0,34304.24,1,0,1,25.52,0
15008523,Cust08523,645,France,Female,40,6,35980.41,1,0,1,122.77,0
15008524,Cust08524,681,France,Female,31,8,179539.51,2,0,0,93.36,1
15008525,Cust08525,850,Germany,Male,32,0,0.0,1,0,0,160.83,0
15008526,Cust08526,602,France,Male,18,7,21009.84,2,0,1,111.0,0
15008527,Cust08527,575,Germany,Male,21,5,23817.39,2,1,1,190.7,0
15008528,Cust08528,614,France,Male,31,1,62803.72,1,1,1,181.0,0
15008529,Cust08529,513,France,Male,60,7,0.0,1,0,0,72.93,0
15008530,Cust08530,622,Spain,Male,37,10,144362.83,2,1,1,119.54,0
15008531,Cust08531,584,Spain,Male,22,3,0.0,1,0,1,122.92,1
15008532,Cust08532,677,France,Female,47,9,0.0,2,0,0,140.41,1
15008533,Cust08533,582,France,Male,52,7,156558.69,2,1,0,83.27,1
15008534,Cust08534,581,Spain,Female,29,0,82533.86,2,0,0,162.29,1
15008535,Cust08535,673,France,Female,26,0,20424.83,1,0,1,106.58,0
15008536,Cust08536,728,Germany,Female,47,2,175600.84,2,1,1,160.05,0
15008537,Cust08537,772,France,Female,46,4,68529.75,3,1,0,105.87,0
15008538,Cust08538,747,France,Female,67,7,15097.88,1,1,1,70.76,0
15008539,Cust08539,683,France,Male,45,0,64126.15,1,1,0,118.06,0
15008540,Cust08540,620,Spain,Male,20,5,48402.9,2,1,0,107.39,1
15008541,Cust08541,664,France,Female,36,6,69118.9,1,0,0,63.09,1
15008542,Cust08542,578,Germany,Male,50,1,45884.37,1,1,0,136.98,1
15008543,Cust08543,587,Spain,Female,49,5,77768.25,1,0,0,19.11,0
15008544,Cust08544,718,Spain,Male,38,0,160426.11,2,0,0,97.34,0
15008545,Cust08545,483,France,Male,36,7,64252.98,1,0,1,99.84,1
15008546,Cust08546,728,France,Male,18,7,30254.34,1,1,1,26.25,0
15008547,Cust08547,724,Germany,Female,35,10,192161.56,1,1,0,126.63,0
15008548,Cust08548,697,France,Male,25,6,0.0,1,1,1,161.83,0
15008549,Cust08549,614,France,Male,26,5,56794.31,2,0,1,11.42,0
15008550,Cust08550,542,Germany,Female,35,5,118738.41,2,0,1,197.42,1
15008551,Cust08551,753,Spain,Female,50,2,54090.07,1,0,1,106.42,1
15008552,Cust08552,525,France,Male,56,4,38111.48,3,0,0,131.61,0
15008553,Cust08553,579,France,Female,39,5,39876.13,1,0,1,97.8,0
15008554,Cust08554,537,France,Female,45,4,101991.45,2,0,0,93.56,0
15008555,Cust08555,559,France,Male,42,0,111965.69,2,0,0,189.45,0
15008556,Cust08556,561,Spain,Male,30,0,171807.82,2,1,1,95.59,0
15008557,Cust08557,695,Spain,Male,43,10,102399.26,2,1,1,166.22,0
15008558,Cust08558,695,Spain,Male,48,1,135287.45,1,1,0,87.32,0
15008559,Cust08559,588,Spain,Female,23,8,15341.19,2,1,1,75.96,0
15008560,Cust08560,522,Spain,Male,38,6,96999.64,2,0,1,158.23,0
15008561,Cust08561,664,France,Male,28,10,0.0,2,1,1,187.08,0
15008562,Cust08562,693,Germany,Female,39,1,97577.09,2,0,0,120.17,1
15008563,Cust08563,773,Spain,Female,39,2,118327.0,2,1,1,91.54,0
15008564,Cust08564,726,Germany,Male,38,5,132191.02,3,1,0,186.6,0
15008565,Cust08565,714,Germany,Female,34,8,0.0,2,1,0,178.3,1
15008566,Cust08566,850,Spain,Male,49,1,142454.1,1,1,1,23.33,1
15008567,Cust08567,672,Spain,Male,39,8,96702.65,2,0,1,66.56,0
15008568,Cust08568,835,France,Female,35,7,126775.38,1,0,1,97.87,0
15008569,Cust08569,679,France,Male,21,3,0.0,1,0,1,138.35,0
15008570,Cust08570,350,Spain,Male,38,9,78053.94,2,1,1,173.18,0
15008571,Cust08571,735,Germany,Female,29,7,96800.61,1,0,1,199.98,0
15008572,Cust08572,667,France,Male,38,10,20236.39,1,1,0,193.83,1
15008573,Cust08573,645,Spain,Female,58,8,164420.23,2,0,0,160.16,1
15008574,Cust08574,722,France,Female,31,7,45330.58,1,0,1,185.4,1
15008575,Cust08575,559,France,Male,38,6,79701.68,1,0,0,86.43,0
15008576,Cust08576,689,Germany,Female,29,3,92473.84,1,0,0,139.67,0
15008577,Cust08577,577,Spain,Female,43,3,110736.38,1,1,0,196.06,0
15008578,Cust08578,566,France,Male,45,6,0.0,1,1,1,160.61,0
15008579,Cust08579,645,Spain,Female,46,9,1547.51,2,0,0,31.64,0
15008580,Cust08580,539,Spain,Female,39,4,0.0,1,0,0,66.83,1
15008581,Cust08581,552,France,Male,49,9,31560.59,1,0,1,93.93,0
15008582,Cust08582,511,France,Female,25,7,135105.24,1,1,0,115.79,0
15008583,Cust08583,647,Spain,Male,33,9,50687.56,3,1,0,95.5,0
15008584,Cust08584,693,Spain,Male,31,0,38448.23,1,1,0,186.57,1
15008585,Cust08585,813,Spain,Male,40,3,34490.78,2,1,0,12.88,0
15008586,Cust08586,723,Germany,Female,39,7,103711.45,1,0,1,56.74,0
15008587,Cust08587,634,Germany,Female,44,10,20992.41,1,1,1,144.93,0
15008588,Cust08588,682,France,Male,50,9,95416.11,2,0,0,180.68,1
15008589,Cust08589,662,France,Female,46,7,0.0,2,1,0,83.33,1
15008590,Cust08590,575,France,Female,31,10,98094.47,2,0,1,63.77,1
15008591,Cust08591,850,Spain,Male,42,1,0.0,2,0,0,107.1,1
15008592,Cust08592,524,France,Male,49,7,37638.86,1,0,0,190.53,0
15008593,Cust08593,622,Spain,Female,36,5,22694.84,1,0,1,163.0,0
15008594,Cust08594,613,Spain,Female,32,8,91479.11,1,0,1,81.51,0
15008595,Cust08595,484,Spain,Female,43,6,104340.13,2,1,0,121.36,1
15008596,Cust08596,644,France,Female,38,4,104441.66,1,1,0,134.82,0
15008597,Cust08597,739,France,Female,23,1,0.0,3,1,1,172.16,1
15008598,Cust08598,764,France,Female,49,0,93664.69,3,1,1,63.85,0
15008599,Cust08599,605,Germany,Female,49,5,66176.91,1,0,1,85.51,0
15008600,Cust08600,595,Germany,Male,61,10,73023.83,1,0,0,123.03,1
15008601,Cust08601,717,France,Female,33,6,257260.33,1,0,0,171.16,0
15008602,Cust08602,674,Germany,Male,34,6,42262.11,2,0,1,87.25,0
15008603,Cust08603,653,France,Male,44,2,31247.69,1,0,0,13.33,0
15008604,Cust08604,583,France,Male,48,9,61989.8,1,1,0,117.7,1
15008605,Cust08605,713,France,Female,39,0,608.12,2,1,1,115.09,0
15008606,Cust08606,539,Germany,Female,42,1,31266.08,2,1,0,99.49,0
15008607,Cust08607,545,Germany,Female,36,2,83907.71,2,0,0,129.55,0
15008608,Cust08608,718,Spain,Female,63,0,2694.35,1,0,1,104.28,1
15008609,Cust08609,582,France,Male,48,7,5195.72,1,1,1,112.74,0
15008610,Cust08610,660,Spain,Male,40,10,0.0,1,1,0,152.28,1
15008611,Cust08611,566,France,Male,60,4,155991.94,1,0,0,184.9,1
15008612,Cust08612,664,France,Male,49,3,85151.15,3,1,1,33.33,0
15008613,Cust08613,532,Germany,Male,49,7,135649.14,1,0,1,44.48,1
15008614,Cust08614,455,France,Male,48,4,90602.26,1,1,0,60.26,0
15008615,Cust08615,708,Germany,Male,37,2,163335.85,2,1,1,67.33,0
15008616,Cust08616,626,Germany,Female,45,4,94975.43,1,0,1,58.92,0
15008617,Cust08617,523,Germany,Female,31,2,80735.75,1,1,0,179.37,0
15008618,Cust08618,779,Germany,Female,24,6,0.0,1,1,0,132.58,0
15008619,Cust08619,645,France,Male,39,1,5837.66,1,0,1,129.16,0
15008620,Cust08620,510,France,Female,50,5,144739.65,2,1,1,133.04,0
15008621,Cust08621,690,France,Female,53,7,134537.92,1,1,1,185.05,0
15008622,Cust08622,537,France,Female,51,7,69859.01,2,0,0,135.49,1
15008623,Cust08623,493,Spain,Female,31,9,0.0,2,1,0,136.16,1
15008624,Cust08624,686,France,Male,27,2,87289.15,1,1,1,90.46,0
15008625,Cust08625,628,France,Female,27,4,42926.7,2,0,0,127.89,0
15008626,Cust08626,629,France,Male,61,4,166207.25,2,0,1,51.21,0
15008627,Cust08627,692,France,Male,35,5,143749.73,2,0,0,161.47,0
15008628,Cust08628,645,France,Female,40,6,168674.22,2,1,0,74.91,0
15008629,Cust08629,506,France,Female,33,5,152264.5,1,1,0,113.3,1
15008630,Cust08630,661,France,Male,40,4,12191.94,1,0,1,33.23,0
15008631,Cust08631,670,Germany,Female,26,0,43348.73,2,0,1,144.61,0
15008632,Cust08632,557,Germany,Male,49,3,8606.24,3,1,0,88.52,1
15008633,Cust08633,653,Spain,Female,24,2,35000.43,3,0,0,60.95,0
15008634,Cust08634,850,Spain,Female,19,0,90388.04,3,0,0,84.91,0
15008635,Cust08635,623,Spain,Male,43,5,45211.48,1,1,1,100.24,0
15008636,Cust08636,832,France,Female,34,1,79782.99,2,1,0,161.63,0
15008637,Cust08637,664,France,Male,33,6,0.0,2,0,0,131.3,1
15008638,Cust08638,692,France,Male,49,3,14132.46,1,0,0,63.3,1
15008639,Cust08639,732,France,Male,58,6,65027.9,1,1,1,69.25,0
15008640,Cust08640,711,Spain,Male,57,7,95084.53,2,0,1,93.96,0
15008641,Cust08641,705,France,Male,50,1,43275.48,1,1,1,150.5,0
15008642,Cust08642,526,Germany,Female,51,1,157025.35,1,0,1,82.7,1
15008643,Cust08643,648,France,Male,40,8,61673.06,2,1,1,80.99,1
15008644,Cust08644,783,France,Female,63,10,121783.6,2,1,1,109.15,0
15008645,Cust08645,543,France,Male,35,2,68873.6,1,0,0,169.8,0
15008646,Cust08646,606,France,Female,27,6,44418.8,2,0,0,188.18,0
15008647,Cust08647,553,Germany,Female,44,2,26551.06,1,0,1,178.84,0
15008648,Cust08648,691,France,Female,34,0,74519.99,1,1,1,121.7,0
15008649,Cust08649,572,Spain,Male,48,5,29166.52,2,1,1,45.11,0
15008650,Cust08650,688,France,Male,28,9,35977.75,1,0,0,190.86,0
15008651,Cust08651,850,Spain,Male,44,10,141156.02,1,0,0,48.06,0
15008652,Cust08652,526,France,Female,32,9,79718.11,1,1,1,187.17,0
15008653,Cust08653,601,France,Male,35,7,1993.4,2,1,1,48.83,0
15008654,Cust08654,625,France,Female,45,4,139679.94,2,0,1,89.83,0
15008655,Cust08655,734,Germany,Female,38,1,30399.61,1,1,1,91.84,0
15008656,Cust08656,581,Germany,Male,30,7,53987.99,2,0,0,35.31,0
15008657,Cust08657,615,France,Female,21,10,79004.12,2,1,1,150.14,0
15008658,Cust08658,703,France,Female,36,6,85309.09,1,0,0,176.89,0
15008659,Cust08659,671,Spain,Male,35,8,88479.38,1,0,1,61.81,0
15008660,Cust08660,602,France,Male,37,10,0.0,1,0,1,107.81,0
15008661,Cust08661,578,Spain,Male,58,9,105712.11,1,1,0,87.46,0
15008662,Cust08662,742,Germany,Male,43,8,47609.84,2,0,1,34.07,0
15008663,Cust08663,617,France,Female,44,0,70148.16,1,0,1,91.16,0
15008664,Cust08664,605,France,Male,18,6,163024.39,1,0,0,114.44,1
15008665,Cust08665,648,France,Male,34,9,92717.65,2,0,1,26.17,0
15008666,Cust08666,695,France,Male,44,3,0.0,2,0,1,39.84,0
15008667,Cust08667,721,France,Male,62,9,36349.05,2,1,0,175.29,0
15008668,Cust08668,601,France,Female,52,3,133061.45,2,0,0,171.27,0
15008669,Cust08669,727,Spain,Female,42,7,0.0,3,1,1,54.33,0
15008670,Cust08670,754,France,Female,41,6,0.0,2,0,0,73.28,0
15008671,Cust08671,569,Spain,Female,36,8,166093.16,2,1,1,75.16,0
15008672,Cust08672,706,France,Female,36,8,74205.3,1,0,1,174.7,0
15008673,Cust08673,666,Germany,Female,45,8,5599.74,2,0,1,96.5,0
15008674,Cust08674,614,Spain,Female,40,9,173471.83,1,0,1,167.68,0
15008675,Cust08675,720,Spain,Female,18,4,150193.32,1,1,1,170.28,0
15008676,Cust08676,762,France,Female,46,4,74572.76,1,0,1,133.9,0
15008677,Cust08677,760,Spain,Male,44,3,35353.89,1,1,0,184.79,0
15008678,Cust08678,686,France,Male,30,10,85807.38,2,1,1,62.73,0
15008679,Cust08679,552,France,Female,53,1,98107.15,2,0,1,164.7,0
15008680,Cust08680,773,Spain,Male,21,2,33377.66,3,1,0,154.84,1
15008681,Cust08681,755,Spain,Female,31,4,89397.88,2,1,1,65.16,0
15008682,Cust08682,507,Germany,Male,35,6,72152.6,1,0,1,117.5,1
15008683,Cust08683,605,France,Male,39,3,29131.01,2,0,0,104.98,0
15008684,Cust08684,763,France,Male,37,1,108096.42,2,0,0,177.12,0
15008685,Cust08685,634,France,Female,57,8,116358.01,1,0,1,38.21,0
15008686,Cust08686,771,Spain,Female,41,1,176553.2,2,1,0,135.08,0
15008687,Cust08687,580,France,Female,33,0,118262.93,1,1,0,152.55,1
15008688,Cust08688,736,Germany,Male,39,9,45620.1,4,1,1,89.28,1
15008689,Cust08689,386,France,Male,18,9,0.0,1,0,0,127.8,0
15008690,Cust08690,593,Spain,Female,39,5,98425.1,2,1,1,66.93,0
15008691,Cust08691,576,France,Male,47,5,16848.32,1,1,0,168.3,0
15008692,Cust08692,570,Germany,Male,31,2,36103.72,2,1,1,38.46,0
15008693,Cust08693,558,Spain,Male,41,7,105989.79,1,1,0,11.35,1
15008694,Cust08694,803,France,Male,42,7,63507.5,1,1,1,22.77,0
15008695,Cust08695,722,France,Female,22,3,192925.26,1,1,0,23.7,0
15008696,Cust08696,451,France,Male,44,5,135109.46,2,1,1,18.83,0
15008697,Cust08697,641,Spain,Male,53,7,191179.0,1,1,0,141.97,1
15008698,Cust08698,808,France,Female,42,6,123378.4,1,1,0,116.2,1
15008699,Cust08699,521,Spain,Female,54,1,0.0,2,1,1,133.87,0
15008700,Cust08700,751,France,Male,42,1,127376.46,2,1,1,106.63,0
15008701,Cust08701,594,France,Female,36,6,2175.15,2,1,0,31.97,0
15008702,Cust08702,799,Germany,Male,47,0,100635.5,1,1,0,155.94,1
15008703,Cust08703,629,France,Male,19,8,132281.37,2,0,1,44.45,1
15008704,Cust08704,575,France,Female,35,10,107887.62,2,1,1,187.52,0
15008705,Cust08705,598,Germany,Male,25,9,0.0,2,1,1,87.45,0
15008706,Cust08706,712,Germany,Male,44,7,3970.85,2,0,0,168.06,0
15008707,Cust08707,796,France,Female,41,6,61312.25,1,1,1,35.53,0
15008708,Cust08708,614,France,Female,48,10,123076.88,1,0,1,135.31,0
15008709,Cust08709,710,Spain,Male,38,0,173267.86,1,0,0,125.02,1
15008710,Cust08710,566,France,Male,39,9,27607.83,1,0,0,180.42,0
15008711,Cust08711,621,Spain,Female,39,10,101227.54,2,0,1,20.47,0
15008712,Cust08712,544,France,Male,18,4,656.89,1,0,1,168.45,1
15008713,Cust08713,629,Germany,Female,40,1,262164.45,3,0,1,21.84,0
15008714,Cust08714,603,Germany,Female,29,7,225097.9,1,0,1,36.36,0
15008715,Cust08715,614,France,Female,43,0,192306.46,2,1,0,82.76,0
15008716,Cust08716,593,France,Male,31,2,173300.69,2,1,0,90.27,0
15008717,Cust08717,679,Spain,Female,28,4,48445.1,1,0,1,114.66,0
15008718,Cust08718,647,Spain,Male,45,5,126380.87,1,1,0,36.67,0
15008719,Cust08719,499,Germany,Female,35,1,138984.31,1,1,0,154.31,1
15008720,Cust08720,627,Spain,Male,36,1,19964.6,1,1,0,56.55,1
15008721,Cust08721,475,Spain,Male,38,2,0.0,1,0,1,191.29,0
15008722,Cust08722,545,Spain,Female,55,10,111184.12,1,0,0,56.87,0
15008723,Cust08723,622,Spain,Female,34,8,143467.38,2,1,0,115.07,0
15008724,Cust08724,758,France,Female,39,5,132466.75,2,1,1,77.32,1
15008725,Cust08725,686,Spain,Male,25,1,132446.46,2,1,1,164.92,0
15008726,Cust08726,745,France,Male,35,9,66474.06,2,1,1,161.5,0
15008727,Cust08727,784,France,Female,41,5,93504.56,2,1,1,86.59,0
15008728,Cust08728,717,Spain,Male,33,3,129133.09,1,1,0,51.24,0
15008729,Cust08729,624,Germany,Female,46,5,104821.67,3,0,0,89.12,1
15008730,Cust08730,839,France,Male,38,1,128932.25,2,1,1,38.6,0
15008731,Cust08731,723,Germany,Male,31,8,30508.75,1,0,0,76.03,0
15008732,Cust08732,734,France,Male,54,0,26465.02,1,0,1,24.15,0
15008733,Cust08733,667,Germany,Female,29,5,98359.27,2,0,0,199.61,0
15008734,Cust08734,599,France,Male,34,1,148248.72,2,1,0,113.31,0
15008735,Cust08735,626,France,Female,24,5,127954.07,2,0,1,25.65,0
15008736,Cust08736,715,Germany,Male,43,1,10290.68,1,1,0,32.05,1
15008737,Cust08737,499,France,Male,30,0,73827.42,1,1,1,198.67,0
15008738,Cust08738,471,Germany,Female,25,3,30031.49,2,1,0,183.85,1
15008739,Cust08739,655,Spain,Female,39,6,66266.06,2,0,0,112.8,0
15008740,Cust08740,615,France,Male,39,5,0.0,1,0,0,140.74,0
15008741,Cust08741,672,France,Male,48,7,174954.54,1,0,0,148.28,1
15008742,Cust08742,800,Germany,Female,45,3,58531.11,1,0,0,72.68,0
15008743,Cust08743,588,France,Male,32,7,56786.77,4,1,0,53.58,1
15008744,Cust08744,698,Germany,Female,37,1,0.0,2,1,0,177.92,0
15008745,Cust08745,628,Spain,Male,48,10,113669.81,1,1,1,127.03,0
15008746,Cust08746,689,France,Male,36,9,14607.35,2,0,0,173.52,0
15008747,Cust08747,707,Spain,Male,50,0,98782.94,1,0,1,99.93,0
15008748,Cust08748,611,Germany,Female,50,5,0.0,2,1,0,16.41,1
15008749,Cust08749,831,France,Female,34,7,58392.0,1,1,1,52.7,0
15008750,Cust08750,709,France,Female,43,4,0.0,2,1,0,70.36,0
15008751,Cust08751,673,Germany,Male,33,2,85927.59,2,1,0,101.2,0
15008752,Cust08752,627,Germany,Male,54,3,69218.68,2,1,1,190.75,1
15008753,Cust08753,609,France,Female,45,6,30640.68,1,1,1,110.0,0
15008754,Cust08754,532,Germany,Male,30,7,75349.78,1,0,0,109.78,0
15008755,Cust08755,703,France,Female,44,8,0.0,1,1,1,99.21,0
15008756,Cust08756,622,France,Female,40,8,22372.36,2,1,0,48.9,0
15008757,Cust08757,850,France,Male,44,10,131209.15,2,0,0,51.2,0
15008758,Cust08758,757,Germany,Female,21,2,137214.28,1,1,0,43.1,1
15008759,Cust08759,510,Spain,Female,39,6,135972.57,1,1,0,119.55,0
15008760,Cust08760,694,France,Female,46,0,135682.42,2,1,1,154.38,0
15008761,Cust08761,629,France,Male,45,1,154188.59,1,1,1,41.41,0
15008762,Cust08762,621,France,Male,45,0,9668.32,1,1,0,193.25,1
15008763,Cust08763,578,Germany,Female,40,4,93212.4,2,0,0,159.61,0
15008764,Cust08764,686,France,Female,64,0,23469.75,1,0,1,183.59,0
15008765,Cust08765,735,Germany,Male,62,8,95917.05,2,0,1,180.83,1
15008766,Cust08766,687,Germany,Male,30,7,161118.57,2,1,0,162.16,0
15008767,Cust08767,633,France,Male,52,0,90274.52,3,1,1,128.62,1
15008768,Cust08768,725,France,Female,38,6,133151.56,3,0,1,27.75,0
15008769,Cust08769,679,Germany,Female,63,0,142750.29,1,1,0,127.12,1
15008770,Cust08770,845,France,Female,30,4,153589.13,2,1,1,101.43,0
15008771,Cust08771,783,France,Female,29,9,144303.83,1,0,0,81.6,0
15008772,Cust08772,648,Spain,Female,31,2,14457.87,1,1,0,92.48,0
15008773,Cust08773,548,France,Female,51,8,128477.62,1,1,0,105.54,0
15008774,Cust08774,544,Germany,Female,43,4,53184.0,2,1,1,80.54,0
15008775,Cust08775,457,France,Male,18,10,197730.34,1,0,1,123.12,0
15008776,Cust08776,588,Spain,Male,38,3,27927.12,1,0,1,38.11,0
15008777,Cust08777,518,Germany,Female,47,2,111112.09,4,1,0,147.15,0
15008778,Cust08778,661,France,Male,49,0,43523.25,1,0,1,145.38,0
15008779,Cust08779,824,France,Female,79,0,123888.81,1,1,1,169.19,1
15008780,Cust08780,647,Germany,Male,45,6,135189.06,3,0,1,27.73,0
15008781,Cust08781,505,Germany,Female,29,1,71171.81,2,0,0,48.92,0
15008782,Cust08782,540,Spain,Female,33,3,0.0,4,1,0,85.14,1
15008783,Cust08783,763,France,Male,48,8,168328.23,1,1,1,125.62,0
15008784,Cust08784,721,Germany,Female,33,4,6151.16,2,0,1,186.78,0
15008785,Cust08785,813,France,Male,40,4,115422.8,1,1,0,80.61,0
15008786,Cust08786,551,Germany,Male,29,2,197328.06,1,1,0,37.64,1
15008787,Cust08787,850,France,Male,36,3,29557.09,2,0,0,68.29,1
15008788,Cust08788,627,France,Male,21,10,132864.27,1,1,1,159.41,0
15008789,Cust08789,590,France,Female,40,5,145990.09,1,1,0,178.98,1
15008790,Cust08790,579,Spain,Female,47,5,13205.43,1,1,0,43.15,0
15008791,Cust08791,702,France,Female,51,0,188133.78,1,1,1,124.1,0
15008792,Cust08792,649,Spain,Male,31,3,84361.33,3,1,1,92.96,0
15008793,Cust08793,683,Spain,Male,29,5,0.0,1,1,0,138.85,1
15008794,Cust08794,536,France,Male,40,4,136890.98,1,0,1,90.93,0
15008795,Cust08795,569,France,Female,31,8,0.0,2,0,0,180.52,1
15008796,Cust08796,850,France,Male,40,0,55211.29,1,0,0,73.31,1
15008797,Cust08797,644,France,Male,51,7,121321.82,1,0,1,101.84,0
15008798,Cust08798,558,Spain,Male,36,8,40789.54,1,0,0,67.8,0
15008799,Cust08799,450,France,Male,31,2,69682.47,1,0,0,35.06,1
15008800,Cust08800,578,Spain,Male,35,10,89311.32,2,1,0,187.8,0
15008801,Cust08801,628,France,Male,45,3,42839.54,2,0,1,22.62,0
15008802,Cust08802,706,France,Male,20,8,70129.59,1,1,0,153.89,0
15008803,Cust08803,646,France,Male,46,5,133014.81,3,1,0,118.95,0
15008804,Cust08804,792,France,Female,38,8,67702.65,2,0,1,94.46,0
15008805,Cust08805,607,Spain,Female,22,7,25221.5,2,1,0,18.52,0
15008806,Cust08806,823,Spain,Male,35,2,50656.14,1,1,1,85.52,0
15008807,Cust08807,775,Germany,Female,34,9,101522.21,2,1,1,86.08,0
15008808,Cust08808,620,France,Male,25,10,89727.46,2,0,0,124.01,0
15008809,Cust08809,472,Germany,Female,43,4,0.0,4,0,1,24.02,0
15008810,Cust08810,646,Spain,Male,51,4,37040.69,2,0,1,113.77,1
15008811,Cust08811,713,Spain,Male,29,5,52719.97,2,1,1,103.41,0
15008812,Cust08812,405,France,Male,33,4,20664.32,1,0,1,164.8,0
15008813,Cust08813,639,France,Female,28,4,13512.15,1,1,1,196.44,0
15008814,Cust08814,734,Germany,Male,39,10,82987.31,2,1,0,63.07,1
15008815,Cust08815,654,France,Female,49,0,127907.14,2,0,0,49.52,0
15008816,Cust08816,497,France,Female,46,6,173040.28,2,1,1,28.47,0
15008817,Cust08817,712,France,Female,52,9,14241.59,1,1,1,177.71,1
15008818,Cust08818,492,France,Female,51,1,57348.42,1,0,0,107.8,1
15008819,Cust08819,681,France,Female,41,9,65457.52,1,1,1,182.48,0
15008820,Cust08820,691,Germany,Male,34,2,73911.24,2,1,0,143.85,0
15008821,Cust08821,550,France,Male,39,6,187097.02,1,1,1,24.12,0
15008822,Cust08822,633,Spain,Female,28,1,100313.78,2,1,1,148.65,0
15008823,Cust08823,566,Spain,Female,36,6,227112.89,2,0,1,137.22,0
15008824,Cust08824,705,Germany,Male,43,10,92211.86,1,1,0,153.07,0
15008825,Cust08825,699,France,Female,40,5,81874.52,3,0,1,193.8,0
15008826,Cust08826,717,France,Female,44,3,43414.58,1,0,1,32.05,1
15008827,Cust08827,728,France,Male,18,1,160242.1,2,0,0,76.32,1
15008828,Cust08828,678,Germany,Female,33,3,204853.23,2,1,0,156.37,0
15008829,Cust08829,720,France,Female,37,9,87860.56,3,0,0,115.16,0
15008830,Cust08830,640,Spain,Male,38,4,71387.87,1,0,1,77.45,0
15008831,Cust08831,747,Germany,Male,58,1,18604.63,1,1,0,108.68,1
15008832,Cust08832,722,Germany,Male,18,1,107136.62,1,1,1,169.53,0
15008833,Cust08833,554,Spain,Female,39,6,110491.07,1,0,1,12.45,0
15008834,Cust08834,499,France,Male,24,1,83059.75,2,1,0,114.44,0
15008835,Cust08835,612,France,Female,37,0,45292.58,1,0,1,197.75,0
15008836,Cust08836,496,Germany,Female,47,4,141235.24,1,0,0,187.58,0
15008837,Cust08837,770,Spain,Male,28,3,155751.04,2,1,0,77.57,0
15008838,Cust08838,753,Spain,Male,36,7,166063.76,1,0,1,30.06,0
15008839,Cust08839,769,Spain,Female,45,3,81853.17,1,0,1,124.78,0
15008840,Cust08840,611,Germany,Female,56,4,83613.34,2,0,1,147.46,1
15008841,Cust08841,609,France,Female,24,7,107126.83,1,1,1,18.69,0
15008842,Cust08842,618,France,Male,30,7,114048.22,1,0,0,177.72,0
15008843,Cust08843,611,Spain,Male,47,1,21309.35,1,1,0,89.82,0
15008844,Cust08844,492,France,Female,31,7,141080.6,2,0,1,138.6,0
15008845,Cust08845,524,France,Female,35,8,0.0,2,1,0,107.81,1
15008846,Cust08846,692,France,Male,33,3,43969.94,1,0,1,98.23,0
15008847,Cust08847,576,Germany,Female,33,7,63681.77,1,1,1,36.64,0
15008848,Cust08848,552,Spain,Male,31,0,29305.14,1,0,0,51.38,0
15008849,Cust08849,587,Germany,Female,33,9,36324.47,2,1,1,141.11,0
15008850,Cust08850,649,France,Female,32,6,152423.43,3,1,1,23.79,0
15008851,Cust08851,743,Germany,Male,38,7,33061.03,3,0,1,133.97,0
15008852,Cust08852,599,France,Female,40,9,65844.78,2,0,1,174.75,0
15008853,Cust08853,596,Germany,Male,41,0,83993.72,2,0,0,163.09,0
15008854,Cust08854,502,Germany,Male,29,3,233606.11,1,0,1,155.32,1
15008855,Cust08855,640,Spain,Male,28,9,90506.02,1,0,1,172.78,0
15008856,Cust08856,702,France,Female,50,4,9923.73,3,1,0,129.47,0
15008857,Cust08857,573,Germany,Male,35,10,117245.85,3,1,0,27.22,1
15008858,Cust08858,366,Spain,Female,37,8,221630.31,2,1,0,27.11,0
15008859,Cust08859,836,Germany,Female,58,4,133862.24,2,0,0,137.3,1
15008860,Cust08860,539,Spain,Male,28,3,0.0,1,0,1,68.6,0
15008861,Cust08861,850,France,Female,25,2,29459.29,2,1,0,25.83,0
15008862,Cust08862,689,Spain,Male,43,1,79034.96,1,1,0,74.53,0
15008863,Cust08863,495,Spain,Female,39,0,135162.59,2,1,1,46.89,0
15008864,Cust08864,780,France,Female,36,3,161314.44,2,1,0,53.08,1
15008865,Cust08865,626,France,Female,44,2,20875.31,1,1,0,144.32,0
15008866,Cust08866,694,France,Male,18,2,221196.87,1,0,0,168.39,1
15008867,Cust08867,452,Germany,Male,25,3,58910.87,2,0,1,199.63,0
15008868,Cust08868,707,Germany,Male,42,6,0.0,2,0,1,145.91,0
15008869,Cust08869,697,Germany,Male,32,8,226257.38,3,1,1,71.14,1
15008870,Cust08870,638,France,Male,49,2,115289.22,2,0,0,154.55,0
15008871,Cust08871,641,Spain,Male,42,10,0.0,1,1,1,187.46,0
15008872,Cust08872,496,Spain,Male,55,3,48588.37,1,1,0,106.65,1
15008873,Cust08873,849,France,Female,32,0,71404.73,1,0,1,96.65,0
15008874,Cust08874,742,Germany,Female,35,4,54220.63,4,1,0,108.61,0
15008875,Cust08875,803,France,Male,54,2,0.0,1,0,0,49.31,0
15008876,Cust08876,725,Germany,Female,27,0,89868.13,1,0,0,88.83,1
15008877,Cust08877,729,Germany,Male,37,1,945.74,1,0,1,155.54,0
15008878,Cust08878,717,Germany,Male,41,4,0.0,4,1,0,152.75,1
15008879,Cust08879,823,France,Male,52,4,101084.3,2,0,1,120.04,0
15008880,Cust08880,753,France,Male,26,9,135084.53,2,1,0,38.14,0
15008881,Cust08881,581,Germany,Male,18,5,83267.47,2,1,0,161.74,0
15008882,Cust08882,789,Germany,Male,38,4,104440.86,3,0,1,184.62,0
15008883,Cust08883,850,Spain,Female,43,1,71401.7,2,1,0,157.48,0
15008884,Cust08884,569,France,Male,43,9,37087.81,2,0,0,64.06,0
15008885,Cust08885,662,Germany,Male,49,1,21248.59,2,1,0,37.47,1
15008886,Cust08886,466,France,Male,54,4,83831.92,2,0,0,83.68,0
15008887,Cust08887,781,Spain,Female,30,2,0.0,2,0,0,150.67,0
15008888,Cust08888,702,France,Male,45,7,43894.51,1,1,0,145.75,0
15008889,Cust08889,715,Spain,Male,37,9,87489.5,2,1,0,146.75,1
15008890,Cust08890,514,Germany,Female,58,6,51835.1,1,1,0,199.21,0
15008891,Cust08891,563,France,Male,35,2,62405.06,2,1,1,145.75,0
15008892,Cust08892,770,France,Male,60,5,16238.93,4,1,0,73.63,1
15008893,Cust08893,716,France,Male,35,4,44201.22,2,1,0,45.9,0
15008894,Cust08894,610,France,Female,47,8,186750.0,1,1,1,105.15,0
15008895,Cust08895,617,Spain,Male,35,10,37620.23,3,0,0,119.04,0
15008896,Cust08896,623,France,Male,18,4,25358.79,1,1,0,125.93,0
15008897,Cust08897,748,France,Female,38,5,5597.13,2,0,1,44.03,0
15008898,Cust08898,545,Spain,Male,32,2,98615.61,1,1,0,111.77,0
15008899,Cust08899,761,France,Male,31,4,91401.55,1,0,1,70.43,0
15008900,Cust08900,763,France,Female,21,0,53293.12,1,1,1,48.62,0
15008901,Cust08901,564,France,Male,28,7,0.0,1,0,0,153.09,0
15008902,Cust08902,518,Spain,Female,37,3,78143.3,1,1,0,50.01,1
15008903,Cust08903,674,France,Male,20,0,150269.92,2,0,1,144.76,0
15008904,Cust08904,576,Spain,Male,37,3,116553.79,1,0,0,193.45,0
15008905,Cust08905,714,Spain,Male,50,10,18718.38,1,1,1,81.67,0
15008906,Cust08906,470,France,Male,29,4,51446.31,1,1,1,138.51,0
15008907,Cust08907,674,Spain,Female,20,1,9805.97,2,1,1,117.78,0
15008908,Cust08908,583,Germany,Female,23,0,6049.69,1,1,1,134.68,0
15008909,Cust08909,695,Spain,Male,32,10,100131.28,1,1,1,91.74,0
15008910,Cust08910,613,France,Male,55,2,54305.77,2,0,0,115.71,0
15008911,Cust08911,553,Germany,Female,34,9,79874.38,1,1,0,175.26,1
15008912,Cust08912,733,Spain,Male,18,9,96408.83,2,1,1,59.84,0
15008913,Cust08913,443,France,Female,62,9,0.0,2,1,0,82.89,1
15008914,Cust08914,628,France,Female,32,10,43679.56,1,1,1,88.62,0
15008915,Cust08915,639,Spain,Female,43,1,57486.83,2,0,0,126.53,0
15008916,Cust08916,808,Germany,Male,41,5,112188.28,2,0,1,86.93,1
15008917,Cust08917,719,France,Female,65,6,133998.19,1,0,0,121.4,0
15008918,Cust08918,708,Germany,Female,50,5,69439.8,1,1,0,191.93,1
15008919,Cust08919,655,Germany,Female,32,10,66858.57,2,0,1,129.11,0
15008920,Cust08920,706,Germany,Male,22,5,107030.45,1,1,0,30.48,0
15008921,Cust08921,668,Germany,Female,46,5,62775.93,2,1,0,46.1,1
15008922,Cust08922,747,France,Female,52,3,94506.26,1,0,0,73.29,0
15008923,Cust08923,445,Germany,Female,37,2,0.0,1,1,1,31.38,0
15008924,Cust08924,551,France,Female,30,1,0.0,2,1,1,190.37,0
15008925,Cust08925,699,France,Female,43,7,0.0,1,0,1,116.54,0
15008926,Cust08926,591,France,Female,52,8,23584.52,1,1,0,175.41,1
15008927,Cust08927,668,France,Female,27,7,112628.41,2,0,0,28.22,0
15008928,Cust08928,612,Spain,Female,34,2,32976.82,1,1,0,16.43,0
15008929,Cust08929,729,Germany,Female,38,1,177761.37,1,0,0,49.84,0
15008930,Cust08930,496,Spain,Female,47,7,114141.12,1,1,0,109.85,0
15008931,Cust08931,540,France,Male,27,6,14500.0,2,0,0,130.41,1
15008932,Cust08932,657,France,Female,44,7,78770.89,1,0,1,51.84,0
15008933,Cust08933,559,Spain,Female,27,0,60553.9,1,0,1,129.99,0
15008934,Cust08934,531,Germany,Female,18,4,102972.45,2,0,1,91.49,1
15008935,Cust08935,649,Germany,Female,32,4,79916.72,2,1,1,79.58,1
15008936,Cust08936,676,Spain,Female,47,7,149829.27,3,1,1,148.33,0
15008937,Cust08937,710,France,Female,61,3,141618.54,2,1,0,166.77,0
15008938,Cust08938,623,France,Male,38,2,59829.42,2,0,0,155.49,0
15008939,Cust08939,531,France,Female,23,6,25887.78,1,0,0,94.03,0
15008940,Cust08940,686,Spain,Male,60,7,72254.62,3,1,1,21.66,0
15008941,Cust08941,713,Germany,Male,32,6,103613.33,1,1,1,139.41,1
15008942,Cust08942,580,France,Female,40,6,4939.72,1,1,0,71.61,0
15008943,Cust08943,508,France,Male,25,2,73163.83,1,0,0,67.13,0
15008944,Cust08944,596,Germany,Female,29,5,158285.97,2,0,1,96.1,0
15008945,Cust08945,764,Spain,Male,48,7,45491.82,1,0,1,138.33,1
15008946,Cust08946,607,Germany,Male,26,0,47075.58,2,1,1,107.32,0
15008947,Cust08947,521,France,Male,49,3,138728.66,2,0,1,111.32,0
15008948,Cust08948,623,France,Male,38,1,13841.59,1,1,1,92.14,1
15008949,Cust08949,667,France,Male,54,10,64446.68,4,0,1,40.44,1
15008950,Cust08950,687,Spain,Female,48,0,143168.9,1,1,0,152.55,1
15008951,Cust08951,673,Spain,Female,42,6,122668.06,2,0,0,48.98,1
15008952,Cust08952,836,France,Female,35,5,97671.91,2,0,0,32.4,0
15008953,Cust08953,563,France,Female,21,4,0.0,1,1,0,189.64,0
15008954,Cust08954,537,Spain,Male,35,3,79185.32,2,1,0,199.59,0
15008955,Cust08955,582,Spain,Male,38,9,0.0,3,0,0,68.63,1
15008956,Cust08956,726,Spain,Male,36,8,140084.0,2,0,1,136.37,0
15008957,Cust08957,539,France,Female,18,10,61724.95,2,1,1,69.55,0
15008958,Cust08958,585,Germany,Male,30,2,67148.16,1,0,1,171.77,1
15008959,Cust08959,647,France,Male,42,7,118057.51,2,0,1,24.87,0
15008960,Cust08960,601,Germany,Female,48,10,0.0,1,0,1,134.27,0
15008961,Cust08961,610,France,Male,47,10,28096.0,1,0,1,186.66,1
15008962,Cust08962,546,France,Female,50,5,42931.31,2,1,0,63.25,0
15008963,Cust08963,613,France,Female,40,6,71100.62,1,0,0,67.67,0
15008964,Cust08964,597,France,Male,43,6,5964.03,1,1,1,167.21,0
15008965,Cust08965,467,France,Female,20,3,186869.37,1,0,1,26.49,0
15008966,Cust08966,778,Spain,Female,52,9,164929.9,2,1,1,102.4,1
15008967,Cust08967,623,Spain,Male,39,1,95806.66,1,0,0,75.15,1
15008968,Cust08968,613,France,Female,18,2,141784.2,2,0,1,60.01,0
15008969,Cust08969,833,France,Male,41,4,136687.7,2,0,1,121.16,0
15008970,Cust08970,743,France,Male,26,0,133293.86,2,1,1,163.34,0
15008971,Cust08971,633,France,Male,41,3,164553.23,2,1,0,166.29,0
15008972,Cust08972,719,France,Female,24,2,103153.73,2,1,0,109.9,1
15008973,Cust08973,438,France,Female,19,4,93472.85,2,1,0,140.21,0
15008974,Cust08974,776,Spain,Male,30,7,92737.76,1,0,1,167.71,1
15008975,Cust08975,639,Germany,Female,27,0,76499.05,2,1,1,150.79,0
15008976,Cust08976,693,France,Female,35,9,209677.28,2,1,1,29.04,0
15008977,Cust08977,574,Germany,Male,41,6,108493.41,2,0,1,192.65,0
15008978,Cust08978,509,Spain,Female,49,3,218399.17,1,0,1,114.49,0
15008979,Cust08979,590,France,Male,57,3,114316.95,2,0,0,26.7,1
15008980,Cust08980,708,France,Female,42,7,237519.95,1,1,1,15.95,0
15008981,Cust08981,658,Germany,Male,38,6,42813.71,2,0,0,112.03,0
15008982,Cust08982,746,France,Female,36,2,35970.17,1,0,1,50.74,0
15008983,Cust08983,597,Spain,Female,48,2,72562.99,1,1,0,163.37,0
15008984,Cust08984,816,Spain,Male,42,9,0.0,1,0,1,20.1,0
15008985,Cust08985,787,Spain,Female,35,8,119125.56,1,1,0,88.59,1
15008986,Cust08986,716,Germany,Female,39,6,79859.65,1,1,1,61.71,0
15008987,Cust08987,393,France,Male,39,9,152221.67,1,0,1,156.91,0
15008988,Cust08988,687,France,Female,51,7,39209.23,1,1,1,32.09,0
15008989,Cust08989,530,Spain,Male,34,8,61770.12,2,0,1,12.24,0
15008990,Cust08990,455,France,Female,47,5,75362.82,2,1,0,39.25,0
15008991,Cust08991,770,France,Female,18,10,79667.05,1,0,0,104.54,0
15008992,Cust08992,702,France,Male,34,5,52615.85,2,1,1,16.6,0
15008993,Cust08993,779,Spain,Male,30,0,173309.92,2,1,0,66.63,0
15008994,Cust08994,644,France,Female,44,5,32746.82,2,0,0,96.04,0
15008995,Cust08995,662,Spain,Female,53,6,42483.07,2,1,0,70.21,0
15008996,Cust08996,698,Germany,Female,57,2,103201.57,2,0,1,98.08,0
15008997,Cust08997,716,France,Female,25,10,13172.14,1,0,0,119.33,0
15008998,Cust08998,515,France,Female,21,3,46572.0,1,0,1,147.82,0
15008999,Cust08999,684,France,Female,44,10,18713.98,2,0,1,174.26,0
15009000,Cust09000,687,Germany,Female,46,4,130089.16,1,0,0,76.61,1
15009001,Cust09001,629,France,Female,24,9,186934.5,1,0,1,184.84,0
15009002,Cust09002,657,Spain,Male,47,10,44052.64,2,0,0,173.47,0
15009003,Cust09003,531,France,Female,32,6,213134.95,2,1,1,63.0,0
15009004,Cust09004,714,France,Female,18,1,124758.67,1,1,0,149.16,1
15009005,Cust09005,583,Spain,Female,37,4,15674.2,3,0,0,189.72,1
15009006,Cust09006,724,France,Male,33,6,74529.5,3,1,1,102.74,1
15009007,Cust09007,552,Germany,Male,56,5,8553.35,3,1,1,188.07,1
15009008,Cust09008,487,France,Female,29,8,18422.91,1,1,1,114.7,0
15009009,Cust09009,724,France,Male,22,3,35052.86,3,0,0,114.79,0
15009010,Cust09010,695,Spain,Female,44,5,99783.07,2,0,1,108.39,0
15009011,Cust09011,643,France,Female,32,4,36485.64,2,0,1,137.96,1
15009012,Cust09012,683,Spain,Male,40,2,58607.55,2,1,0,54.43,0
15009013,Cust09013,689,Germany,Male,37,8,53365.69,1,0,1,135.09,1
15009014,Cust09014,682,France,Female,31,0,0.0,4,0,0,35.33,0
15009015,Cust09015,657,Spain,Female,46,7,114410.91,2,0,0,23.49,0
15009016,Cust09016,641,Germany,Male,37,2,0.0,1,1,1,89.55,0
15009017,Cust09017,619,Spain,Male,35,1,140256.78,1,1,1,93.56,0
15009018,Cust09018,416,Spain,Female,37,1,184329.55,2,0,0,160.36,1
15009019,Cust09019,735,Germany,Female,46,7,32579.72,2,0,1,161.02,1
15009020,Cust09020,787,Spain,Male,39,8,94178.83,1,1,0,32.9,0
15009021,Cust09021,685,Germany,Female,32,1,53669.07,1,0,0,67.89,0
15009022,Cust09022,498,Spain,Female,43,10,129836.89,1,0,1,132.93,0
15009023,Cust09023,578,Germany,Male,34,5,93473.61,2,1,1,134.27,0
15009024,Cust09024,503,France,Female,43,0,46373.81,2,1,1,94.82,0
15009025,Cust09025,694,France,Female,39,10,64020.22,1,0,1,25.94,0
15009026,Cust09026,677,France,Female,48,6,60784.49,2,0,1,89.73,0
15009027,Cust09027,695,Spain,Female,30,5,50310.42,4,0,0,83.12,0
15009028,Cust09028,727,Germany,Male,49,3,76204.81,2,0,0,13.99,0
15009029,Cust09029,791,Spain,Male,32,8,0.0,1,1,1,127.08,0
15009030,Cust09030,522,Spain,Male,28,2,48964.73,1,1,0,161.36,0
15009031,Cust09031,573,France,Male,34,9,70212.03,3,0,1,73.82,0
15009032,Cust09032,713,Spain,Female,35,4,0.0,2,0,1,11.27,1
15009033,Cust09033,570,France,Female,24,2,95183.44,2,1,0,174.53,1
15009034,Cust09034,639,Spain,Female,29,2,84088.11,4,1,1,180.09,1
15009035,Cust09035,628,Germany,Male,31,2,136765.13,1,0,1,17.5,0
15009036,Cust09036,676,France,Male,47,9,0.0,3,0,1,17.15,1
15009037,Cust09037,660,France,Female,31,6,46435.38,2,1,1,155.02,1
15009038,Cust09038,605,France,Male,28,7,73602.78,1,0,1,76.39,0
15009039,Cust09039,779,Germany,Female,20,5,102850.13,1,0,1,155.68,0
15009040,Cust09040,753,France,Female,30,3,84492.14,2,0,1,120.43,0
15009041,Cust09041,627,France,Female,43,10,48039.15,1,0,0,158.99,0
15009042,Cust09042,687,France,Male,66,8,77625.04,2,1,0,137.79,1
15009043,Cust09043,624,Spain,Male,26,8,157925.01,2,1,0,67.51,1
15009044,Cust09044,527,France,Female,36,0,65675.51,2,1,0,64.82,0
15009045,Cust09045,501,France,Female,55,6,61696.4,4,0,0,105.93,1
15009046,Cust09046,640,France,Male,35,4,0.0,3,0,1,172.12,1
15009047,Cust09047,686,Spain,Female,32,8,15514.54,1,0,0,115.78,1
15009048,Cust09048,709,France,Male,29,8,0.0,3,0,1,170.57,0
15009049,Cust09049,637,France,Male,46,0,162409.2,1,1,1,101.02,1
15009050,Cust09050,647,France,Male,36,7,110218.41,4,1,0,165.07,0
15009051,Cust09051,685,France,Female,28,7,28802.98,1,0,0,58.94,0
15009052,Cust09052,524,France,Female,51,6,74104.49,3,0,0,42.93,1
15009053,Cust09053,550,Spain,Male,32,6,25359.55,1,0,0,122.29,0
15009054,Cust09054,735,Germany,Female,37,8,201350.82,2,1,0,80.8,1
15009055,Cust09055,750,Spain,Female,45,2,24348.15,4,0,0,20.92,0
15009056,Cust09056,728,France,Female,34,8,149871.97,2,0,1,196.69,0
15009057,Cust09057,565,France,Female,39,8,0.0,1,1,0,150.21,0
15009058,Cust09058,634,Germany,Female,37,7,61835.64,2,0,1,151.02,0
15009059,Cust09059,523,Spain,Male,29,9,73442.82,2,0,0,129.96,1
15009060,Cust09060,772,France,Female,46,2,29231.17,1,0,0,193.3,0
15009061,Cust09061,734,France,Male,46,7,115266.99,1,0,0,39.61,0
15009062,Cust09062,550,France,Female,42,5,1174.04,1,1,0,72.12,0
15009063,Cust09063,625,France,Female,41,7,27048.98,1,0,0,198.47,0
15009064,Cust09064,681,France,Male,42,6,91151.57,4,0,1,156.53,1
15009065,Cust09065,687,Germany,Female,32,9,61141.91,2,0,1,103.2,0
15009066,Cust09066,628,France,Female,36,1,16375.39,2,1,1,157.12,0
15009067,Cust09067,722,France,Male,46,6,5521.43,3,0,1,167.86,0
15009068,Cust09068,828,Germany,Female,31,5,0.0,2,1,0,48.47,0
15009069,Cust09069,769,France,Female,49,3,0.0,2,0,1,105.94,0
15009070,Cust09070,661,Spain,Female,25,3,100428.13,2,1,1,63.91,0
15009071,Cust09071,594,Germany,Male,31,2,175200.47,3,1,1,152.29,0
15009072,Cust09072,624,France,Male,49,6,155653.75,2,0,0,144.27,0
15009073,Cust09073,553,Germany,Female,41,8,66299.29,1,1,0,119.63,1
15009074,Cust09074,462,France,Male,18,8,47924.87,3,1,0,76.73,0
15009075,Cust09075,655,Germany,Female,25,0,91178.85,3,1,0,50.88,1
15009076,Cust09076,492,Germany,Female,26,4,55834.62,2,1,1,28.99,0
15009077,Cust09077,682,France,Male,35,7,0.0,1,0,1,75.78,0
15009078,Cust09078,742,France,Male,42,1,232334.51,2,0,1,198.65,0
15009079,Cust09079,729,Germany,Female,36,0,111927.69,1,1,0,116.02,1
15009080,Cust09080,590,France,Male,18,6,30887.4,2,0,1,26.26,0
15009081,Cust09081,731,Germany,Male,36,7,80763.63,4,1,0,98.55,1
15009082,Cust09082,566,France,Male,37,9,54920.55,1,0,1,147.13,0
15009083,Cust09083,450,France,Male,39,7,93935.17,2,1,0,123.32,0
15009084,Cust09084,682,Spain,Female,51,7,47454.08,2,1,0,121.6,1
15009085,Cust09085,516,Spain,Male,33,5,73282.74,2,1,1,115.02,0
15009086,Cust09086,499,Spain,Female,30,4,0.0,1,0,0,197.26,0
15009087,Cust09087,608,France,Female,26,0,69952.89,1,1,1,85.3,0
15009088,Cust09088,531,Germany,Female,18,8,102879.91,2,1,1,172.9,0
15009089,Cust09089,657,France,Female,37,2,67576.27,2,0,0,100.33,0
15009090,Cust09090,625,France,Female,29,7,51231.45,2,1,0,69.65,0
15009091,Cust09091,486,Germany,Female,47,1,102786.08,2,0,0,40.62,1
15009092,Cust09092,496,Germany,Male,25,2,115020.75,1,1,1,132.81,0
15009093,Cust09093,661,France,Female,48,7,138657.25,1,0,1,15.03,0
15009094,Cust09094,717,Spain,Female,26,1,98723.23,2,0,0,70.45,0
15009095,Cust09095,850,Spain,Male,42,9,16336.43,1,0,0,151.82,0
15009096,Cust09096,554,Germany,Male,29,8,147377.74,1,0,1,40.46,1
15009097,Cust09097,771,Germany,Male,22,6,0.0,1,0,1,47.66,0
15009098,Cust09098,575,Spain,Male,42,5,72818.9,2,0,1,99.73,0
15009099,Cust09099,830,France,Male,39,2,71742.28,1,1,0,150.4,1
15009100,Cust09100,576,France,Female,46,0,104228.72,1,0,0,111.69,0
15009101,Cust09101,675,Germany,Male,63,0,68261.28,2,0,0,19.54,0
15009102,Cust09102,575,France,Male,26,4,30546.75,2,1,1,97.83,0
15009103,Cust09103,464,Germany,Male,31,0,86206.84,1,1,1,93.07,0
15009104,Cust09104,814,Germany,Male,40,5,50400.54,2,0,0,166.08,1
15009105,Cust09105,402,Spain,Female,40,1,103757.48,1,0,1,186.97,0
15009106,Cust09106,798,France,Male,21,5,143246.32,1,1,0,111.31,1
15009107,Cust09107,689,France,Female,43,0,34003.53,2,0,0,120.61,0
15009108,Cust09108,795,France,Female,37,0,19891.01,4,0,1,171.7,0
15009109,Cust09109,511,France,Male,42,9,202841.51,2,0,1,58.13,0
15009110,Cust09110,710,France,Male,35,7,241977.75,3,0,0,105.58,1
15009111,Cust09111,667,France,Female,46,1,124283.76,1,0,1,89.9,0
15009112,Cust09112,580,France,Male,33,9,4260.31,1,0,1,107.58,0
15009113,Cust09113,850,France,Male,34,2,34233.91,2,0,1,97.65,0
15009114,Cust09114,730,France,Female,30,9,75490.43,4,0,1,79.51,1
15009115,Cust09115,789,France,Male,31,10,69903.19,2,1,1,124.21,1
15009116,Cust09116,685,Germany,Male,57,7,108114.1,2,1,1,178.76,1
15009117,Cust09117,587,Spain,Female,36,0,50929.07,4,1,1,71.24,0
15009118,Cust09118,597,France,Female,60,5,0.0,2,0,1,157.94,0
15009119,Cust09119,580,France,Female,28,5,40308.19,2,1,0,48.4,0
15009120,Cust09120,626,France,Male,55,6,123359.3,1,0,1,15.28,1
15009121,Cust09121,747,Germany,Male,41,0,76466.94,2,1,0,113.05,0
15009122,Cust09122,772,Spain,Male,26,5,89034.24,2,1,0,197.51,1
15009123,Cust09123,544,France,Female,35,1,32546.45,3,1,0,27.33,1
15009124,Cust09124,672,Spain,Male,28,4,60846.69,2,1,1,84.44,1
15009125,Cust09125,526,France,Male,26,4,21542.94,1,1,0,66.97,0
15009126,Cust09126,631,France,Female,30,9,16753.29,1,1,0,189.15,0
15009127,Cust09127,586,France,Female,23,1,67472.37,2,0,0,51.85,0
15009128,Cust09128,774,Germany,Male,33,4,46859.14,3,1,0,147.29,1
15009129,Cust09129,761,France,Male,27,9,173084.22,2,0,1,42.01,0
15009130,Cust09130,726,Germany,Female,18,1,153779.24,1,1,0,18.75,0
15009131,Cust09131,729,France,Male,38,1,154117.27,1,0,0,110.55,0
15009132,Cust09132,552,Germany,Female,32,8,0.0,1,1,1,167.83,0
15009133,Cust09133,762,Spain,Male,36,9,145117.07,2,0,0,94.41,0
15009134,Cust09134,756,France,Female,52,2,238090.94,2,1,0,61.27,0
15009135,Cust09135,608,France,Male,29,6,253390.64,3,1,0,189.64,0
15009136,Cust09136,574,Germany,Female,34,6,118581.58,2,0,1,186.68,0
15009137,Cust09137,674,Germany,Female,59,8,22060.51,2,0,1,162.66,0
15009138,Cust09138,756,Spain,Female,36,3,78398.87,2,1,0,52.76,0
15009139,Cust09139,563,France,Male,18,9,93639.86,1,1,0,30.56,0
15009140,Cust09140,773,Spain,Male,18,7,26498.08,1,0,0,101.53,0
15009141,Cust09141,689,Spain,Female,47,3,64134.33,1,0,1,153.24,0
15009142,Cust09142,749,Germany,Male,49,0,157210.6,1,0,1,63.58,1
15009143,Cust09143,518,Germany,Female,27,4,22377.52,1,1,1,86.02,0
15009144,Cust09144,706,France,Male,48,3,57380.45,1,1,1,116.02,0
15009145,Cust09145,634,Germany,Male,37,5,108482.63,3,1,0,30.07,1
15009146,Cust09146,716,France,Female,33,0,105872.74,1,1,0,59.91,0
15009147,Cust09147,705,France,Male,40,0,134717.58,1,0,0,93.3,0
15009148,Cust09148,635,Germany,Male,20,5,115285.57,2,1,0,127.81,1
15009149,Cust09149,758,Spain,Female,49,10,102606.77,2,1,1,128.25,0
15009150,Cust09150,803,France,Female,28,9,0.0,2,1,0,54.52,0
15009151,Cust09151,441,Germany,Female,34,9,7221.15,2,1,1,69.64,0
15009152,Cust09152,850,Spain,Female,37,9,0.0,2,0,0,106.44,0
15009153,Cust09153,799,France,Male,39,10,134948.99,2,1,0,36.95,1
15009154,Cust09154,834,France,Female,22,1,47465.35,3,0,0,19.68,0
15009155,Cust09155,655,France,Male,31,7,10600.19,4,1,0,44.59,0
15009156,Cust09156,592,Spain,Male,38,7,77858.58,2,0,1,147.83,1
15009157,Cust09157,519,Spain,Male,18,2,151684.73,3,1,0,71.81,0
15009158,Cust09158,581,France,Female,55,9,37556.19,1,0,1,136.86,0
15009159,Cust09159,609,France,Female,41,4,79480.03,3,0,1,195.22,0
15009160,Cust09160,606,France,Male,35,4,168063.6,1,1,1,122.57,0
15009161,Cust09161,685,Germany,Male,51,8,270625.07,2,0,1,133.18,0
15009162,Cust09162,673,France,Male,29,5,58599.46,2,0,0,103.33,0
15009163,Cust09163,669,Spain,Female,40,8,69775.28,1,0,0,115.53,0
15009164,Cust09164,624,Spain,Female,43,5,38518.66,2,0,1,186.1,1
15009165,Cust09165,727,France,Female,44,9,110184.34,2,1,0,127.96,1
15009166,Cust09166,662,Spain,Female,39,6,43693.73,1,0,1,44.36,0
15009167,Cust09167,638,France,Female,35,0,7346.93,1,0,0,166.21,0
15009168,Cust09168,505,Spain,Female,32,2,46730.45,1,0,0,41.01,0
15009169,Cust09169,713,Germany,Female,37,1,4995.02,2,0,1,184.9,0
15009170,Cust09170,572,France,Female,43,1,170918.32,2,1,1,163.09,0
15009171,Cust09171,617,Germany,Female,29,5,116620.16,2,1,1,173.59,1
15009172,Cust09172,834,France,Male,37,10,110824.71,1,1,1,132.6,0
15009173,Cust09173,584,France,Female,36,4,0.0,1,1,0,86.62,1
15009174,Cust09174,421,France,Male,44,4,66951.51,2,1,1,73.57,0
15009175,Cust09175,630,France,Female,38,5,50738.84,2,0,0,78.63,0
15009176,Cust09176,801,Germany,Male,38,9,76393.41,1,1,0,71.75,0
15009177,Cust09177,715,Germany,Male,45,2,136801.66,2,0,1,172.58,0
15009178,Cust09178,637,Spain,Male,38,0,9150.08,2,0,0,139.48,1
15009179,Cust09179,484,France,Male,18,3,55285.91,1,1,1,158.13,0
15009180,Cust09180,593,France,Male,28,6,71087.82,2,1,1,27.96,0
15009181,Cust09181,649,France,Female,45,5,0.0,2,1,1,145.55,0
15009182,Cust09182,386,Germany,Female,31,8,156702.12,1,0,1,173.91,0
15009183,Cust09183,634,France,Male,18,2,57897.33,2,0,1,31.81,0
15009184,Cust09184,744,France,Female,35,9,112198.44,2,1,1,160.79,0
15009185,Cust09185,632,Spain,Male,45,9,82402.65,1,0,1,18.39,0
15009186,Cust09186,551,Germany,Female,37,2,72566.79,2,1,1,118.68,0
15009187,Cust09187,735,Spain,Female,29,7,107890.58,3,0,0,153.76,1
15009188,Cust09188,635,France,Male,30,6,62651.43,2,0,1,171.68,0
15009189,Cust09189,750,France,Male,42,3,136075.34,2,1,1,40.83,0
15009190,Cust09190,610,France,Female,39,3,62271.5,1,0,0,24.14,0
15009191,Cust09191,686,Spain,Female,26,9,106871.83,2,1,1,165.29,0
15009192,Cust09192,679,Spain,Female,55,8,75610.94,1,1,1,32.94,0
15009193,Cust09193,430,Germany,Male,39,1,75222.15,2,0,0,174.27,0
15009194,Cust09194,572,France,Male,24,0,143044.98,1,1,0,29.13,0
15009195,Cust09195,726,France,Male,29,8,121504.34,1,1,0,126.98,0
15009196,Cust09196,763,France,Female,30,2,314.46,1,1,0,40.07,0
15009197,Cust09197,813,France,Male,24,6,120946.92,1,0,1,130.27,0
15009198,Cust09198,607,France,Female,29,9,25228.98,1,0,1,104.17,0
15009199,Cust09199,694,France,Female,51,0,0.0,2,0,0,150.95,1
15009200,Cust09200,504,France,Female,27,9,86565.07,2,1,1,44.88,0
15009201,Cust09201,671,France,Male,48,7,0.0,3,0,0,191.64,0
15009202,Cust09202,543,Spain,Male,25,3,47789.23,3,1,0,185.5,0
15009203,Cust09203,699,France,Male,41,9,21903.46,1,0,0,137.47,0
15009204,Cust09204,621,France,Male,60,10,50932.79,2,1,1,152.04,0
15009205,Cust09205,792,Germany,Male,33,7,91376.34,1,0,1,163.62,1
15009206,Cust09206,515,Germany,Female,45,3,77247.65,1,0,1,195.86,0
15009207,Cust09207,672,Germany,Male,33,5,172462.81,1,0,1,21.33,0
15009208,Cust09208,565,France,Female,28,2,51784.47,2,0,1,64.87,0
15009209,Cust09209,643,France,Male,42,10,172779.09,1,1,0,50.4,1
15009210,Cust09210,620,France,Male,49,2,0.0,1,1,1,43.74,0
15009211,Cust09211,699,France,Female,37,8,0.0,1,1,0,79.02,0
15009212,Cust09212,573,France,Male,40,8,157130.08,2,0,1,76.8,0
15009213,Cust09213,670,Germany,Male,18,4,142877.15,1,0,1,164.81,0
15009214,Cust09214,350,France,Female,48,5,102138.56,1,0,0,45.98,1
15009215,Cust09215,513,Spain,Female,20,4,47429.71,2,0,0,100.27,0
15009216,Cust09216,693,Spain,Male,35,6,94764.57,1,1,0,181.75,0
15009217,Cust09217,794,France,Female,19,9,0.0,1,1,1,146.41,1
15009218,Cust09218,672,Germany,Female,55,3,126039.14,2,1,0,34.46,1
15009219,Cust09219,593,France,Female,35,8,36279.7,1,1,1,107.2,0
15009220,Cust09220,681,Spain,Male,40,7,100114.41,2,0,0,175.96,0
15009221,Cust09221,785,France,Male,29,1,79150.9,2,1,1,40.56,0
15009222,Cust09222,616,France,Female,53,4,43040.14,1,1,1,48.54,0
15009223,Cust09223,567,France,Female,18,0,135711.13,1,0,1,168.07,1
15009224,Cust09224,504,Spain,Male,48,10,100014.19,2,0,0,14.22,1
15009225,Cust09225,682,France,Female,40,5,38233.72,1,0,1,137.95,0
15009226,Cust09226,647,France,Male,25,3,114572.99,2,0,0,125.72,0
15009227,Cust09227,529,France,Male,35,0,19920.78,3,0,0,177.87,1
15009228,Cust09228,599,Germany,Female,18,3,0.0,3,0,0,137.3,0
15009229,Cust09229,529,Germany,Male,47,6,204481.19,2,1,1,134.01,1
15009230,Cust09230,586,Germany,Male,46,9,0.0,2,1,1,57.58,0
15009231,Cust09231,640,Spain,Male,48,9,176718.21,2,1,1,51.9,0
15009232,Cust09232,509,Spain,Male,49,9,88593.83,1,1,0,35.01,1
15009233,Cust09233,722,France,Female,48,9,49717.33,2,0,1,104.5,1
15009234,Cust09234,543,Spain,Male,41,7,67847.11,1,0,1,66.36,0
15009235,Cust09235,625,Germany,Female,39,3,99911.85,2,0,0,132.71,0
15009236,Cust09236,599,France,Male,39,0,61845.31,2,1,0,95.23,1
15009237,Cust09237,614,France,Female,43,9,140583.24,1,0,1,199.16,0
15009238,Cust09238,609,Germany,Male,25,1,44254.36,1,1,1,164.02,0
15009239,Cust09239,757,Germany,Female,18,6,1425.63,2,0,0,196.26,0
15009240,Cust09240,575,Germany,Female,36,8,106452.73,1,0,0,178.83,0
15009241,Cust09241,556,France,Female,32,0,59290.76,1,0,1,176.32,1
15009242,Cust09242,518,France,Female,23,10,57497.01,1,0,0,72.23,0
15009243,Cust09243,634,France,Female,18,3,0.0,1,0,1,184.18,0
15009244,Cust09244,802,Spain,Male,37,1,116384.73,2,0,1,44.72,0
15009245,Cust09245,655,Spain,Male,39,8,90644.43,2,0,0,47.71,0
15009246,Cust09246,540,France,Male,26,1,97593.0,1,1,0,136.73,0
15009247,Cust09247,628,Germany,Male,42,8,116816.58,1,0,0,136.53,1
15009248,Cust09248,660,Germany,Male,39,0,71531.0,3,0,1,49.52,0
15009249,Cust09249,579,France,Female,51,10,142503.65,1,0,0,132.97,0
15009250,Cust09250,585,Spain,Female,69,10,75301.1,1,1,0,90.37,1
15009251,Cust09251,690,France,Female,27,5,0.0,1,1,0,199.59,1
15009252,Cust09252,577,France,Female,41,3,123984.05,1,0,1,80.66,0
15009253,Cust09253,646,France,Male,40,10,160171.19,2,0,1,180.33,0
15009254,Cust09254,650,Germany,Male,43,3,93762.77,2,1,1,53.08,1
15009255,Cust09255,690,Spain,Female,47,4,0.0,2,0,1,142.16,0
15009256,Cust09256,721,Germany,Female,22,9,103888.73,2,0,1,70.44,1
15009257,Cust09257,617,Germany,Female,32,1,107609.98,1,1,1,17.53,1
15009258,Cust09258,563,France,Female,49,3,78253.01,2,0,1,44.97,0
15009259,Cust09259,737,Spain,Male,40,6,5059.15,1,0,1,148.46,0
15009260,Cust09260,647,France,Male,38,8,0.0,2,0,0,40.4,1
15009261,Cust09261,690,France,Female,20,8,24356.85,2,0,0,63.79,0
15009262,Cust09262,551,France,Female,47,8,71999.87,1,0,1,177.43,0
15009263,Cust09263,704,France,Male,45,3,94856.29,2,0,0,83.2,0
15009264,Cust09264,518,France,Male,35,4,0.0,2,0,0,19.98,0
15009265,Cust09265,512,France,Female,34,5,10536.95,2,1,1,147.57,1
15009266,Cust09266,766,Germany,Male,26,10,125199.33,2,1,0,158.78,0
15009267,Cust09267,578,France,Male,44,1,94533.5,1,1,0,140.09,0
15009268,Cust09268,631,Spain,Male,45,9,788.16,1,0,1,183.49,0
15009269,Cust09269,667,France,Female,31,8,147453.36,1,0,1,45.8,0
15009270,Cust09270,567,Spain,Female,29,4,206930.51,2,1,0,174.72,0
15009271,Cust09271,774,France,Female,32,10,145562.0,3,1,0,134.67,1
15009272,Cust09272,654,France,Female,23,10,0.0,4,1,1,52.13,0
15009273,Cust09273,580,France,Female,22,9,195429.06,1,1,1,68.96,0
15009274,Cust09274,581,Germany,Male,31,2,119397.11,2,0,1,158.96,0
15009275,Cust09275,672,France,Female,29,6,74291.36,2,1,0,42.27,0
15009276,Cust09276,703,France,Female,47,7,130392.51,1,1,1,45.84,0
15009277,Cust09277,632,Spain,Male,45,0,0.0,1,0,1,66.46,0
15009278,Cust09278,553,Spain,Female,29,2,0.0,4,0,0,153.02,1
15009279,Cust09279,590,Spain,Male,30,0,0.0,3,1,1,71.15,1
15009280,Cust09280,545,Germany,Male,39,1,103653.34,2,0,1,163.6,0
15009281,Cust09281,710,Germany,Male,54,6,58878.47,2,1,0,167.14,0
15009282,Cust09282,592,Germany,Male,26,2,46136.55,2,0,0,46.89,1
15009283,Cust09283,678,France,Male,37,7,8440.43,2,0,0,184.81,0
15009284,Cust09284,471,France,Male,19,5,126590.64,2,0,0,88.77,0
15009285,Cust09285,690,France,Female,18,5,128198.21,1,1,0,171.76,0
15009286,Cust09286,672,Spain,Male,51,6,29189.95,1,1,1,90.35,0
15009287,Cust09287,553,Spain,Female,40,6,174761.73,1,1,1,191.82,0
15009288,Cust09288,653,France,Male,42,10,0.0,2,1,1,101.26,1
15009289,Cust09289,684,France,Male,22,6,97710.99,1,1,1,165.57,0
15009290,Cust09290,536,France,Female,45,2,105435.81,2,0,1,66.48,0
15009291,Cust09291,616,France,Female,60,7,62930.94,3,1,0,32.11,0
15009292,Cust09292,780,France,Female,27,4,0.0,3,0,1,59.91,0
15009293,Cust09293,722,France,Female,49,10,121847.73,2,0,0,46.37,0
15009294,Cust09294,635,Spain,Male,40,3,25662.73,2,1,0,61.25,0
15009295,Cust09295,526,Spain,Female,42,0,0.0,3,0,0,127.44,1
15009296,Cust09296,763,Germany,Male,34,2,241.74,2,0,1,154.41,1
15009297,Cust09297,701,France,Male,49,6,38852.76,1,0,0,174.88,1
15009298,Cust09298,619,Germany,Female,37,6,105485.14,1,0,1,112.79,0
15009299,Cust09299,818,Spain,Male,43,0,16173.5,1,0,0,88.73,0
15009300,Cust09300,496,France,Male,25,4,23942.54,1,0,1,195.77,1
15009301,Cust09301,675,Spain,Male,19,8,60247.47,1,0,1,165.48,0
15009302,Cust09302,493,France,Female,32,5,73200.4,3,1,1,111.91,0
15009303,Cust09303,699,France,Female,35,5,153584.62,4,0,0,34.04,1
15009304,Cust09304,473,France,Female,35,3,191249.07,1,0,1,127.64,0
15009305,Cust09305,670,France,Female,47,9,70128.53,1,0,0,97.57,1
15009306,Cust09306,576,France,Female,28,2,0.0,2,1,0,128.74,1
15009307,Cust09307,485,Spain,Female,48,4,74651.87,1,1,0,196.22,0
15009308,Cust09308,529,Spain,Female,37,6,0.0,3,1,0,80.55,0
15009309,Cust09309,750,France,Male,27,5,28810.96,4,0,1,152.55,0
15009310,Cust09310,692,France,Male,26,10,45993.5,2,1,0,80.67,0
15009311,Cust09311,663,Spain,Male,43,6,20333.71,1,0,0,183.92,0
15009312,Cust09312,637,Germany,Female,37,0,99091.32,1,0,0,162.75,1
15009313,Cust09313,850,Spain,Female,29,1,83381.61,1,0,1,143.88,0
15009314,Cust09314,558,Spain,Female,51,0,102560.71,4,0,0,198.89,1
15009315,Cust09315,734,France,Female,19,9,56649.67,1,1,1,142.08,0
15009316,Cust09316,713,France,Female,42,8,0.0,1,0,0,177.11,0
15009317,Cust09317,841,France,Male,18,4,104469.19,1,0,1,63.42,0
15009318,Cust09318,663,Spain,Male,45,2,72126.22,2,0,1,122.62,0
15009319,Cust09319,715,Germany,Male,54,2,6167.41,1,0,1,124.47,1
15009320,Cust09320,621,France,Female,32,7,41696.0,1,1,1,174.72,0
15009321,Cust09321,638,France,Male,32,9,45508.4,1,0,1,55.88,0
15009322,Cust09322,722,France,Female,20,10,0.0,2,0,0,71.41,0
15009323,Cust09323,622,Spain,Female,31,2,68596.61,2,1,0,56.28,0
15009324,Cust09324,661,France,Male,29,2,0.0,2,1,1,132.93,1
15009325,Cust09325,550,Germany,Female,32,10,98296.68,2,0,1,54.13,0
15009326,Cust09326,531,Germany,Male,44,1,80623.66,2,1,1,139.29,0
15009327,Cust09327,593,France,Male,39,8,74705.61,1,1,0,193.27,1
15009328,Cust09328,606,Spain,Male,26,8,122539.59,3,0,0,77.79,1
15009329,Cust09329,607,Spain,Male,49,1,42309.59,1,0,0,198.94,1
15009330,Cust09330,666,France,Female,48,7,167310.29,2,1,0,145.43,1
15009331,Cust09331,633,Spain,Male,42,1,13750.47,2,0,0,157.22,0
15009332,Cust09332,543,France,Male,32,9,6973.63,1,1,0,101.07,0
15009333,Cust09333,654,France,Female,42,5,47167.99,2,0,0,182.63,0
15009334,Cust09334,590,Spain,Male,20,8,88259.9,2,1,0,160.53,1
15009335,Cust09335,515,France,Male,37,4,15507.26,3,1,1,42.23,0
15009336,Cust09336,833,France,Male,43,0,134800.35,2,0,0,156.65,0
15009337,Cust09337,693,France,Female,38,0,157320.14,2,1,0,62.0,1
15009338,Cust09338,667,Spain,Female,39,0,113058.35,1,1,0,124.62,0
15009339,Cust09339,509,Germany,Male,39,6,76315.42,2,0,1,41.18,0
15009340,Cust09340,593,France,Male,40,9,45147.08,2,1,0,96.68,0
15009341,Cust09341,595,France,Male,30,6,10775.49,1,1,0,36.44,0
15009342,Cust09342,759,France,Female,44,3,57532.61,1,0,0,89.73,0
15009343,Cust09343,554,France,Female,50,1,99157.78,1,1,0,181.12,0
15009344,Cust09344,737,France,Male,25,10,29963.61,2,1,1,30.07,0
15009345,Cust09345,675,Spain,Female,46,1,73849.7,2,1,0,153.17,0
15009346,Cust09346,673,Germany,Male,53,10,98086.11,2,1,0,147.14,0
15009347,Cust09347,632,France,Male,24,4,20554.65,2,1,0,39.68,1
15009348,Cust09348,658,Spain,Female,35,8,80382.58,2,1,0,156.79,0
15009349,Cust09349,630,France,Male,39,1,77017.7,2,1,0,24.01,0
15009350,Cust09350,599,France,Male,49,9,17610.65,1,1,0,97.02,0
15009351,Cust09351,654,Germany,Female,25,6,72548.22,1,1,0,37.07,0
15009352,Cust09352,744,Germany,Female,39,7,104912.66,1,0,0,156.72,1
15009353,Cust09353,697,Spain,Female,27,5,47678.63,1,1,1,55.84,0
15009354,Cust09354,819,Germany,Male,47,10,81917.41,2,1,0,97.15,1
15009355,Cust09355,648,Spain,Male,18,6,36886.29,3,1,0,125.71,1
15009356,Cust09356,673,Germany,Female,32,1,229327.09,2,0,0,73.27,0
15009357,Cust09357,706,Germany,Male,44,2,36075.52,2,0,1,100.79,0
15009358,Cust09358,656,Germany,Male,27,3,101266.0,2,0,0,142.39,1
15009359,Cust09359,446,France,Male,19,7,0.0,2,0,0,183.08,0
15009360,Cust09360,739,France,Male,44,10,0.0,1,1,0,146.88,0
15009361,Cust09361,701,Spain,Female,29,3,0.0,2,1,1,24.54,0
15009362,Cust09362,784,Spain,Female,25,8,30282.0,3,1,1,147.88,1
15009363,Cust09363,593,France,Male,39,0,141771.81,1,1,0,93.89,0
15009364,Cust09364,658,France,Female,45,7,133666.34,3,0,0,173.58,1
15009365,Cust09365,643,Spain,Male,48,7,170534.91,2,0,0,90.77,0
15009366,Cust09366,739,Spain,Female,44,1,31806.75,1,1,1,105.22,0
15009367,Cust09367,692,Germany,Female,48,5,30456.81,1,0,0,35.3,1
15009368,Cust09368,585,France,Male,50,6,119925.05,2,1,1,112.89,0
15009369,Cust09369,728,France,Female,37,7,162919.55,3,1,0,84.55,1
15009370,Cust09370,591,France,Male,29,9,113756.01,1,1,1,131.86,0
15009371,Cust09371,587,Spain,Female,43,9,101686.15,1,1,1,198.39,1
15009372,Cust09372,562,Spain,Female,23,8,79285.65,2,1,1,193.61,0
15009373,Cust09373,633,Germany,Female,65,2,85733.97,1,1,0,73.52,0
15009374,Cust09374,647,France,Male,41,4,0.0,1,0,0,133.79,1
15009375,Cust09375,671,Spain,Male,60,2,150915.89,1,1,0,158.97,0
15009376,Cust09376,690,France,Female,33,0,36568.65,1,0,0,42.21,0
15009377,Cust09377,555,France,Male,43,10,133441.71,2,0,0,83.93,0
15009378,Cust09378,550,France,Male,33,7,71314.63,2,1,0,181.87,0
15009379,Cust09379,475,Germany,Male,25,2,92855.16,1,1,0,137.17,1
15009380,Cust09380,505,Spain,Female,33,7,94447.51,1,0,1,28.41,0
15009381,Cust09381,681,France,Female,43,9,97170.99,2,0,1,161.01,0
15009382,Cust09382,548,Spain,Female,33,7,231016.21,1,1,1,120.92,0
15009383,Cust09383,718,France,Male,23,0,82370.48,2,1,0,114.11,1
15009384,Cust09384,685,Germany,Female,35,8,83011.01,1,0,1,190.49,0
15009385,Cust09385,656,France,Male,34,6,91810.98,2,1,1,140.01,0
15009386,Cust09386,673,Spain,Male,46,4,190945.81,1,1,1,46.31,1
15009387,Cust09387,728,Germany,Female,39,3,172722.33,1,0,0,52.08,0
15009388,Cust09388,610,Spain,Male,31,5,125478.99,2,1,1,76.75,0
15009389,Cust09389,639,Germany,Female,35,4,136624.32,4,0,0,12.69,1
15009390,Cust09390,620,Spain,Female,48,6,114465.88,1,1,0,68.48,1
15009391,Cust09391,585,France,Male,39,9,0.0,2,1,1,149.16,1
15009392,Cust09392,699,Spain,Female,29,6,141819.73,2,1,1,78.67,1
15009393,Cust09393,700,France,Male,26,1,84587.24,2,1,0,95.34,0
15009394,Cust09394,736,France,Male,39,8,122024.64,2,0,1,169.31,0
15009395,Cust09395,574,Germany,Female,40,7,101666.89,2,0,1,129.48,0
15009396,Cust09396,721,France,Female,35,0,85041.82,2,0,1,98.14,1
15009397,Cust09397,745,Germany,Male,43,2,8749.2,1,0,1,98.97,0
15009398,Cust09398,667,Germany,Male,50,3,140846.52,1,0,1,196.89,0
15009399,Cust09399,688,Germany,Male,51,1,0.0,2,0,0,95.88,1
15009400,Cust09400,655,Germany,Female,23,1,20917.57,2,1,1,118.11,0
15009401,Cust09401,542,Spain,Female,39,9,120525.77,1,0,1,60.89,0
15009402,Cust09402,617,France,Male,50,4,126269.06,1,0,1,106.61,0
15009403,Cust09403,815,France,Female,24,0,96617.9,1,0,0,164.37,0
15009404,Cust09404,773,Germany,Male,22,7,128982.44,1,0,0,97.11,0
15009405,Cust09405,737,France,Female,26,10,186884.48,3,1,0,13.96,0
15009406,Cust09406,629,France,Female,43,7,822.06,1,1,0,27.11,0
15009407,Cust09407,570,France,Female,52,7,107419.68,2,0,1,137.01,0
15009408,Cust09408,691,France,Female,33,4,0.0,2,0,0,161.12,1
15009409,Cust09409,730,France,Female,36,8,85691.18,2,0,1,93.18,1
15009410,Cust09410,788,France,Female,25,7,63272.54,1,1,0,114.67,0
15009411,Cust09411,527,Germany,Female,46,8,90494.67,2,0,1,14.88,0
15009412,Cust09412,599,France,Male,48,9,114287.53,2,0,1,63.78,0
15009413,Cust09413,727,Germany,Female,31,2,64802.16,1,0,0,29.3,0
15009414,Cust09414,726,France,Female,36,1,44659.14,4,0,0,165.5,0
15009415,Cust09415,585,France,Female,42,5,0.0,1,1,0,89.99,0
15009416,Cust09416,694,Germany,Male,38,7,20496.16,1,1,0,194.63,0
15009417,Cust09417,850,France,Female,37,2,0.0,1,1,1,93.92,0
15009418,Cust09418,666,France,Female,32,2,41439.16,2,1,0,54.65,0
15009419,Cust09419,641,Spain,Female,38,3,78020.15,1,1,0,39.67,0
15009420,Cust09420,630,Germany,Female,41,2,139434.21,2,1,1,197.07,0
15009421,Cust09421,526,France,Female,48,8,0.0,1,1,1,70.82,1
15009422,Cust09422,564,Germany,Male,50,1,143199.02,2,1,1,53.18,0
15009423,Cust09423,713,Germany,Male,30,9,16375.36,2,1,0,182.08,0
15009424,Cust09424,850,France,Male,40,5,181668.12,2,0,0,183.22,1
15009425,Cust09425,558,France,Male,45,6,98670.56,2,0,1,127.61,0
15009426,Cust09426,588,Germany,Female,35,10,100026.97,1,0,1,160.16,0
15009427,Cust09427,684,Spain,Male,18,6,111451.78,1,0,1,126.85,0
15009428,Cust09428,695,France,Female,45,3,172410.79,1,0,1,18.39,1
15009429,Cust09429,549,France,Female,39,6,116872.07,3,0,1,161.1,0
15009430,Cust09430,723,France,Male,48,7,25559.44,2,1,1,40.24,0
15009431,Cust09431,741,Germany,Male,45,2,0.0,1,0,1,160.13,0
15009432,Cust09432,523,France,Female,40,6,121290.11,1,0,1,50.96,0
15009433,Cust09433,745,France,Female,39,8,154871.2,1,1,0,12.96,0
15009434,Cust09434,585,France,Female,44,4,77684.02,2,1,1,63.27,0
15009435,Cust09435,598,France,Female,36,7,43380.07,4,1,1,14.37,0
15009436,Cust09436,634,Spain,Male,23,1,80242.43,1,0,1,32.11,0
15009437,Cust09437,516,Germany,Male,35,4,90011.74,2,1,1,47.93,0
15009438,Cust09438,664,France,Male,49,6,65944.63,1,0,0,101.04,1
15009439,Cust09439,658,Spain,Female,44,6,85554.5,2,0,1,21.86,0
15009440,Cust09440,542,France,Female,30,1,34117.86,2,0,1,192.45,0
15009441,Cust09441,751,Spain,Female,35,5,28490.88,3,1,0,19.38,1
15009442,Cust09442,692,Spain,Male,18,1,103744.65,2,0,1,195.28,0
15009443,Cust09443,850,Germany,Female,36,4,68663.15,4,0,0,124.98,0
15009444,Cust09444,647,France,Female,67,0,1866.08,2,1,1,31.6,0
15009445,Cust09445,688,Germany,Female,30,9,68565.8,1,0,0,172.95,0
15009446,Cust09446,603,France,Male,44,8,85629.24,1,1,0,196.7,0
15009447,Cust09447,657,Spain,Male,18,5,164383.21,2,1,1,93.37,0
15009448,Cust09448,723,France,Male,47,9,98381.31,1,0,0,28.63,0
15009449,Cust09449,558,Germany,Male,47,2,141141.93,1,1,0,98.04,0
15009450,Cust09450,823,France,Male,27,4,151594.59,1,1,1,149.19,0
15009451,Cust09451,623,France,Male,51,6,117018.61,2,1,1,152.44,0
15009452,Cust09452,655,Germany,Male,29,9,31930.18,1,0,1,60.89,0
15009453,Cust09453,705,France,Male,33,1,92219.2,2,0,0,62.29,0
15009454,Cust09454,714,France,Female,40,1,133116.62,2,1,1,127.73,0
15009455,Cust09455,578,France,Male,42,7,0.0,4,1,0,69.41,0
15009456,Cust09456,675,France,Male,31,4,96926.38,3,0,1,121.65,0
15009457,Cust09457,581,Spain,Male,18,9,8568.63,1,1,1,140.9,0
15009458,Cust09458,791,France,Male,46,8,0.0,3,1,1,67.19,1
15009459,Cust09459,736,France,Male,38,7,192790.89,1,0,0,32.09,1
15009460,Cust09460,650,France,Female,50,4,107063.34,2,1,0,124.41,0
15009461,Cust09461,644,Spain,Male,38,9,11158.19,1,1,1,117.6,0
15009462,Cust09462,642,Germany,Female,34,5,141884.59,2,0,1,158.95,0
15009463,Cust09463,754,Germany,Female,51,0,117956.79,2,1,1,163.05,1
15009464,Cust09464,805,Spain,Female,47,3,208169.37,2,0,0,142.41,0
15009465,Cust09465,493,Germany,Male,43,1,48611.69,1,1,0,69.99,0
15009466,Cust09466,840,France,Female,40,10,145593.84,1,0,1,142.52,1
15009467,Cust09467,708,Germany,Male,22,0,72881.13,1,1,0,76.77,1
15009468,Cust09468,664,France,Male,36,9,122772.83,1,1,0,91.44,1
15009469,Cust09469,789,Spain,Female,19,10,83649.48,1,0,1,83.01,0
15009470,Cust09470,680,Germany,Female,28,2,109805.83,4,0,1,66.97,0
15009471,Cust09471,700,France,Female,28,9,51957.93,1,1,1,131.69,0
15009472,Cust09472,634,Germany,Male,18,9,121368.76,1,0,1,130.86,0
15009473,Cust09473,661,Germany,Male,20,5,23674.18,1,0,0,178.39,0
15009474,Cust09474,850,Germany,Female,25,2,23289.52,2,1,0,19.84,1
15009475,Cust09475,728,France,Male,22,0,131013.19,2,0,0,182.13,1
15009476,Cust09476,618,Germany,Male,23,4,5731.01,1,1,1,189.62,0
15009477,Cust09477,570,Spain,Female,39,0,82598.9,1,1,0,143.08,1
15009478,Cust09478,625,France,Male,34,0,0.0,2,0,1,186.64,0
15009479,Cust09479,575,France,Female,27,5,87294.26,1,1,0,69.44,0
15009480,Cust09480,669,France,Female,40,9,221923.52,1,0,0,36.56,1
15009481,Cust09481,798,Spain,Female,42,7,0.0,3,0,1,180.01,0
15009482,Cust09482,517,France,Male,36,10,72784.71,2,1,0,182.84,0
15009483,Cust09483,587,France,Female,22,0,148498.28,1,1,1,150.81,0
15009484,Cust09484,532,Spain,Male,56,8,152371.61,1,0,1,27.62,0
15009485,Cust09485,644,Spain,Male,50,4,39635.79,4,0,0,178.91,0
15009486,Cust09486,467,France,Female,51,4,6745.88,2,1,1,26.87,0
15009487,Cust09487,683,France,Female,38,3,109124.48,2,0,1,132.12,0
15009488,Cust09488,694,Germany,Female,53,9,121760.88,1,0,1,124.11,0
15009489,Cust09489,512,France,Male,51,7,0.0,1,1,0,69.08,0
15009490,Cust09490,600,France,Male,35,9,263218.49,2,0,0,154.62,0
15009491,Cust09491,522,Germany,Male,39,7,51059.47,2,1,1,49.3,0
15009492,Cust09492,609,France,Female,18,3,109818.66,1,1,1,95.81,0
15009493,Cust09493,760,Germany,Male,59,5,0.0,1,0,1,127.03,0
15009494,Cust09494,772,Germany,Female,60,0,55031.25,2,1,0,166.48,1
15009495,Cust09495,740,Germany,Female,29,5,92783.87,1,0,0,28.16,0
15009496,Cust09496,694,Spain,Female,37,8,18288.65,2,1,0,133.85,0
15009497,Cust09497,661,France,Male,18,3,10952.37,1,1,1,158.98,0
15009498,Cust09498,634,France,Female,25,3,111128.94,2,1,0,183.25,0
15009499,Cust09499,686,France,Male,42,2,97818.36,1,0,1,187.21,1
15009500,Cust09500,541,France,Male,29,1,150822.75,1,0,1,117.45,0
15009501,Cust09501,664,Spain,Male,25,4,42790.86,1,1,0,146.81,1
15009502,Cust09502,628,France,Female,42,1,76351.27,1,1,1,134.75,0
15009503,Cust09503,564,France,Male,43,2,141918.48,2,0,0,54.05,0
15009504,Cust09504,709,France,Male,30,4,87996.18,2,1,0,74.98,0
15009505,Cust09505,751,Spain,Female,46,8,147409.14,2,0,1,82.32,0
15009506,Cust09506,570,Spain,Male,42,9,71415.32,2,1,1,164.07,0
15009507,Cust09507,777,Germany,Male,53,0,39506.77,2,0,1,105.76,0
15009508,Cust09508,620,France,Male,27,7,106361.03,1,1,0,100.51,0
15009509,Cust09509,566,France,Female,35,4,63078.98,1,0,0,112.69,1
15009510,Cust09510,543,France,Male,61,10,74534.79,1,0,0,49.59,1
15009511,Cust09511,677,Germany,Female,18,9,112924.93,3,0,0,52.66,1
15009512,Cust09512,604,France,Female,32,10,76508.05,2,1,0,76.02,0
15009513,Cust09513,727,France,Male,18,4,151783.71,2,1,1,31.92,0
15009514,Cust09514,614,Germany,Male,49,5,10018.38,1,1,1,85.6,0
15009515,Cust09515,725,Germany,Male,44,10,165947.53,1,1,0,27.21,0
15009516,Cust09516,517,Spain,Male,35,5,146022.48,1,1,1,96.5,0
15009517,Cust09517,692,France,Female,39,0,0.0,1,0,1,137.54,0
15009518,Cust09518,671,France,Female,46,9,96770.84,2,0,0,83.65,0
15009519,Cust09519,559,France,Female,36,4,75501.65,2,1,1,177.49,0
15009520,Cust09520,637,Spain,Male,21,1,43362.7,2,0,0,162.08,0
15009521,Cust09521,575,Germany,Male,53,2,146132.29,2,0,0,164.89,1
15009522,Cust09522,781,Germany,Female,35,1,46479.98,2,1,1,115.53,1
15009523,Cust09523,617,Germany,Female,60,3,95828.64,2,0,0,86.79,1
15009524,Cust09524,635,Spain,Male,56,3,83482.22,4,0,1,22.98,1
15009525,Cust09525,670,Germany,Male,35,0,123150.48,4,1,1,51.38,0
15009526,Cust09526,707,Germany,Female,34,1,45544.69,2,1,1,99.62,0
15009527,Cust09527,675,France,Male,29,8,97696.58,2,0,1,27.96,0
15009528,Cust09528,543,France,Male,34,5,52175.37,2,0,1,134.91,0
15009529,Cust09529,660,Germany,Male,29,3,135801.58,3,0,1,185.12,1
15009530,Cust09530,726,France,Female,47,4,0.0,2,1,1,130.44,0
15009531,Cust09531,456,Spain,Male,27,0,54353.16,1,1,0,185.8,0
15009532,Cust09532,519,France,Female,44,7,153779.79,2,1,0,165.09,0
15009533,Cust09533,687,Spain,Male,40,7,0.0,2,0,1,66.54,0
15009534,Cust09534,653,France,Male,25,2,130203.42,1,1,1,131.7,0
15009535,Cust09535,664,Germany,Male,40,5,154521.71,2,1,0,107.64,1
15009536,Cust09536,605,Germany,Male,44,8,91030.03,1,1,1,145.9,0
15009537,Cust09537,572,Spain,Male,31,2,55157.13,1,0,1,171.59,0
15009538,Cust09538,610,Spain,Male,56,1,17007.63,2,1,1,92.54,0
15009539,Cust09539,672,Spain,Female,51,3,58614.07,1,1,0,32.69,0
15009540,Cust09540,799,Germany,Female,32,7,34782.04,2,0,0,81.0,0
15009541,Cust09541,654,Germany,Male,36,7,55074.8,2,1,1,117.52,0
15009542,Cust09542,586,Spain,Male,28,3,92767.09,1,0,1,130.5,0
15009543,Cust09543,594,Spain,Male,44,1,85772.3,1,1,1,169.89,0
15009544,Cust09544,652,Germany,Male,18,10,1784.27,2,1,0,64.23,0
15009545,Cust09545,682,France,Male,30,6,35337.93,1,0,1,188.26,0
15009546,Cust09546,590,France,Female,28,1,33979.72,1,1,1,71.46,0
15009547,Cust09547,702,Spain,Female,54,9,111213.36,2,1,0,196.69,0
15009548,Cust09548,799,France,Male,57,8,178169.22,2,0,0,88.33,1
15009549,Cust09549,485,France,Female,45,4,7693.99,1,0,1,49.64,0
15009550,Cust09550,665,Germany,Female,37,2,37124.11,2,0,0,70.12,0
15009551,Cust09551,512,Germany,Female,33,5,45752.57,1,1,0,157.27,0
15009552,Cust09552,569,Germany,Male,18,0,96836.6,2,1,0,132.78,0
15009553,Cust09553,456,France,Female,46,0,46460.1,2,1,1,134.32,1
15009554,Cust09554,614,France,Male,18,2,121559.48,2,0,1,99.08,0
15009555,Cust09555,662,Spain,Male,30,10,245362.86,1,0,0,98.9,0
15009556,Cust09556,600,Spain,Female,40,8,0.0,2,1,1,38.37,0
15009557,Cust09557,485,France,Female,37,0,89236.49,1,0,0,23.83,0
15009558,Cust09558,600,Spain,Male,28,7,58768.72,2,1,0,124.32,0
15009559,Cust09559,647,Germany,Female,49,7,47549.25,4,0,0,62.04,0
15009560,Cust09560,683,France,Female,50,1,0.0,2,0,0,64.85,0
15009561,Cust09561,603,Germany,Female,29,2,149573.51,2,1,0,14.64,0
15009562,Cust09562,566,France,Female,40,8,150391.25,2,0,1,87.03,0
15009563,Cust09563,826,Germany,Male,47,7,104986.78,2,0,0,49.07,0
15009564,Cust09564,673,Germany,Female,24,9,28139.22,1,1,1,161.5,0
15009565,Cust09565,644,France,Male,49,3,82945.17,2,0,1,175.06,0
15009566,Cust09566,524,France,Female,27,9,0.0,1,0,1,157.5,0
15009567,Cust09567,522,France,Male,30,3,18036.73,2,0,0,120.16,0
15009568,Cust09568,478,France,Male,34,0,73983.96,1,0,1,163.93,0
15009569,Cust09569,502,Germany,Female,50,1,0.0,2,1,0,161.44,1
15009570,Cust09570,769,France,Female,64,5,50331.5,1,0,0,199.8,1
15009571,Cust09571,829,Spain,Male,20,10,66780.05,1,1,1,153.74,0
15009572,Cust09572,761,Germany,Male,45,9,0.0,2,0,1,95.31,0
15009573,Cust09573,605,Spain,Male,40,0,114260.77,2,0,1,148.31,1
15009574,Cust09574,621,Spain,Female,49,2,0.0,2,1,1,31.43,1
15009575,Cust09575,522,Spain,Female,41,10,113641.95,2,0,0,12.56,1
15009576,Cust09576,569,Germany,Male,40,10,0.0,1,0,0,54.86,1
15009577,Cust09577,635,Spain,Male,38,10,163654.89,2,1,1,63.66,0
15009578,Cust09578,682,Spain,Male,37,4,38832.71,3,0,0,20.34,1
15009579,Cust09579,732,Germany,Male,51,4,70636.45,1,1,1,80.64,1
15009580,Cust09580,745,Germany,Male,34,2,87673.45,2,0,0,174.46,1
15009581,Cust09581,490,France,Female,57,4,2691.15,1,0,0,34.02,0
15009582,Cust09582,565,France,Female,41,10,55275.81,2,0,1,64.59,0
15009583,Cust09583,660,France,Female,65,2,47500.1,2,1,1,68.62,0
15009584,Cust09584,593,Germany,Female,54,6,127889.77,1,1,0,131.59,1
15009585,Cust09585,565,Germany,Male,48,10,96763.12,1,1,0,41.23,1
15009586,Cust09586,627,France,Male,35,1,129879.75,2,0,0,51.73,0
15009587,Cust09587,646,France,Female,18,5,116063.16,1,0,0,152.16,1
15009588,Cust09588,784,Spain,Male,36,2,187893.3,2,1,1,124.56,0
15009589,Cust09589,528,France,Female,31,6,6736.1,1,1,0,187.07,0
15009590,Cust09590,790,France,Female,45,9,76366.28,2,0,0,80.65,0
15009591,Cust09591,647,France,Male,42,6,139120.62,4,1,0,129.87,0
15009592,Cust09592,634,Spain,Female,42,3,29749.85,2,0,1,40.97,0
15009593,Cust09593,850,France,Male,35,1,56504.73,1,1,0,114.66,0
15009594,Cust09594,647,France,Female,50,5,163996.76,4,1,0,121.34,0
15009595,Cust09595,611,Germany,Female,36,1,90594.82,1,0,1,35.61,1
15009596,Cust09596,499,Spain,Male,37,4,94389.53,2,0,0,177.95,0
15009597,Cust09597,546,France,Male,39,10,14324.08,1,0,0,18.37,0
15009598,Cust09598,693,Spain,Male,28,6,2342.83,2,0,0,95.67,0
15009599,Cust09599,552,Germany,Female,31,7,110772.68,1,1,1,12.03,0
15009600,Cust09600,609,France,Female,38,9,100824.48,2,0,1,142.97,0
15009601,Cust09601,685,Spain,Male,65,4,5695.99,2,1,1,46.26,0
15009602,Cust09602,421,Spain,Female,27,7,49419.11,1,1,0,59.28,0
15009603,Cust09603,727,France,Female,45,6,36557.54,1,1,1,188.55,0
15009604,Cust09604,614,France,Female,36,6,53388.19,2,0,0,177.83,0
15009605,Cust09605,586,Germany,Male,65,5,0.0,3,1,0,75.47,1
15009606,Cust09606,604,France,Male,18,6,90892.95,1,0,0,141.5,0
15009607,Cust09607,542,France,Male,44,4,75211.76,2,1,0,165.8,1
15009608,Cust09608,850,Germany,Male,40,1,95348.16,2,0,0,145.92,1
15009609,Cust09609,722,Spain,Female,44,3,85418.4,2,0,1,129.72,0
15009610,Cust09610,850,France,Male,23,5,83073.84,2,1,1,177.27,0
15009611,Cust09611,588,France,Male,47,3,152881.75,1,1,1,21.71,0
15009612,Cust09612,694,Germany,Male,55,8,72873.09,2,1,1,188.83,1
15009613,Cust09613,451,France,Female,32,3,89665.37,1,0,1,38.4,0
15009614,Cust09614,688,Spain,Female,42,6,56740.63,2,1,1,96.24,0
15009615,Cust09615,531,Spain,Female,48,0,33043.73,1,1,1,187.77,0
15009616,Cust09616,691,Germany,Male,45,10,33639.96,2,0,1,153.85,0
15009617,Cust09617,550,France,Male,55,0,76878.24,2,0,1,47.2,0
15009618,Cust09618,504,France,Male,36,8,77686.36,2,1,0,68.99,0
15009619,Cust09619,731,Spain,Male,34,8,13446.07,1,0,1,63.01,0
15009620,Cust09620,850,France,Male,49,2,47869.63,2,1,1,28.94,0
15009621,Cust09621,812,Germany,Female,48,3,77066.81,2,0,0,82.95,0
15009622,Cust09622,699,Spain,Female,39,3,152366.96,2,1,0,19.99,1
15009623,Cust09623,513,Germany,Male,37,7,111082.68,1,1,1,63.87,0
15009624,Cust09624,782,Germany,Female,46,7,94392.35,1,0,1,182.71,1
15009625,Cust09625,603,France,Male,46,5,3889.84,1,1,1,155.91,0
15009626,Cust09626,653,Spain,Female,46,7,148175.04,1,0,0,15.84,1
15009627,Cust09627,685,Germany,Male,33,0,0.0,2,1,1,59.46,0
15009628,Cust09628,640,France,Male,32,0,88273.3,2,1,0,76.51,0
15009629,Cust09629,723,Spain,Male,52,10,143555.35,2,0,1,154.57,1
15009630,Cust09630,760,Spain,Male,18,7,97161.12,2,1,0,62.07,1
15009631,Cust09631,598,Spain,Male,42,4,60837.27,1,1,1,120.78,0
15009632,Cust09632,707,Germany,Male,37,2,81123.71,2,0,0,182.95,0
15009633,Cust09633,551,France,Female,18,3,24703.87,2,0,0,61.66,0
15009634,Cust09634,580,Spain,Male,40,8,110062.73,1,1,1,184.72,0
15009635,Cust09635,724,Spain,Female,26,1,30812.15,1,1,0,116.44,0
15009636,Cust09636,613,Germany,Female,48,0,127443.78,2,1,0,55.18,1
15009637,Cust09637,594,Spain,Male,48,9,138418.48,1,0,1,61.82,1
15009638,Cust09638,614,France,Male,51,5,35358.09,1,1,0,86.86,0
15009639,Cust09639,629,Germany,Male,34,3,73073.38,1,0,1,97.17,0
15009640,Cust09640,523,Spain,Male,33,8,214134.23,2,0,0,104.39,0
15009641,Cust09641,428,France,Female,30,3,119134.77,2,0,1,152.37,0
15009642,Cust09642,761,France,Male,57,9,140733.2,2,1,0,187.85,1
15009643,Cust09643,551,Spain,Male,30,5,135707.82,3,1,0,66.21,1
15009644,Cust09644,744,France,Female,44,6,49055.35,1,0,1,185.55,0
15009645,Cust09645,645,France,Male,21,6,10179.13,1,0,1,28.46,0
15009646,Cust09646,684,France,Female,32,2,137473.78,2,0,1,189.23,0
15009647,Cust09647,568,Spain,Male,23,9,79895.73,1,1,1,140.31,0
15009648,Cust09648,522,France,Female,28,7,41274.72,2,0,0,29.72,0
15009649,Cust09649,673,Germany,Male,21,1,100181.3,1,0,0,14.9,0
15009650,Cust09650,523,France,Male,32,4,39105.82,2,0,1,45.47,0
15009651,Cust09651,519,France,Female,33,7,205851.25,2,1,0,189.53,1
15009652,Cust09652,626,Spain,Male,34,7,165835.72,2,0,1,112.33,0
15009653,Cust09653,779,Germany,Female,23,5,44241.52,2,1,0,183.84,0
15009654,Cust09654,850,France,Male,31,2,33792.68,1,0,0,198.02,0
15009655,Cust09655,564,Spain,Female,27,9,113943.69,2,0,1,103.28,0
15009656,Cust09656,691,France,Female,32,0,168940.82,2,1,0,126.32,0
15009657,Cust09657,783,Spain,Female,34,2,102268.01,2,0,1,158.36,0
15009658,Cust09658,508,Spain,Female,22,5,113924.91,2,0,1,171.7,0
15009659,Cust09659,577,Spain,Male,54,10,69839.82,1,1,0,142.78,0
15009660,Cust09660,850,France,Female,48,3,18929.04,1,1,0,144.12,0
15009661,Cust09661,682,Spain,Male,21,0,7948.16,2,0,0,12.83,0
15009662,Cust09662,648,Spain,Male,42,4,131929.17,1,1,0,52.83,0
15009663,Cust09663,740,Spain,Male,35,7,74619.74,3,0,1,64.04,0
15009664,Cust09664,432,France,Female,36,3,66456.51,2,1,0,134.68,0
15009665,Cust09665,636,Spain,Male,31,7,132154.77,2,0,0,127.24,0
15009666,Cust09666,540,France,Male,19,7,33474.23,1,0,0,15.66,0
15009667,Cust09667,729,France,Female,53,1,126582.02,3,1,0,26.21,1
15009668,Cust09668,782,France,Male,43,5,34838.15,2,1,0,138.87,1
15009669,Cust09669,801,France,Female,52,10,99589.88,4,0,0,43.53,1
15009670,Cust09670,747,Germany,Male,32,5,4028.1,1,0,0,111.67,0
15009671,Cust09671,581,Germany,Female,32,7,52061.94,2,1,0,14.43,1
15009672,Cust09672,724,France,Male,25,0,116100.49,1,1,1,56.59,0
15009673,Cust09673,687,Germany,Male,40,2,44949.6,2,0,0,109.39,1
15009674,Cust09674,621,France,Female,31,5,56083.26,1,0,1,27.26,0
15009675,Cust09675,600,Germany,Male,39,2,97835.93,2,0,0,88.73,0
15009676,Cust09676,823,Spain,Female,44,10,109820.66,1,0,0,186.98,0
15009677,Cust09677,606,Germany,Female,44,2,148183.56,1,1,1,178.66,0
15009678,Cust09678,644,France,Male,43,8,66118.8,3,1,1,56.3,1
15009679,Cust09679,684,France,Female,49,7,30759.6,1,1,0,169.82,0
15009680,Cust09680,648,France,Male,37,0,89363.7,2,1,1,178.71,1
15009681,Cust09681,733,Germany,Male,40,2,6091.74,1,1,1,76.07,0
15009682,Cust09682,759,France,Male,35,0,123466.36,1,0,0,122.11,1
15009683,Cust09683,529,France,Female,53,8,84968.14,1,1,1,194.47,1
15009684,Cust09684,536,Spain,Female,37,8,32537.06,2,0,0,19.4,0
15009685,Cust09685,546,Spain,Female,34,9,47743.91,2,0,1,26.79,0
15009686,Cust09686,535,France,Female,38,8,152148.64,1,1,0,151.38,0
15009687,Cust09687,497,Spain,Male,36,7,55235.31,1,0,1,178.5,0
15009688,Cust09688,730,France,Female,45,0,118857.81,1,0,1,188.75,0
15009689,Cust09689,760,Germany,Male,40,5,100030.69,2,1,1,65.19,0
15009690,Cust09690,622,France,Female,41,8,57920.34,1,0,0,45.18,1
15009691,Cust09691,736,Spain,Male,42,9,100653.99,2,0,1,39.61,0
15009692,Cust09692,572,France,Female,53,4,29970.24,2,1,0,63.2,0
15009693,Cust09693,633,Spain,Female,28,0,147363.87,1,1,0,63.53,1
15009694,Cust09694,535,Germany,Male,55,0,138786.68,1,0,0,189.21,0
15009695,Cust09695,584,France,Male,26,9,5272.29,2,0,1,170.65,0
15009696,Cust09696,583,France,Female,48,3,154620.38,2,1,0,26.38,1
15009697,Cust09697,676,France,Female,41,3,33485.62,2,1,0,179.17,0
15009698,Cust09698,710,Germany,Female,35,6,143950.41,2,0,1,20.71,1
15009699,Cust09699,654,France,Male,22,5,59830.34,2,1,1,185.77,0
15009700,Cust09700,440,Spain,Female,33,5,202933.15,2,1,1,81.47,0
15009701,Cust09701,850,Germany,Male,22,5,86373.85,1,1,1,139.46,1
15009702,Cust09702,850,Germany,Male,22,7,131025.86,2,1,1,62.95,0
15009703,Cust09703,793,Spain,Male,52,0,0.0,1,0,0,192.05,1
15009704,Cust09704,768,France,Female,37,10,119609.42,1,0,0,57.8,0
15009705,Cust09705,582,Spain,Male,46,8,93678.91,2,1,0,55.1,0
15009706,Cust09706,757,Germany,Female,35,0,56953.77,1,1,0,148.24,1
15009707,Cust09707,561,Germany,Male,53,0,0.0,2,1,0,25.29,0
15009708,Cust09708,638,Germany,Female,22,9,0.0,3,1,1,109.01,0
15009709,Cust09709,749,France,Male,46,2,80668.03,1,1,0,16.12,0
15009710,Cust09710,792,France,Male,54,6,155129.95,2,0,0,185.72,0
15009711,Cust09711,387,France,Female,29,2,130786.01,2,0,1,123.59,0
15009712,Cust09712,556,France,Male,47,7,11999.03,3,1,0,26.02,0
15009713,Cust09713,716,Spain,Male,42,10,88743.69,2,0,0,54.62,0
15009714,Cust09714,699,Spain,Male,41,7,109569.97,1,1,0,38.19,0
15009715,Cust09715,773,Germany,Male,35,7,60962.58,2,0,1,66.84,0
15009716,Cust09716,556,Germany,Male,30,3,172538.76,1,1,0,163.15,0
15009717,Cust09717,612,France,Male,35,1,21111.12,1,0,1,193.82,0
15009718,Cust09718,789,France,Male,25,10,147611.7,2,0,1,160.41,0
15009719,Cust09719,460,Spain,Male,42,6,94169.65,2,1,0,14.06,0
15009720,Cust09720,549,Spain,Female,46,2,189111.46,2,0,0,20.59,0
15009721,Cust09721,624,France,Male,40,8,120100.97,1,1,1,172.92,1
15009722,Cust09722,689,Germany,Female,34,4,58368.7,2,0,0,194.39,0
15009723,Cust09723,690,France,Female,21,1,158152.68,2,1,1,99.57,0
15009724,Cust09724,553,Germany,Male,45,7,4816.59,2,0,0,56.07,0
15009725,Cust09725,599,France,Female,37,3,170118.58,1,0,0,190.69,0
15009726,Cust09726,653,Germany,Female,44,2,0.0,3,0,1,159.54,1
15009727,Cust09727,631,Germany,Male,40,1,71487.63,2,1,1,102.47,1
15009728,Cust09728,687,Spain,Male,57,8,104187.96,1,1,0,81.22,0
15009729,Cust09729,750,Germany,Male,36,9,54782.47,1,1,1,106.99,0
15009730,Cust09730,769,France,Female,30,9,106459.93,1,0,1,32.68,0
15009731,Cust09731,731,Germany,Male,27,6,0.0,1,1,1,45.57,0
15009732,Cust09732,839,France,Female,27,1,85201.78,3,1,1,82.04,1
15009733,Cust09733,744,Germany,Female,37,0,3343.66,1,0,1,153.97,0
15009734,Cust09734,560,Germany,Female,23,7,53881.34,1,1,1,48.62,0
15009735,Cust09735,670,Germany,Female,53,3,39508.91,1,1,0,97.95,1
15009736,Cust09736,593,France,Male,30,6,141742.15,4,1,0,99.69,1
15009737,Cust09737,644,France,Male,32,2,0.0,1,1,1,186.63,0
15009738,Cust09738,461,Germany,Male,38,2,81456.71,1,1,1,120.3,0
15009739,Cust09739,608,France,Female,37,6,181317.62,2,1,0,24.42,0
15009740,Cust09740,618,France,Female,38,4,211893.65,2,1,1,76.85,0
15009741,Cust09741,521,France,Female,24,6,77330.41,2,1,1,187.19,0
15009742,Cust09742,837,Germany,Male,50,4,122857.23,3,1,1,193.56,0
15009743,Cust09743,738,France,Female,31,0,33433.92,1,1,0,117.55,0
15009744,Cust09744,735,Germany,Male,32,5,20986.51,2,0,0,29.47,0
15009745,Cust09745,735,France,Female,32,2,183009.39,2,0,1,130.78,0
15009746,Cust09746,700,France,Male,32,6,132038.24,1,0,1,18.67,0
15009747,Cust09747,451,France,Male,25,3,108931.35,2,1,0,64.86,1
15009748,Cust09748,616,Germany,Female,39,10,172612.93,3,1,0,11.93,0
15009749,Cust09749,729,Germany,Female,54,1,71804.99,1,0,0,64.86,0
15009750,Cust09750,566,Spain,Female,46,1,55936.74,1,0,0,182.66,1
15009751,Cust09751,504,Germany,Male,18,9,23562.92,1,1,1,59.58,0
15009752,Cust09752,564,France,Female,50,2,88951.06,2,1,1,80.19,0
15009753,Cust09753,577,France,Male,51,1,121546.42,1,1,1,181.86,0
15009754,Cust09754,737,Spain,Female,46,0,120083.65,1,0,0,55.54,0
15009755,Cust09755,523,France,Male,45,1,46823.88,1,0,1,38.01,0
15009756,Cust09756,457,France,Female,23,1,0.0,2,1,1,116.86,0
15009757,Cust09757,756,France,Male,18,7,160142.74,1,0,0,58.25,0
15009758,Cust09758,850,Germany,Female,44,7,107012.31,1,0,0,101.53,1
15009759,Cust09759,660,France,Male,36,10,35380.15,1,0,1,12.86,0
15009760,Cust09760,659,France,Female,61,1,134035.99,1,1,1,34.97,0
15009761,Cust09761,637,Spain,Male,34,2,153904.27,2,0,0,87.08,0
15009762,Cust09762,575,Germany,Male,42,5,105310.33,1,1,0,29.31,1
15009763,Cust09763,850,Germany,Female,24,5,46230.62,1,1,1,164.81,0
15009764,Cust09764,628,France,Female,32,7,58790.57,1,1,0,40.1,0
15009765,Cust09765,714,France,Male,54,8,81035.15,1,1,0,149.4,1
15009766,Cust09766,553,France,Male,33,6,126544.92,1,1,0,30.97,1
15009767,Cust09767,455,France,Male,24,0,101452.22,1,0,1,16.33,0
15009768,Cust09768,762,Spain,Male,33,7,102136.9,4,0,0,162.63,0
15009769,Cust09769,630,France,Male,34,8,0.0,2,0,1,143.73,1
15009770,Cust09770,525,Germany,Male,32,8,182831.79,1,0,1,166.43,0
15009771,Cust09771,622,France,Male,39,5,61171.89,2,0,0,29.99,1
15009772,Cust09772,626,Spain,Male,47,9,102389.36,1,1,1,129.04,1
15009773,Cust09773,600,Spain,Male,54,5,24629.36,1,1,0,37.46,0
15009774,Cust09774,459,France,Female,40,3,52115.76,1,0,1,146.57,0
15009775,Cust09775,799,Spain,Female,42,6,8901.17,2,1,1,74.8,0
15009776,Cust09776,713,France,Female,24,6,103972.74,2,0,1,44.8,0
15009777,Cust09777,583,Spain,Female,26,6,89316.46,1,0,1,140.86,0
15009778,Cust09778,586,France,Female,34,8,102412.87,2,1,1,42.09,0
15009779,Cust09779,811,Germany,Male,49,1,107455.35,1,0,0,83.14,0
15009780,Cust09780,830,Germany,Male,23,10,13041.32,2,1,1,86.26,1
15009781,Cust09781,726,France,Male,26,0,3220.37,1,0,1,151.05,0
15009782,Cust09782,729,Germany,Female,44,8,26299.45,2,0,1,155.05,1
15009783,Cust09783,445,Germany,Female,40,3,53352.93,3,0,1,29.64,0
15009784,Cust09784,728,Germany,Female,43,7,131256.13,1,0,1,110.57,0
15009785,Cust09785,518,Germany,Male,33,10,83238.39,2,0,1,70.19,0
15009786,Cust09786,599,France,Male,38,9,66158.93,2,1,0,40.34,0
15009787,Cust09787,694,Spain,Male,45,2,25834.01,1,0,1,144.66,0
15009788,Cust09788,536,Germany,Female,51,5,183908.01,2,0,0,122.82,0
15009789,Cust09789,651,Germany,Female,41,3,31497.25,1,0,0,30.64,1
15009790,Cust09790,691,Spain,Female,50,2,163811.34,1,1,0,111.24,0
15009791,Cust09791,627,France,Male,18,9,27418.97,2,0,0,65.5,0
15009792,Cust09792,698,France,Female,34,0,98293.23,2,1,1,11.1,0
15009793,Cust09793,748,France,Male,18,3,61310.99,2,1,1,157.67,0
15009794,Cust09794,632,France,Female,34,6,112719.17,2,0,1,29.11,0
15009795,Cust09795,619,Spain,Female,40,3,0.0,1,0,0,63.69,1
15009796,Cust09796,776,Germany,Male,49,0,25942.52,1,0,1,198.1,1
15009797,Cust09797,663,Germany,Female,41,0,34743.28,2,0,0,148.7,1
15009798,Cust09798,548,France,Male,26,3,1391.9,1,0,0,197.56,0
15009799,Cust09799,790,France,Male,29,8,63838.92,2,1,1,14.62,0
15009800,Cust09800,764,Germany,Female,28,5,128653.51,2,1,0,103.14,1
15009801,Cust09801,634,Spain,Female,43,8,80488.97,2,0,1,148.66,1
15009802,Cust09802,666,Germany,Female,40,7,120934.32,2,0,0,145.88,1
15009803,Cust09803,584,Spain,Male,18,7,81314.74,2,0,0,83.73,0
15009804,Cust09804,656,France,Female,30,6,72668.05,1,0,0,99.91,0
15009805,Cust09805,564,France,Male,46,3,47866.55,2,1,0,75.12,0
15009806,Cust09806,721,Germany,Male,36,10,69080.78,1,0,0,198.52,1
15009807,Cust09807,680,Germany,Male,27,8,62497.4,1,0,1,175.01,0
15009808,Cust09808,602,Spain,Male,37,3,75463.33,2,0,0,115.12,0
15009809,Cust09809,661,Germany,Male,25,10,58325.53,2,0,1,132.55,0
15009810,Cust09810,454,Spain,Female,42,10,152914.59,2,1,1,142.33,0
15009811,Cust09811,642,France,Female,55,4,92542.32,2,1,1,172.96,1
15009812,Cust09812,576,France,Male,38,6,165739.27,2,1,1,106.91,0
15009813,Cust09813,650,Germany,Female,27,10,61473.34,1,1,1,178.19,0
15009814,Cust09814,779,Spain,Male,46,7,69911.09,1,1,0,14.46,1
15009815,Cust09815,696,Germany,Male,43,8,22816.59,2,0,0,67.59,0
15009816,Cust09816,558,Germany,Male,22,3,47752.52,2,1,0,39.45,0
15009817,Cust09817,850,France,Male,43,5,128564.96,1,0,1,147.21,0
15009818,Cust09818,675,France,Male,18,6,46933.74,2,1,1,130.91,0
15009819,Cust09819,600,Spain,Male,24,5,21944.46,1,0,0,90.74,0
15009820,Cust09820,709,France,Male,35,4,0.0,2,0,1,50.3,1
15009821,Cust09821,688,Germany,Male,29,9,93150.52,2,1,0,18.91,1
15009822,Cust09822,679,Germany,Female,44,2,54087.68,1,1,0,136.88,0
15009823,Cust09823,549,France,Female,41,5,154869.67,2,0,1,150.93,0
15009824,Cust09824,705,Germany,Female,57,4,139972.64,1,1,0,66.18,1
15009825,Cust09825,555,France,Male,36,4,46608.91,2,1,0,77.29,0
15009826,Cust09826,658,Spain,Male,39,9,125115.85,2,1,1,187.42,0
15009827,Cust09827,660,France,Female,32,1,107151.34,2,1,1,36.01,0
15009828,Cust09828,721,France,Male,50,1,73132.76,2,0,0,14.73,1
15009829,Cust09829,621,Spain,Female,39,10,0.0,2,1,1,166.53,1
15009830,Cust09830,703,Germany,Female,29,2,104305.77,1,0,1,71.27,1
15009831,Cust09831,666,Spain,Male,56,10,13105.31,2,0,0,85.55,1
15009832,Cust09832,620,France,Male,38,10,90978.6,3,1,0,112.22,1
15009833,Cust09833,631,Spain,Male,39,4,0.0,1,1,0,126.9,0
15009834,Cust09834,700,Spain,Female,40,3,55665.26,1,1,0,176.55,0
15009835,Cust09835,712,Germany,Female,55,10,0.0,1,1,0,115.49,1
15009836,Cust09836,709,France,Male,25,1,74525.06,2,0,1,19.72,0
15009837,Cust09837,631,France,Female,34,9,1090.87,2,1,0,176.77,1
15009838,Cust09838,646,France,Male,47,8,0.0,3,1,1,26.77,0
15009839,Cust09839,479,France,Male,38,7,53816.18,2,1,1,57.18,0
15009840,Cust09840,850,France,Female,40,1,130551.12,2,0,1,70.7,0
15009841,Cust09841,693,France,Female,28,10,61414.98,2,0,1,194.22,0
15009842,Cust09842,677,France,Male,25,4,38278.66,1,0,0,26.64,1
15009843,Cust09843,548,Germany,Male,45,1,122.85,2,0,1,64.47,0
15009844,Cust09844,620,Germany,Female,39,9,61793.5,1,1,1,49.25,0
15009845,Cust09845,815,France,Male,32,7,59521.5,1,0,1,174.7,0
15009846,Cust09846,665,Spain,Female,48,1,0.0,1,1,0,128.3,0
15009847,Cust09847,511,France,Male,32,0,133387.08,1,1,1,197.39,0
15009848,Cust09848,698,Spain,Male,30,8,180003.83,2,1,0,180.01,0
15009849,Cust09849,502,Germany,Male,48,1,62325.55,2,1,1,184.45,0
15009850,Cust09850,695,Spain,Male,33,10,83913.22,1,0,0,133.41,0
15009851,Cust09851,621,Spain,Female,36,4,99493.51,2,1,0,183.95,0
15009852,Cust09852,743,Germany,Male,28,7,0.0,1,0,0,104.46,1
15009853,Cust09853,802,Germany,Male,35,3,87760.84,2,0,1,25.8,1
15009854,Cust09854,850,Spain,Female,37,7,102721.76,2,1,0,34.29,0
15009855,Cust09855,607,Spain,Male,32,4,179579.63,2,1,1,142.03,0
15009856,Cust09856,590,France,Female,32,7,75649.18,2,1,1,181.73,0
15009857,Cust09857,732,France,Male,47,5,23757.87,2,1,0,179.15,0
15009858,Cust09858,743,Spain,Male,42,1,161820.59,1,1,0,22.96,0
15009859,Cust09859,625,Spain,Female,44,4,36460.62,2,0,1,189.47,0
15009860,Cust09860,649,France,Female,42,6,0.0,2,1,1,72.23,1
15009861,Cust09861,832,Spain,Male,29,10,150351.99,1,0,1,119.43,0
15009862,Cust09862,707,Germany,Female,31,0,126252.37,4,1,1,157.96,0
15009863,Cust09863,731,France,Female,29,7,30116.96,2,0,1,27.64,0
15009864,Cust09864,798,France,Female,40,9,104023.23,1,1,0,39.27,0
15009865,Cust09865,538,Germany,Female,42,7,136664.93,2,0,1,164.34,1
15009866,Cust09866,673,Germany,Female,31,4,49992.96,2,1,0,183.47,0
15009867,Cust09867,754,France,Male,33,2,131127.68,1,1,1,67.37,0
15009868,Cust09868,637,France,Male,59,5,53969.37,2,0,0,112.73,0
15009869,Cust09869,431,France,Male,51,2,80139.58,2,0,1,143.94,0
15009870,Cust09870,494,France,Female,37,9,101905.03,2,1,1,61.32,0
15009871,Cust09871,682,France,Male,33,8,52305.73,2,1,1,12.96,0
15009872,Cust09872,583,Germany,Male,44,0,0.0,2,1,1,159.46,0
15009873,Cust09873,701,Germany,Male,30,10,62572.3,1,1,0,130.79,1
15009874,Cust09874,556,France,Female,30,10,75823.04,1,1,1,46.91,1
15009875,Cust09875,687,Spain,Female,53,2,163899.05,2,0,1,47.5,1
15009876,Cust09876,571,Spain,Male,45,6,127003.65,1,0,1,67.82,0
15009877,Cust09877,582,France,Male,30,5,104329.07,3,1,0,77.0,1
15009878,Cust09878,736,Germany,Female,27,8,31356.0,3,0,1,65.35,0
15009879,Cust09879,564,France,Male,18,4,102876.03,1,0,0,47.47,0
15009880,Cust09880,745,France,Male,40,7,25450.8,2,1,0,155.85,0
15009881,Cust09881,521,Spain,Female,43,3,45425.59,2,1,0,73.29,0
15009882,Cust09882,587,France,Male,37,4,57487.5,1,1,1,138.02,0
15009883,Cust09883,662,Spain,Male,40,9,100086.25,2,0,0,54.89,0
15009884,Cust09884,850,France,Male,43,5,0.0,2,1,1,42.76,0
15009885,Cust09885,704,Spain,Male,32,7,141054.16,2,0,0,176.37,0
15009886,Cust09886,695,France,Female,49,8,79016.12,2,0,0,59.88,1
15009887,Cust09887,617,Germany,Male,37,10,84062.67,3,0,0,196.86,0
15009888,Cust09888,582,France,Male,22,9,49966.87,1,0,0,29.45,0
15009889,Cust09889,570,Spain,Female,39,5,98529.99,4,0,0,70.47,1
15009890,Cust09890,534,Germany,Male,46,5,149346.19,2,1,1,199.36,1
15009891,Cust09891,520,France,Female,34,7,96966.83,2,0,0,126.11,0
15009892,Cust09892,741,Germany,Male,30,3,91798.71,2,0,0,13.22,0
15009893,Cust09893,560,Germany,Female,50,6,101572.08,2,1,1,107.28,0
15009894,Cust09894,694,Spain,Male,33,3,0.0,1,1,0,118.81,0
15009895,Cust09895,719,Spain,Male,24,8,203807.87,1,1,0,163.25,0
15009896,Cust09896,746,Germany,Female,39,7,79302.36,2,0,0,108.9,0
15009897,Cust09897,490,France,Male,18,9,131065.17,2,1,0,86.63,0
15009898,Cust09898,714,France,Male,44,3,230044.02,1,0,0,92.72,0
15009899,Cust09899,677,France,Female,33,3,149708.5,1,0,0,138.86,0
15009900,Cust09900,484,France,Female,41,4,143552.65,1,0,0,59.05,0
15009901,Cust09901,646,Spain,Male,40,2,94486.89,2,1,1,121.37,0
15009902,Cust09902,680,Spain,Female,41,1,75827.3,2,1,0,170.22,0
15009903,Cust09903,604,Germany,Female,36,10,0.0,1,1,0,172.38,0
15009904,Cust09904,766,France,Male,48,1,0.0,1,0,0,19.94,0
15009905,Cust09905,690,Spain,Male,47,9,0.0,3,0,0,30.18,1
15009906,Cust09906,695,Spain,Male,44,1,4399.26,2,1,0,84.41,0
15009907,Cust09907,545,Spain,Female,32,3,101428.8,1,0,1,14.35,0
15009908,Cust09908,560,France,Male,40,8,0.0,1,1,1,158.5,0
15009909,Cust09909,663,Germany,Female,26,3,0.0,1,1,1,67.1,0
15009910,Cust09910,699,France,Female,41,3,97944.35,1,1,1,191.67,0
15009911,Cust09911,700,France,Female,46,4,101229.15,2,1,0,140.3,1
15009912,Cust09912,686,Spain,Male,25,10,76490.94,2,1,0,108.34,0
15009913,Cust09913,745,Spain,Male,36,10,79031.54,1,1,1,15.45,0
15009914,Cust09914,565,France,Female,41,1,120287.24,2,0,0,71.42,0
15009915,Cust09915,761,France,Female,27,6,103785.51,2,1,1,48.0,0
15009916,Cust09916,557,France,Male,29,0,182447.64,1,1,1,18.42,0
15009917,Cust09917,635,Germany,Female,21,6,27411.01,2,1,0,133.68,0
15009918,Cust09918,758,France,Female,47,1,90641.7,1,0,1,136.5,0
15009919,Cust09919,481,France,Male,30,0,119630.9,2,1,1,118.55,0
15009920,Cust09920,776,Spain,Female,30,1,127448.7,2,0,0,159.74,0
15009921,Cust09921,679,Germany,Male,23,7,38807.57,1,1,1,108.5,0
15009922,Cust09922,699,France,Male,51,9,131272.31,1,0,0,194.36,0
15009923,Cust09923,578,France,Female,39,9,0.0,2,0,0,161.63,0
15009924,Cust09924,668,France,Male,50,6,108091.11,1,1,1,72.31,0
15009925,Cust09925,557,France,Male,18,0,25034.65,2,0,1,180.1,0
15009926,Cust09926,777,Spain,Female,55,8,21480.17,3,1,0,21.83,0
15009927,Cust09927,623,Germany,Male,39,3,34603.33,1,0,0,72.05,1
15009928,Cust09928,629,Germany,Female,18,5,51229.69,2,1,0,146.6,0
15009929,Cust09929,660,Germany,Male,31,10,69365.35,2,1,0,142.78,0
15009930,Cust09930,586,Germany,Female,41,2,41716.52,2,0,0,63.05,1
15009931,Cust09931,591,Germany,Female,30,0,10746.76,2,1,1,29.4,1
15009932,Cust09932,473,France,Female,39,1,31174.67,2,1,1,162.96,1
15009933,Cust09933,615,France,Female,26,0,48206.27,1,0,0,32.19,0
15009934,Cust09934,648,Germany,Female,48,3,41805.34,2,0,0,52.32,0
15009935,Cust09935,766,Spain,Female,21,9,111967.03,2,0,0,124.06,1
15009936,Cust09936,645,France,Male,42,0,110115.74,3,1,1,54.45,0
15009937,Cust09937,727,Spain,Female,39,6,118348.72,2,0,1,60.88,0
15009938,Cust09938,797,France,Female,49,7,130695.26,4,0,0,122.3,1
15009939,Cust09939,502,Spain,Male,18,4,112933.96,1,0,1,19.45,0
15009940,Cust09940,601,Germany,Female,44,3,6211.18,1,0,0,16.32,0
15009941,Cust09941,633,Germany,Male,47,1,10300.55,1,1,0,192.28,1
15009942,Cust09942,704,France,Male,22,7,63852.3,1,0,0,198.39,0
15009943,Cust09943,453,Spain,Male,25,3,27632.76,1,1,0,40.37,0
15009944,Cust09944,565,France,Female,32,10,124752.44,1,0,1,151.77,1
15009945,Cust09945,555,France,Male,45,7,0.0,1,1,0,131.66,0
15009946,Cust09946,503,France,Female,43,7,104383.76,2,0,1,64.43,0
15009947,Cust09947,771,Germany,Male,38,9,25929.52,1,1,1,27.53,0
15009948,Cust09948,507,France,Female,25,3,124393.7,1,0,0,88.97,0
15009949,Cust09949,681,France,Female,28,0,129161.84,4,1,0,67.59,1
15009950,Cust09950,675,France,Male,39,7,119313.5,1,1,1,51.42,1
15009951,Cust09951,641,France,Female,18,2,51001.74,2,0,1,137.04,0
15009952,Cust09952,598,France,Male,34,8,37377.49,1,1,1,59.76,0
15009953,Cust09953,818,Spain,Female,32,2,67776.76,1,1,1,146.87,0
15009954,Cust09954,553,Germany,Female,41,10,46193.15,2,0,0,133.45,1
15009955,Cust09955,618,Germany,Male,46,9,74994.92,1,1,0,182.42,1
15009956,Cust09956,633,Spain,Female,42,8,116211.78,1,1,0,148.91,0
15009957,Cust09957,730,France,Male,32,6,53261.14,1,1,1,170.21,1
15009958,Cust09958,720,France,Male,44,3,97130.62,1,1,0,40.85,0
15009959,Cust09959,550,Spain,Male,48,10,188295.73,3,0,1,155.56,1
15009960,Cust09960,694,France,Female,35,10,35669.96,4,1,1,112.92,0
15009961,Cust09961,606,France,Male,45,3,12991.39,3,0,0,61.96,0
15009962,Cust09962,613,France,Male,27,8,0.0,1,0,1,91.97,0
15009963,Cust09963,654,Spain,Male,40,7,116646.31,2,0,1,78.94,0
15009964,Cust09964,718,Germany,Male,18,9,138544.46,2,1,1,17.36,1
15009965,Cust09965,531,Germany,Male,33,6,98329.63,1,0,0,112.43,0
15009966,Cust09966,618,France,Male,37,0,28845.6,1,1,0,146.83,1
15009967,Cust09967,745,France,Female,20,10,61738.74,1,0,1,190.59,0
15009968,Cust09968,532,Germany,Female,18,0,0.0,2,0,0,190.24,0
15009969,Cust09969,657,France,Female,31,10,116442.07,1,0,1,73.88,0
15009970,Cust09970,717,Spain,Male,47,10,152875.0,1,0,1,116.15,1
15009971,Cust09971,541,France,Female,43,10,99905.71,1,0,0,89.52,0
15009972,Cust09972,662,France,Male,32,2,62227.52,2,0,0,20.25,0
15009973,Cust09973,655,France,Male,36,2,92881.16,1,0,0,161.11,0
15009974,Cust09974,632,France,Male,30,3,79852.53,1,1,1,76.98,0
15009975,Cust09975,630,France,Female,48,10,11176.93,2,1,1,175.67,0
15009976,Cust09976,643,Germany,Male,31,0,4511.51,2,0,0,94.18,0
15009977,Cust09977,565,Germany,Female,35,10,74867.5,2,0,1,56.25,0
15009978,Cust09978,578,France,Female,34,5,115545.76,1,0,1,164.85,0
15009979,Cust09979,568,France,Male,18,5,0.0,2,1,1,132.94,0
15009980,Cust09980,628,France,Male,18,10,98771.04,1,0,0,92.26,1
15009981,Cust09981,631,Germany,Male,34,3,0.0,1,1,1,108.99,1
15009982,Cust09982,670,France,Male,45,3,155786.06,1,1,0,155.4,0
15009983,Cust09983,680,Germany,Male,39,6,133816.41,1,1,1,66.57,0
15009984,Cust09984,755,France,Female,29,10,96801.34,3,1,0,64.0,1
15009985,Cust09985,652,Germany,Male,40,3,144388.62,1,0,1,156.86,0
15009986,Cust09986,850,France,Female,18,3,121158.04,1,0,1,14.67,0
15009987,Cust09987,778,Spain,Female,47,2,132689.46,2,1,0,129.62,1
15009988,Cust09988,784,Spain,Male,37,0,0.0,2,1,1,98.9,1
15009989,Cust09989,709,Germany,Male,28,2,128940.82,2,1,0,146.96,0
15009990,Cust09990,592,Germany,Female,28,5,128405.22,1,1,1,66.5,0
15009991,Cust09991,603,Spain,Male,44,7,134740.82,1,0,0,185.62,1
15009992,Cust09992,533,Spain,Female,30,4,9579.11,1,0,0,66.57,1
15009993,Cust09993,522,France,Male,26,3,133336.87,1,0,0,65.04,0
15009994,Cust09994,606,Germany,Male,41,4,129414.87,2,0,1,79.96,0
15009995,Cust09995,641,France,Male,21,9,86550.23,1,0,1,47.56,0
15009996,Cust09996,608,France,Male,37,0,153130.94,1,1,1,84.16,0
15009997,Cust09997,792,France,Male,30,5,72817.82,1,0,0,185.01,0
15009998,Cust09998,679,France,Female,25,2,52321.74,1,0,1,137.16,0
15009999,Cust09999,813,France,Female,54,3,170673.93,2,0,0,11.11,1
15010000,Cust10000,738,Germany,Female,31,2,102238.75,3,1,0,46.3,1
